question_id,question_text,is_multi_answer,choice_1_text,choice_1_is_correct,choice_2_text,choice_2_is_correct,choice_3_text,choice_3_is_correct,choice_4_text,choice_4_is_correct,choice_5_text,choice_5_is_correct,choice_6_text,choice_6_is_correct,explanation,reference_links,tags,last_reviewed
DOP-C02-Q001,【2025/11/21更新】ある企業には、Application Load Balancer (ALB) への HTTP API 呼び出しを行うモバイルアプリケーションがあります。ALB はリクエストを AWS Lambda 関数にルーティングします。特定の時点では、一部のユーザーによってテストされているバージョンも含め、アプリケーションのさまざまなバージョンが使用されています。アプリケーションのバージョンは、API へのすべてのリクエストと共に送信されるユーザーエージェントヘッダーで定義されます。 最近 API に一連の変更が加えられた後、企業はアプリケーションに問題があることを確認しました。企業は、使用中のアプリケーションのバージョンごとに、レスポンスコードによって各 API 操作のメトリクスを収集する必要があります。DevOps エンジニアは、ユーザーエージェントヘッダーとレスポンスコードから API 操作名、バージョン情報を抽出するために Lambda 関数を変更しました。必要 なメトリクスを収集するために、DevOps エンジニアはどのような追加のアクションセットを実行する必要がありますか?,FALSE,Lambda 関数を変更し、API オペレーション名、レスポンスコード、バージョン番号を Amazon CloudWatch Logs ロググループにログ行として書き込むようにします。API オペレーション名ごとにメトリクスを増分する CloudWatch Logs メトリクスフィルターを設定します。メトリクスのディメンションとして、レスポンスコードとアプリケーションバージョンを指定します。,TRUE,Lambda 関数を変更し、API オペレーション名、レスポンスコード、バージョン番号を Amazon CloudWatch Logs ロググループにログ行として書き込むようにします。ログ行から CloudWatch メトリクスを入力するように CloudWatch Logs Insights クエリを設定します。メトリクスのディメンションとして、レスポンスコードとアプリケーションバージョンを指定します。,FALSE,ALB アクセスログを Amazon CloudWatch Logs ロググループに書き込むように設定します。Lambda 関数を変更し、API オペレーション名、レスポンスコード、バージョン番号をレスポンスメタデータとして ALB に応答します。API オペレーション名ごとにメトリクスを増分する CloudWatch Logs メトリクスフィルターを設定します。メトリクスのディメンションとして、レスポンスコードとアプリケーションバージョンを指定します。,FALSE,Lambda関数にAWS X-Rayの統合を設定します。Lambda関数を変更し、APIオペレーション名、レスポンスコード、バージョン番号を含むX-Rayサブセグメントを作成します。X-Ray Insightsを設定して、APIオペレーション名ごとに集計されたメトリクスを抽出し、Amazon CloudWatchに公開します。メトリクスのディメンションとして、レスポンスコードとアプリケーションバージョンを指定します。,FALSE,,,,,"A が正解です。
目的は「API操作名 × レスポンスコード × アプリのバージョン」でメトリクスを切ること。
Lambdaでそれらをログに出し、CloudWatch Logs のメトリクスフィルターで抽出 → 指定した**ディメンション（レスポンスコードとバージョン）**付きでメトリクス化するのが定石。
他が不適な理由:
B: Logs Insights はクエリ用で、継続的なメトリクス発行の仕組みではない（定期クエリでの恒常的メトリクス化は想定外）。
C: ALB アクセスログは通常 S3 で、CloudWatch Logs 直書き前提は不適。またレスポンスメタデータを ALB に戻してもログに都合よく出ない。
D: X-Ray/Insights はトレースと異常検知が主眼で、ここで求める任意ディメンション付きメトリクス集計の手段としては不適。",,,2025-11-21
DOP-C02-Q002,ある企業が顧客にアプリケーションを提供しています。このアプリケーションには、AWS Lambda 関数を呼び出す Amazon API Gateway REST API があります。初期化時に、Lambda 関数は Amazon DynamoDB テーブルから大量のデータをロードします。データロードプロセスにより、8～10 秒の長いコールドスタート時間が発生します。DynamoDB テーブルには DynamoDB Accelerator (DAX) が設定されています。 顧客から、アプリケーションがリクエストに応答するのに断続的に長い時間がかかるとの報告があります。アプリケーションは 1 日を通して何千ものリクエストを受け取ります。日中には、アプリケーションは 1 日の他のどの時間帯よりも 10 倍多くのリクエストを経験します。1 日の終わり近くには、アプリケーションのリクエスト量は通常の合計の 10% に減少します。DevOps エンジニアは、1 日中いつでも Lambda 関数のレイテンシーを削減する必要があります。 どのソリューションがこれらの要件を満たすでしょうか。,FALSE,同時実行値を 1 にして、Lambda 関数でプロビジョニングされた同時実行を設定します。DynamoDB テーブルの DAX クラスターを削除します。,FALSE,同時実行値を 0 にして、Lambda 関数で予約された同時実行を設定します。,FALSE,Lambda関数でプロビジョニングされた同時実行性を設定します。Lambda関数でAWS Application Auto Scalingを設定し、プロビジョニングされた同時実行性の値を最小1、最大100に設定します。,TRUE,Lambda関数で予約同時実行数を設定します。API Gateway APIでAWS Application Auto Scalingを設定し、予約同時実行数の最大値を100に設定します。,FALSE,,,,,"C が正解です。
コールドスタートによるレイテンシを恒常的に抑えるには Provisioned Concurrency（プロビジョンド同時実行） が適切。関数の初期化を事前完了させ、呼び出し時の初期化待ちをなくします。
さらに Application Auto Scaling でプロビジョンド同時実行数を時間帯に合わせてスケール（最小1〜最大100など）すれば、日中の高負荷でもコールドスタートを回避しつつ、深夜帯は過剰プロビジョニングを抑制できます。
他の選択肢が不適な理由:
A: プロビジョンド同時実行=1はピーク時に不足。DAX削除は無関係かつ逆効果の可能性。
B: 予約同時実行=0は呼び出し不可。
D: 予約同時実行は上限制御であり、ウォーム保持ではない。API Gateway側のスケーリング設定はLambdaのコールドスタート解消に直結しません。",,,2025-11-21
DOP-C02-Q003,ある企業は、Java-Apache TomcatアプリケーションとApache Webサーバーを連携させ、AWS CodeDeployを導入してアプリケーションのデプロイを自動化しています。開発チームは概念実証（PoC）から始め、開発環境用のデプロイメントグループを作成し、アプリケーション内で機能テストを実施しました。テスト完了後、チームはステージング環境と本番環境用のデプロイメントグループを追加作成する予定です。 現在のログレベルはApache設定内で設定されていますが、チームはデプロイメント時にこの設定を動的に変更したいと考えています。これにより、デプロイメントグループごとに異なるアプリケーションリビジョンを設定することなく、デプロイメントグループに応じて異なるログレベル設定が可能になります。 これらの要件を、最小限の管理オーバーヘッドで、かつデプロイメントグループごとに異なるスクリプトバージョンを必要とせずに満たすにはどうすればよいでしょうか？,FALSE,デプロイメントグループに応じて Amazon EC2 インスタンスにタグを付けます。次に、メタデータサービスと EC2 API を呼び出してインスタンスが属するデプロイメントグループを識別するスクリプトをアプリケーションリビジョンに配置します。この情報を使用してログレベルの設定を構成します。appspec.yml ファイルの AfterInstall ライフサイクルフックの一部としてスクリプトを参照します。,FALSE,CodeDeploy 環境変数 DEPLOYMENT_GROUP_ NAME を使用して、インスタンスが属するデプロイメントグループを識別するスクリプトを作成します。この情報を使用して、ログレベルの設定を構成します。このスクリプトは、appspec.yml ファイルの BeforeInstall ライフサイクルフックの一部として参照されます。,TRUE,各環境ごとにCodeDeployカスタム環境変数を作成します。次に、この環境変数をチェックしてインスタンスが属するデプロイメントグループを識別するスクリプトをアプリケーションのリビジョンに配置します。この情報を使用して、ログレベルの設定を行います。このスクリプトは、appspec.ymlファイルのValidateServiceライフサイクルフックの一部として参照されます。,FALSE,CodeDeploy 環境変数 DEPLOYMENT_GROUP_ID を使用してインスタンスが属するデプロイメントグループを識別し、ログレベル設定を行うスクリプトを作成します。このスクリプトを appspec.yml ファイルのインストールライフサイクルフックの一部として参照します。,FALSE,,,,,"B が正解です。
CodeDeploy はフック実行時に DEPLOYMENT_GROUP_NAME などの環境変数を自動で渡します。
共通スクリプト内でこの値を参照して、デプロイ先（dev/stg/prod 等）に応じたログレベルを設定すれば、同一リビジョン・同一スクリプトで環境差分を吸収できます。
フックは BeforeInstall（設定変更→その後のインストール/再起動前）で妥当です。
他選択肢:
A: インスタンスタグやIMDS/EC2 API参照は運用オーバーヘッド増。
C: 環境ごとにカスタム環境変数を個別管理するのは手間。ValidateService での変更も遅い。
D: DEPLOYMENT_GROUP_ID でも可能だが可読性が低く、名前の方が運用しやすい。",,,2025-11-21
DOP-C02-Q004,ある企業では、開発者に対し、アカウント内のすべての Amazon Elastic Block Store (Amazon EBS) ボリュームにタグを付け、必要なバックアップ頻度を示すことを義務付けています。この要件には、バックアップが不要な EBS ボリュームも含まれます。同社は、必要なバックアップ頻度に対応する値（none、dally、weekly）を持つ Backup_Frequency というカスタムタグを使用しています。監査の結果、開発者が EBS ボリュームにタグを付けていないことが時々 あることが判明しました。DevOps エンジニアは、異なる値が指定されない限り、少なくとも週に 1 回はバックアップを実行できるように、すべての EBS ボリュームに常に Backup_Frequency タグが付いていることを確認する必要があります。 これらの要件を満たすソリューションはどれでしょうか？,FALSE,アカウントでAWS Configを設定します。バックアップ頻度タグが適用されていないすべてのAmazon EC2リソースに対してコンプライアンス違反を返すカスタムルールを作成します。カスタムAWS Systems Manager Automation Runbookを使用して、毎週の値を設定したBackup_Frequencyタグを適用する修復アクションを設定します。,FALSE,アカウントでAWS Configを設定します。バックアップ頻度タグが適用されていないEC2::Volumeリソースに対してコンプライアンス違反を返すマネージドルールを使用します。カスタムAWS Systems Manager Automation Runbookを使用して、毎週の値を設定したBackup_Frequencyタグを適用する修復アクションを設定します。,TRUE,アカウントでAWS CloudTrailを有効にします。EBS CreateVolumeイベントに反応するAmazon EventBridgeルールを作成します。AWS Systems Manager AutomationのカスタムRunbookを設定し、Backup_Frequencyタグにweeklyの値を適用します。このRunbookをルールのターゲットとして指定します。,FALSE,アカウントでAWS CloudTrailを有効にします。EBS CreateVolumeイベントまたはEBS ModifyVolumeイベントに反応するAmazon EventBridgeルールを作成します。AWS Systems Manager AutomationのカスタムRunbookを設定し、Backup_Frequencyタグにweeklyの値を適用します。このRunbookをルールのターゲットとして指定します。,FALSE,,,,,"B が正解です。
**AWS Config のマネージドルール（required-tags）**を使えば、対象を EC2::Volume に限定して Backup_Frequency タグの有無を継続的に評価できます（既存・新規どちらも網羅、後からタグを消されても検知）。
さらに SSM Automation の修復アクションを関連付けて、非準拠（タグなし）検出時に Backup_Frequency=weekly を自動付与すれば、「デフォルトは週1」を担保できます。
C/D はイベント発火時のみ（作成・変更時）で、既存の未タグ付けや後からタグ削除の検出・是正を漏らしがち。A はカスタムルール作成が不要で、B の方が運用負荷が低いです。",,,2025-11-21
DOP-C02-Q005,ある企業は、アプリケーションのデータストアとしてAmazon Auroraクラスターを使用しています。Auroraクラスターは単一のDBインスタンスで構成されています。アプリケーションは、クラスターのインスタンスエンドポイントを使用して、データベースへの読み取りおよび書き込み操作を実行します。 同社は、今後のメンテナンス期間中にクラスターに更新を適用するようにスケジュールを設定しました。メンテナンス期間中は、クラスターの中断を最小限に抑え、可用性を維持する必要があります。DevOps エンジニアはこれらの要件を満たすために何をすべきでしょうか？,FALSE,Aurora クラスターにリーダーインスタンスを追加します。書き込み操作には Aurora クラスターのエンドポイントを使用するようにアプリケーションを更新します。読み取り操作には Aurora クラスターのリーダーエンドポイントを更新します。,TRUE,Aurora クラスターにリーダーインスタンスを追加します。クラスター用のカスタム ANY エンドポイントを作成します。読み取りおよび書き込み操作に Aurora クラスターのカスタム ANY エンドポイントを使用するようにアプリケーションを更新します,FALSE,Aurora クラスターのマルチ AZ オプションをオンにします。書き込み操作には Aurora クラスターのエンドポイントを使用するようにアプリケーションを更新します。読み取り操作には Aurora クラスターの読み取りエンドポイントを更新します。,FALSE,AuroraクラスターのマルチAZオプションをオンにします。クラスターのカスタムANYエンドポイントを作成します。アプリケーションを更新し、AuroraクラスターのカスタムANYエンドポイントを読み取りおよび書き込み操作に使用するようにします。,FALSE,,,,,"A が正解です。
メンテ中の中断を最小化するには、リードレプリカ（Reader インスタンス）を追加し、
書き込み＝クラスタ（Writer）エンドポイント、読み取り＝Reader エンドポイントに分けて接続します。
これでメンテやフェイルオーバー時に Reader を昇格でき、可用性とレイテンシの影響を最小化できます。

補足
Aurora は通常の RDS のような単純な「Multi-AZ トグル」ではなく、レプリカ追加で可用性を高めます（選択肢 C/D は不適切）。
「ANY カスタムエンドポイント」の概念も誤りで、カスタムエンドポイントは読取り用のインスタンス集合を指す用途です（B/D 不適）。",,,2025-11-21
DOP-C02-Q006,"ある企業は、アカウント間で共有するすべてのAMIを暗号化する必要があります。DevOpsエンジニアは、暗号化されていないカスタムAMIが構築されたソースアカウントにアクセスできます。また、Amazon EC2 Auto ScalingグループがAMIからEC2インスタンスを起動するターゲットアカウントにもアクセスできます。DevOpsエンジニアは、ターゲットアカウントとAMIを共有する必要があります。
企業はソースアカウントにAWS Key Management Service (AWS KMS)キーを作成しています。
要件を満たすために、DevOpsエンジニアが実行する必要がある追加手順はどれですか（3つ選択してください）。",TRUE,ソースアカウントで、暗号化されていないAMIを暗号化されたAMIにコピーします。コピーアクションでKMSキーを指定します。,TRUE,ソースアカウントで、暗号化されていない AMI を暗号化された AMI にコピーします。コピーアクションで、デフォルトの Amazon Elastic Block Store (Amazon EBS) 暗号化キーを指定します。,FALSE,ソースアカウントで、ターゲットアカウントの Auto Scaling グループのサービスにリンクされたロールに権限を委任する KMS 付与を作成します。,FALSE,ソースアカウントでキーポリシーを変更し、ターゲットアカウントに権限付与を作成する権限を付与します。ターゲットアカウントで、Auto Scaling グループのサービスにリンクされたロールに権限を委任する KMS 権限付与を作成します。,TRUE,ソース アカウントで、暗号化されていない AMI をターゲット アカウントと共有します。,FALSE,ソースアカウントで、暗号化された AMI をターゲットアカウントと共有します。,TRUE,解説なし,,,2025-11-21
DOP-C02-Q007,ある企業は、AWS CodePipeline パイプラインを使用してアプリケーションのリリースを自動化しています。典型的なパイプラインは、ビルド、テスト、デプロイメントの3つのステージで構成されています。同社はこれまで、各ステージのスクリプト実行に個別の AWS CodeBuild プロジェクトを使用していました。しかし、現在、パイプラインのデプロイメントステージを AWS CodeDeploy で処理したいと考えています。 同社はアプリケーションを RPM パッケージとしてパッケージ化しており、Amazon EC2 インスタンス群にデプロイする必要があります。EC2 インスタンスは EC2 Auto Scaling グループに属し、共通の AMI から起動されます。 これらの要件を満たすために、DevOps エンジニアはどのような手順の組み合わせを実行する必要がありますか？（2 つ選択してください。）,TRUE,CodeDeployエージェントをインストールした共通AMIの新しいバージョンを作成します。EC2インスタンスのIAMロールを更新して、CodeDeployへのアクセスを許可します。,TRUE,CodeDeployエージェントをインストールした共通AMIの新しいバージョンを作成します。アプリケーションのデプロイスクリプトを含み、CodeDeployへのアクセスを許可するAppSpecファイルを作成します。,FALSE,CodeDeploy でアプリケーションを作成します。インプレースデプロイタイプを設定します。デプロイ先として Auto Scaling グループを指定します。CodePipeline パイプラインに、EC2 Image Builder を使用して新しい AMI を作成するステップを追加します。作成した AMI をデプロイするように CodeDeploy を設定します。,FALSE,CodeDeploy でアプリケーションを作成します。インプレースデプロイタイプを設定します。デプロイ先として Auto Scaling グループを指定します。CodePipeline パイプラインを更新し、CodeDeploy アクションを使用してアプリケーションをデプロイします。,TRUE,CodeDeploy でアプリケーションを作成します。インプレースデプロイタイプを設定します。共通 AMI から起動された EC2 インスタンスをデプロイ先として指定します。CodePipeline パイプラインを更新し、CodeDeploy アクションを使用してアプリケーションをデプロイします。,FALSE,,,"正解：A・D
A：CodeDeploy を使うには、各 EC2 に CodeDeploy エージェントが必要。共通 AMI に組み込んでおくのが確実。さらに EC2 インスタンスの IAM ロールに CodeDeploy へのアクセス権限を付与するのも必須。
D：CodeDeploy で アプリケーション／デプロイグループ（ターゲット＝Auto Scaling グループ、デプロイタイプ＝In-place） を作成し、CodePipeline のデプロイ段を CodeDeploy アクションに置き換える。これでビルド成果物（RPM＋appspec.yml＋フックスクリプト）を各インスタンスへ展開できる。
不正解の要点
B：appspec.yml はアーティファクト側に置く設定で、アクセス許可は定義できない。AMI 作成の重複も不要。
C：本件は RPM の配布（アプリの in-place デプロイ） が要件で、AMI 作成や AMI デプロイは不要。
E：「共通 AMI から起動されたインスタンス」を直接指定は不可。CodeDeploy のターゲットは ASG かタグ。",,,2025-11-21
DOP-C02-Q008,ある企業のセキュリティチームは、すべての外部アプリケーションロードバランサー（ALB）とAmazon API Gateway APIをAWS WAFウェブACLに関連付けることを義務付けています。この企業には数百のAWSアカウントがあり、それらはすべてAWS Organizations内の単一の組織に含まれています。この組織向けにAWS Configを設定しました。監査中に、AWS WAFウェブACLに関連付けられていない外部向けのALBがいくつか見つかりました。DevOps エンジニアは、将来の違反を防ぐために、どのような手順の組み合わせを実行する必要がありますか？（2つ選択してください。）,TRUE,AWS Firewall Manager をセキュリティアカウントに委任します,TRUE,Amazon GuardDuty をセキュリティ アカウントに委任します。,FALSE,新しく作成された ALB と API Gateway API に AWS WAF Web ACL をアタッチするための AWS Firewall Manager ポリシーを作成します。,TRUE,新しく作成された ALB と API Gateway API に AWS WAF Web ACL をアタッチするための Amazon GuardDuty ポリシーを作成します。,FALSE,AWS Config マネージドルールを設定して、新しく作成された ALB と API Gateway API に AWS WAF Web ACL をアタッチします。,FALSE,,,"✅ A：AWS Firewall Manager をセキュリティアカウントに委任
複数アカウント（Organizations全体）で AWS WAF の適用を一元管理するには、Firewall Manager を利用する必要があります。
Firewall Manager は 委任管理者アカウント（通常はセキュリティアカウント） を指定することで、組織全体に WAF ポリシーを適用できます。
✅ C：新しく作成された ALB と API Gateway API に WAF Web ACL を自動アタッチする Firewall Manager ポリシーを作成
Firewall Manager ポリシーを使うと、新規に作成される ALB や API Gateway に自動的に WAF WebACL を関連付けることができます。
これにより、今後作成される外部リソースにも常に WAF が適用され、将来の違反を防止できます。
❌ 不正解の理由
B	GuardDuty は脅威検知サービスであり、WAF や ALB へのポリシー適用機能はない。
D	GuardDuty に「WAF ポリシー」を作成する仕組みは存在しない。
E	AWS Config は準拠状況の検知には使えるが、自動的に WAF を適用する修復アクションは提供していない。Config 単体では「防止」ではなく「検出」に留まる。",,,2025-11-21
DOP-C02-Q009,ある企業は、規制コンプライアンス要件を満たすために、AWS Key Management Service (AWS KMS) のキーと手動キーローテーションを使用しています。セキュリティチームは、90日経過してもキーがローテーションされていない場合に通知を受け取りたいと考えています。 これを実現するソリューションはどれでしょうか？,FALSE,キーの有効期限が 90 日を超えた場合に、Amazon Simple Notification Service (Amazon SNS) トピックに公開するように AWS KMS を設定します。,FALSE,Amazon EventBridge イベントを設定して、AWS Lambda 関数を起動し、AWS Trusted Advisor API を呼び出して Amazon Simple Notification Service (Amazon SNS) トピックに公開します。,FALSE,キーの有効期限が 90 日を超えた場合に Amazon Simple Notification Service (Amazon SNS) トピックに発行する AWS Config カスタムルールを開発します。,TRUE,キーの有効期限が 90 日を超えた場合に、Amazon Simple Notification Service (Amazon SNS) トピックに公開するように AWS Security Hub を設定します。,FALSE,,,,,"✅ 正解：C
C：
AWS Config のカスタムルールを作成し、KMS キーの最終ローテーション日から 90 日を超えている場合に SNS 通知を発行する。
これにより、手動ローテーション忘れを自動検知できる。
A： KMS にはキー有効期限や期限超過通知の機能はない。
B： Trusted Advisor は KMS のローテーションを監視しない。
D： Security Hub ではキー経過日数のチェック機能はない。",,,2025-11-21
DOP-C02-Q010,"セキュリティレビューの結果、AWS CodeBuild プロジェクトが認証されていないリクエストを使用して Amazon S3 バケットからデータベースへのデータ投入スクリプトをダウンロードしていることが確認されました。セキュリティチームは、このプロジェクトに対して S3 バケットへの認証されていないリクエストを許可していません。
この問題を最も安全な方法で修正するにはどうすればよいでしょうか？",FALSE,CodeBuildプロジェクト設定のAllowedBucketsセクションにバケット名を追加します。AWS CLIを使用してデータベースポピュレーションスクリプトをダウンロードするようにビルドスペックを更新します。,FALSE,S3バケットの設定を変更し、HTTPSベーシック認証を有効にしてトークンを指定します。ビルドスペックを更新し、cURLを使用してトークンを渡し、データベースへのデータ投入スクリプトをダウンロードします。,FALSE,バケットポリシーを使用して、S3バケットへの認証されていないアクセスを削除します。CodeBuildプロジェクトのサービスロールを変更し、Amazon S3へのアクセスを許可します。AWS CLIを使用して、データベースへのデータ投入スクリプトをダウンロードします。,TRUE,バケットポリシーを使用して、S3バケットへの認証されていないアクセスを削除します。AWS CLIを使用して、IAMアクセスキーとシークレットアクセスキーを使用してデータベースへのデータ投入スクリプトをダウンロードします。,FALSE,,,,,"✅ 正解：C
C：
S3 バケットポリシーで 匿名アクセスを禁止し、
CodeBuild プロジェクトの サービスロールに S3 へのアクセス権限を付与する。
その上で、ビルド内では AWS CLI を使用して認証付きでダウンロードする。
→ 認証済み・ロールベースで最も安全。
A： AllowedBuckets はアクセス制御ではなく、IAM 設定が必要。匿名アクセスのままでは安全でない。
B： S3 はベーシック認証をサポートしておらず、不適切。
D： アクセスキーの埋め込みはセキュリティリスクが高く、ベストプラクティス違反。",,,2025-11-21
DOP-C02-Q011,"あるeコマース企業が、新しいプラットフォームのホスティングにAWSを選択しました。同社のDevOpsチームは、AWS Control Towerランディングゾーンの構築を開始しました。DevOpsチームは、AWS IAM Identity Center（AW​​S Single Sign-On）内のアイデンティティストアを外部IDプロバイダー（IdP）に設定し、SAML 2.0を設定しました。DevOps
チームは、最小権限の原則を適用した堅牢な権限モデルを求めています。このモデルでは、チームが独自のリソースのみを構築および管理できるようにする必要があります。
これらの要件を満たす手順の組み合わせはどれですか（3つ選択してください）。",TRUE,必要な権限を含むIAMポリシーを作成します。aws:PrincipalTag条件キーを含めます。,FALSE,権限セットを作成します。必要な権限を含むインラインポリシーをアタッチし、aws:PrincipalTag条件キーを使用して権限の範囲を指定します,TRUE,IdPでグループを作成し、ユーザーをグループに追加します。IAM Identity Centerで、アカウントと権限セットにグループを割り当てます。,TRUE,IdP でグループを作成し、ユーザーをグループに配置します。グループを OU と IAM ポリシーに割り当てます,FALSE,IAM Identity Centerでアクセス制御の属性を有効にします。ユーザーにタグを適用し、タグをキーと値のペアとしてマッピングします。,FALSE,IAM Identity Centerでアクセス制御の属性を有効にします。IdPからの属性をキーと値のペアとしてマッピングします。,TRUE,"✅ 正解：B・C・F
B： 権限セットに、aws:PrincipalTag を使った最小権限ポリシー（インライン）を付与する。
C： IdP でグループを作成→ユーザーを所属させ、IAM Identity Center でアカウント＋権限セットにそのグループを割り当てる。
F： IAM Identity Center で「アクセス制御の属性（ABAC）」を有効化し、外部 IdP から渡す属性をキー/値でマッピングして PrincipalTag に反映する。
不正解の要点
A： ポリシー単体作成だけでは不十分。権限セットに紐づけて ABAC として使うのが筋（B が包含）。
D： グループを OU や IAM ポリシーへ直接割り当てることは不可。
E： Identity Center 側で手動タグ付けも可能だが、本設問は 外部 IdP 連携（SAML） 前提のため、属性は IdP からマッピング（F） が適切。",,,2025-11-21
DOP-C02-Q012,あるeコマース企業は、注文履歴ページで注文処理状況の反映に遅延が発生しているという報告を受けています。この注文処理システムは、同時実行予約を使用するAWS Lambda関数で構成されています。Lambda関数は、Amazon Simple Queue Service (Amazon SQS) キューからの注文メッセージを処理し、処理済みの注文をAmazon DynamoDBテーブルに挿入します。DynamoDBテーブルでは、読み取りおよび書き込みキャパシティの自動スケーリングが有効になっています。 この遅延を解決するために、DevOpsエンジニアはどのような対策を講じるべきでしょうか？（2つ選択してください。）,TRUE,SQSキューの「approximateAgeOfOldestMessage」メトリクスを確認してください。Lambda関数の同時実行制限を増やしてください。,TRUE,SQS キューの approximateAgeOfOldestMessage メトリックを確認し、SQS キューに再ドライブ ポリシーを構成します。,FALSE,SQSキューのNumberOfMessagesSentメトリクスを確認します。SQSキューの可視性タイムアウトを長くします。,FALSE,DynamoDB テーブルの WriteThrottleEvents メトリクスを確認します。テーブルのスケーリングポリシーの最大書き込み容量単位 (WCU) を増やします。,TRUE,Lambda関数のThrottlesメトリクスを確認します。Lambda関数のタイムアウト値を増やします。,FALSE,,,"✅ 正解：A・D

A：
SQS の ApproximateAgeOfOldestMessage を確認し、古いメッセージが溜まっているなら Lambda の同時実行（予約同時実行）を増やす。
→ コンシューマ不足による処理遅延の解消。

D：
DynamoDB の WriteThrottleEvents を確認し、発生しているなら オートスケーリングの最大 WCU を引き上げる。
→ 書き込みスロットリングが遅延のボトルネックになっている可能性に対応。

NG 例

B：再ドライブ（DLQ）は失敗メッセージ対応で、遅延解消の主手段ではない。

C：可視性タイムアウトを延ばすのは再処理抑制には有効だが、遅延は改善しにくい。

E：タイムアウト延長は根本解決にならない（同時実行やDynamoDBスロットリングを先に確認）。",,,2025-11-21
DOP-C02-Q013,ある企業には、単一の AWS アカウントがあり、単一の AWS リージョンで数百の Amazon EC2 インスタンスを実行しています。アカウントでは、1 時間ごとに新しい EC2 インスタンスが起動および終了されます。アカウントには、1 週間以上実行されている既存の EC2 インスタンスも含まれます 。会社のセキュリティポリシーでは、実行中のすべての EC2 インスタンスで EC2 インスタンスプロファイルを使用する必要があります。EC2 インスタンスにインスタンスプロファイルがアタッチされていない場合、EC2 インスタンスは IAM 権限が割り当てられていないデフォルトのインスタンスプロファイルを使用する必要があります。DevOps エンジニアがアカウントを確認し、インスタンスプロファイルなしで実行されている EC2 インスタンスを検出しました。確認中に、DevOps エンジニアは、新しい EC2 インスタンスがインスタンスプロファイルなしで起動されていることも確認しました。 どのソリューションが、リージョン内の既存および将来のすべての EC2 インスタンスにインスタンスプロファイルがアタッチされることを保証しますか。,FALSE,EC2 RunInstances API 呼び出しに反応する Amazon EventBridge ルールを設定します。AWS Lambda 関数を呼び出して、デフォルトのインスタンスプロファイルを EC2 インスタンスにアタッチするようにルールを設定します。,FALSE,ec2-instance-profile-attached AWS Configマネージドルールを設定し、トリガータイプとして設定変更を指定します。AWS Systems Manager Automation Runbookを呼び出してデフォルトのインスタンスプロファイルをEC2インスタンスにアタッチする自動修復アクションを設定します。,TRUE,EC2 StartInstances API呼び出しに反応するAmazon EventBridgeルールを設定します。AWS Systems Manager Automation Runbookを呼び出して、デフォルトのインスタンスプロファイルをEC2インスタンスにアタッチするようにルールを設定します。,FALSE,iam-role-managed-policy-check AWS Configマネージドルールを設定し、トリガータイプを「設定変更」に設定します。AWS Lambda関数を呼び出してデフォルトのインスタンスプロファイルをEC2インスタンスにアタッチする自動修復アクションを設定します。,FALSE,,,,,"正解：B

B（ec2-instance-profile-attached ルール＋自動修復）
既存・将来のインスタンスを継続監視し、インスタンスプロファイル未付与を検出→SSM Automationでデフォルトのインスタンスプロファイルを自動アタッチできるため要件を満たします。

他が不適な理由

A：RunInstances イベントは新規起動時のみ。既存インスタンスは担保できない。

C：StartInstances は起動時のみ。起動中の既存や停止を伴わないケースを漏らす。

D：iam-role-managed-policy-check はEC2へのプロファイル付与可否を評価しない（IAMロールのポリシー構成のチェック用）。",,,2025-11-21
DOP-C02-Q014,DevOpsエンジニアが、AWS Lambda関数を使用するサーバーレスアプリケーションの継続的デプロイパイプラインを構築しています。この企業は、デプロイ失敗による顧客への影響を軽減したいと考えています。また、問題を監視したいと考えています。 これらの要件を満たすデプロイステージ構成はどれでしょうか？,FALSE,AWS Serverless Application Model (AWS SAM) テンプレートを使用してサーバーレスアプリケーションを定義します。AWS CodeDeploy を使用して、Canary10Percent15Minutes のデプロイ設定タイプで Lambda 関数をデプロイします。Amazon CloudWatch アラームを使用して、関数の健全性を監視します。,TRUE,AWS CloudFormation を使用して新しいスタック更新を公開し、すべてのリソースに Amazon CloudWatch アラームを設定します。開発者が AWS CloudFormation の変更セットを検証および承認できるように、AWS CodePipeline の承認アクションを設定します。,FALSE,AWS CloudFormation を使用して、スタックの更新ごとに新しいバージョンを公開し、すべてのリソースに Amazon CloudWatch アラームを設定します。AWS::Lambda::Alias リソースの RoutingConfig プロパティを使用して、スタックの更新中にトラフィックルーティングを更新します。,FALSE,AWS CodeBuild を使用して、Lambda 関数にテスト用のサンプルイベントペイロードを追加します。関数の新しいバージョンを公開し、Amazon CloudWatch アラームを追加します。本番環境のエイリアスを更新して、新しいバージョンを参照するようにします。アラームが ALARM 状態になったときにロールバックが実行されるように設定します。,FALSE,,,,,"✅ 正解：A

A：
SAMで定義し、CodeDeploy の Canary(10%/15分) で段階的リリース。
CloudWatch アラームと連携して自動監視・自動ロールバックが可能。
→ 失敗時の影響を最小化しつつ監視要件も満たす王道構成。

B： 手動承認は影響最小化にならず、段階リリース/自動ロールバックもない。
C： CloudFormation の RoutingConfig は重み付け変更はできるが、CodeDeployのような健全性監視に基づく自動ロールバックまで担保しにくい。
D： CodeBuildはリリース戦略を担わない。エイリアス更新＋アラームだけでは安全な段階リリース運用にならない。",,,2025-11-21
DOP-C02-Q015,アプリケーションを実行するために、DevOpsエンジニアはパブリックサブネット内のパブリックIPアドレスを持つAmazon EC2インスタンスを起動します。ユーザーデータスクリプトはアプリケーションのアーティファクトを取得し、起動時にインスタンスにインストールします。アプリケーションのセキュリティ分類が変更されたため、インスタンスはインターネットにアクセスできない状態で実行する必要があります。インスタンスは正常に起動し、正常と表示されますが、アプリケーションはインストールされていないようです。 新しいルールに準拠しながらアプリケーションを正常にインストールするには、次のどれが必要ですか？,FALSE,Elastic IP アドレスが割り当てられたパブリックサブネットでインスタンスを起動します。アプリケーションがインストールされ、実行されたら、スクリプトを実行して Elastic IP アドレスの関連付けを解除します。,FALSE,NATゲートウェイを設定します。EC2インスタンスをプライベートサブネットにデプロイします。プライベートサブネットのルートテーブルを更新し、NATゲートウェイをデフォルトルートとして使用します。,FALSE,アプリケーション成果物を Amazon S3 バケットに公開し、S3 用の VPC エンドポイントを作成します。EC2 インスタンスに IAM インスタンスプロファイルを割り当て、S3 バケットからアプリケーション成果物を読み取れるようにします。,TRUE,アプリケーションインスタンス用のセキュリティグループを作成し、アーティファクトリポジトリへのアウトバウンドトラフィックのみを許可します。インストールが完了したら、セキュリティグループのルールを削除します。,FALSE,,,,,"正解：C

C： アプリの成果物を S3 に置き、VPC エンドポイント（Gateway型 for S3）＋インスタンスロールで取得すれば、インターネットに出ずにユーザーデータからインストール可能。

A/B/D：いずれも一時的または恒常的にインターネット経由となり、セキュリティ要件（インターネット非接続）に反する。",,,2025-11-21
DOP-C02-Q016,開発チームは、AWS CodeCommit を使用してアプリケーションコードのバージョン管理を行い、AWS CodePipeline を使用してソフトウェアのデプロイをオーケストレーションしています。チームは、パイプラインによるコード変更の統合のトリガーとして、リモートのメインブランチを使用することを決定しました。開発者はコード変更をCodeCommitリポジトリにプッシュしましたが、10分経ってもパイプラインが反応しないことに気づきました。 この問題のトラブルシューティングを行うには、以下のどのアクションを実行する必要がありますか？,FALSE,メインブランチでパイプラインをトリガーするための Amazon EventBridge ルールが作成されていることを確認します。,TRUE,CodePipeline サービスロールに CodeCommit リポジトリにアクセスする権限があることを確認します。,FALSE,開発者の IAM ロールに CodeCommit リポジトリにプッシュする権限があることを確認します。,FALSE,Amazon CloudWatch Logs で CodeCommit エラーが原因でパイプラインの開始に失敗したかどうかを確認します。,FALSE,,,,,"✅ 正解：A
A：
CodePipeline は CodeCommit のブランチ更新イベントを Amazon EventBridge（旧CloudWatch Events）ルール 経由で受け取り、自動トリガーされます。
したがって、メインブランチの更新イベントをトリガーとする EventBridge ルールが存在・有効化されているかを確認するのが第一歩です。

B： サービスロール権限不足ならステージ実行時に失敗しますが、今回は「パイプラインが起動しない」＝トリガー問題。
C： 開発者がすでにプッシュできているため関係なし。
D： EventBridge ルールが存在しない場合はパイプラインがそもそも起動しないので、CloudWatch Logs にエラーは残らないケースが多い。",,,2025-11-21
DOP-C02-Q017,ある企業の開発者は、Amazon EC2 インスタンスをリモートワークステーションとして使用しています。この企業は、ユーザーが EC2 セキュリティグループを作成または変更して、無制限のインバウンドアクセスを許可する可能性があることを 懸念しています。DevOps エンジニアは、ユーザーが無制限のセキュリティグループルールを作成したことを検出するソリューションを開発する必要があります。このソリューションは、セキュリティグループルールの変更をほぼリアルタイムで検出し、無制限のルールを削除し、セキュリティチームにメール通知を送信する必要があります。DevOps エンジニアは、入力からセキュリティグループ ID を確認し、無制限のアクセスを許可するルールを削除し、Amazon Simple Notification Service (Amazon SNS) を介して通知を送信する AWS Lambda 関数を作成しました。DevOps エンジニアは、要件を満たすために次に何をすべきでしょうか？,FALSE,SNSトピックによって呼び出されるLambda関数を設定します。SNSトピック用のAWS CloudTrailサブスクリプションを作成します。セキュリティグループの変更イベント用のサブスクリプションフィルターを設定します。,FALSE,Lambda 関数を呼び出すための Amazon EventBridge のスケジュールルールを作成します。Lambda 関数を 1 時間ごとに実行するスケジュールパターンを定義します。,FALSE,デフォルトのイベントバスをソースとするAmazon EventBridgeイベントルールを作成します。EC2セキュリティグループの作成および変更イベントに一致するようにルールのイベントパターンを定義します。Lambda関数を呼び出すようにルールを設定します。,TRUE,すべての AWS サービスからのイベントをサブスクライブする Amazon EventBridge カスタムイベントバスを作成します。カスタムイベントバスによって呼び出される Lambda 関数を設定します。,FALSE,,,,,"✅ 正解：C

C：
EventBridge（デフォルトバス）に、EC2 セキュリティグループの作成/変更（AWS API Call via CloudTrail）イベントにマッチするルールを作成し、ターゲットを Lambda にする。
→ ほぼリアルタイムで検出し、そのまま Lambda が無制限ルールを削除＆SNS通知を実行できる。

A： CloudTrailをSNSへ直接サブスクライブは不可。通常は EventBridge（またはS3配信）。
B： 定期実行（1時間ごと）はリアルタイム要件を満たさない。
D： カスタムバスは不要。AWSサービスイベントはデフォルトバスで受け取れる。",,,2025-11-21
DOP-C02-Q018,DevOpsエンジニアは、ウェブサービスをデプロイするためのAWS CloudFormationテンプレートを作成しています。このウェブサービスは、Application Load Balancer (ALB) の背後にあるプライベートサブネット内のAmazon EC2インスタンス上で実行されます。DevOpsエンジニアは、このサービスがIPv6アドレスを持つクライアントからのリクエストを確実に受け入れられるようにする必要があります。IPv6 クライアントがウェブサービスにアクセスできるようにするには、DevOpsエンジニアはCloudFormationテンプレートをどのように活用すればよいでしょうか？,FALSE,PCとEC2インスタンスのプライベートサブネットにIPv6 CIDRブロックを追加します。IPv6ネットワークのルートテーブルエントリを作成し、IPv6をサポートするEC2インスタンスタイプを使用し、各EC2インスタンスにIPv6アドレスを割り当てます。,FALSE,各EC2インスタンスにIPv6 Elastic IPアドレスを割り当てます。ターゲットグループを作成し、EC2インスタンスをターゲットとして追加します。ALBのポート443にリスナーを作成し、ターゲットグループをALBに関連付けます。,FALSE,ALB をネットワークロードバランサー (NLB) に置き換えます。VPC と NLB のサブネットに IPv6 CIDR ブロックを追加し、NLB に IPv6 Elastic IP アドレスを割り当てます。,FALSE,VPCとALBのサブネットにIPv6 CIDRブロックを追加します。ポート443にリスナーを作成し、ALBでデュアルスタックIPアドレスタイプを指定します。ターゲットグループを作成し、EC2インスタンスをターゲットとして追加します。ターゲットグループをALBに関連付けます。,TRUE,,,,,"正解：D

ALB を デュアルスタックにして IPv6 を受け、バックエンド EC2 には従来どおり IPv4 で転送すればOK。
そのために CloudFormation では：

VPC と **ALB を置くサブネット（=公開サブネット）**に IPv6 CIDR を付与

ALB を internet-facing + ipAddressType: dualstack で作成

:443 リスナーとターゲットグループ（EC2 を登録）を関連付け

※ プライベートサブネット内の EC2 に IPv6 アドレスを割り当てる必要はありません（Aは過剰）。
※ IPv6 Elastic IP をインスタンスへは不要/不適（B）。NLB へ置き換える必要もありません（C）。",,,2025-11-21
DOP-C02-Q019,ある企業は、AWS OrganizationsとAWS Control Towerを使用して、社内のすべてのAWSアカウントを管理しています。この企業はエンタープライズサポートプランを利用しています。DevOps エンジニアは、Account Factory for Terraform（AFT）を使用して新規アカウントをプロビジョニングしています。新規アカウントをプロビジョニングした際、DevOpsエンジニアは、新規アカウントのサポートプランがベーシックサポートプランに設定されていることに気付きました。DevOpsエンジニアは、新規アカウントにエンタープライズサポートプランをプロビジョニングするためのソリューションを実装する必要があります。 これらの要件を満たすソリューションはどれでしょうか？,FALSE,AWS Config 適合パックを使用して、組織に属するアカウントの AWS Config ルールをデプロイし、準拠していないアカウントを自動的に修復します。,FALSE,AWS サポートがアカウントをエンタープライズサポートプランに追加するためのチケットを作成する AWS Lambda 関数を作成します。Lambda 関数に support:ResolveCase 権限を付与します。,FALSE,control_tower_parameters 入力に追加の値を追加して、AWSEnterpriseSupport パラメータを組織の管理アカウント番号として設定します。,FALSE,AFT デプロイメント入力設定で aft_feature_enterprise_support 機能フラグを True に設定します。AFT を再デプロイし、変更を適用します。,TRUE,,,,,"正解：D

AFT には新規アカウントを Enterprise Support に自動登録する機能フラグがあります。
aft_feature_enterprise_support = true を AFT デプロイ入力設定で有効化し、AFT を再デプロイすると、以後の新規アカウントがエンタープライズサポートにプロビジョニングされます。

他の選択肢が不適な理由

A：AWS Config はコンプライアンス検知・修復用で、サポートプランの変更は対象外。

B：Support API のケース起票でプラン変更は行えない上、support:ResolveCase も目的に合致しない。

C：control_tower_parameters に AWSEnterpriseSupport という有効なパラメータはない。",,,2025-11-21
DOP-C02-Q020,ある企業のDevOpsエンジニアは、メンテナンスウィンドウ中にAWS Systems Managerを使用してメンテナンスタスクを実行しています。この企業には、AWS Healthからの通知後に再起動が必要なAmazon EC2インスタンスがいくつかあります。DevOpsエンジニアは、これらの通知を修正するための自動化ソリューションを実装する必要があります。DevOpsエンジニアはAmazon EventBridgeルールを作成します。 これらの要件を満たすために、DevOpsエンジニアはEventBridgeルールをどのように設定すればよいでしょうか？,FALSE,EC2のサービスであるAWS Healthのイベントソースと、インスタンスのメンテナンスを示すイベントタイプを設定します。Systems Managerドキュメントをターゲットとして、EC2インスタンスを再起動します。,TRUE,Systems Managerのイベントソースと、メンテナンスウィンドウを示すイベントタイプを設定します。Systems ManagerドキュメントをターゲットとしてEC2インスタンスを再起動します。,FALSE,AWS Health のイベントソース、EC2 のサービス、およびインスタンスのメンテナンスを示すイベントタイプを設定します。メンテナンスウィンドウ中に EC2 インスタンスを再起動する自動化タスクを登録する、新しく作成した AWS Lambda 関数をターゲットとします。,FALSE,EC2のイベントソースと、インスタンスのメンテナンスを示すイベントタイプを設定します。メンテナンスウィンドウ中にEC2インスタンスを再起動する自動化タスクを登録する、新しく作成したAWS Lambda関数をターゲットとします。,FALSE,,,,,"正解：A

AWS Health をイベントソース（サービス：EC2、イベントタイプ：インスタンスのメンテナンス／要再起動系）にした EventBridge ルールを作成。

ルールのターゲットに Systems Manager ドキュメント（Automation/Run Command）を指定し、該当 EC2 インスタンスを再起動させる。

→ Health通知を受けてほぼリアルタイムに検知し、Lambda なしでそのまま SSM による自動修復を実行できます。
Bはソースが違う、C/Dは不要なLambdaを挟んで過剰設計です",,,2025-11-21
DOP-C02-Q021,ある企業は、社内の品質管理アプリケーションをすべてコンテナ化しています。Amazon EC2インスタンス上でJenkinsを実行していますが、パッチ適用とアップグレードが必要です。コンプライアンス担当者は、ビルド成果物に会社の知的財産が含まれているため、DevOpsエンジニアに暗号化を開始するよう依頼しました。DevOps エンジニアは、これを最もメンテナンス性の高い方法で実現するために、何をすべきでしょうか？,FALSE,EC2 インスタンスで AWS Systems Manager を使用してパッチ適用とアップグレードを自動化し、Amazon EBS ボリュームをデフォルトで暗号化します。,FALSE,Jenkins を Amazon ECS クラスターにデプロイし、デフォルトの暗号化が有効になっている Amazon S3 バケットにビルド成果物をコピーします。,FALSE,ビルドアクションで AWS CodePipeline を活用し、AWS Secrets Manager を使用してアーティファクトを暗号化します,FALSE,アーティファクト暗号化を備えた AWS CodeBuild を使用して、EC2 インスタンスで実行されている Jenkins インスタンスを置き換え,TRUE,,,,,"✅ 正解：D
D：
既存の EC2 上の Jenkins を廃止し、AWS CodeBuild に置き換える。
CodeBuild はフルマネージドでパッチ管理が不要、かつ アーティファクト暗号化（KMS連携） が標準でサポートされており、
メンテナンス負荷を最小化しつつコンプライアンス要件（暗号化）を満たせる。

A： EC2 管理・パッチ適用は引き続き必要 → メンテナンス性が低い。
B： ECS に移行しても Jenkins 自体のメンテナンスは継続。暗号化はS3側のみで限定的。
C： CodePipeline＋Secrets Manager では暗号化機能は限定的で、成果物そのものの暗号化には直接対応していない。",,,2025-11-21
DOP-C02-Q022,"ITチームは、社内の他のユーザーが迅速かつ確実にアプリケーションをデプロイおよび終了できるように、AWS CloudFormationテンプレートを構築しました。このテンプレートは、アプリケーションをインストールするためのユーザーデータスクリプトを含むAmazon EC2インスタンスと、アプリケーションが実行中に静的ウェブページを提供するために使用するAmazon S3バケットを作成します。CloudFormation
スタックを削除すると、すべてのリソースが削除されるはずです。しかし、チームはスタックの削除中にCloudFormationからエラーが報告され、スタックによって作成されたS3バケットが削除されないことに気づきました。
すべてのリソースがエラーなく削除されるように、このエラーを最も効率的に解決するにはどうすればよいでしょうか？",FALSE,S3 バケット リソースに DelelionPolicy 属性を追加し、値 Delete を設定すると、スタックが削除されたときにバケットも強制的に削除されます,FALSE,S3バケットを指定するDependsOn属性とIAMロールを持つAWS Lambda関数を使用して、カスタムリソースを追加します。RequestTypeがDeleteの場合にバケットからすべてのオブジェクトを削除するLambda関数を記述します。,TRUE,削除されなかったリソースを特定します。S3バケットを手動で空にしてから削除します。,FALSE,EC2 と S3 バケットのリソースを単一の AWS OpsWorks スタックリソースに置き換えます。スタックにカスタムレシピを定義して、EC2 インスタンスと S3 バケットを作成および削除します。,FALSE,,,,,"正解：B

B： カスタムリソース（Lambda）で、RequestType=Delete のときに S3バケット内の全オブジェクトを削除→バケット削除 を実行させる。
CloudFormation は 空でない S3 バケットを削除できないため、削除フックで空にするのが最も効率的で自動化された解決策。

A： DeletionPolicy は強制削除ではなく、S3 は中身があると削除失敗。
C： 毎回手動対応で非効率。
D： OpsWorks への置き換えは過剰かつ本質解決でない。",,,2025-11-21
DOP-C02-Q023,"ある企業には、eu-west-1 リージョンの Amazon S3 バケットで設定された AWS CodePipeline パイプラインがあります。このパイプラインは、同じリージョンに AWS Lambda アプリケーションをデプロイします。このパイプラインは、AWS CodeBuild プロジェクトのビルドアクションと AWS CloudFormation のデプロイアクションで構成されています。CodeBuild
プロジェクトは、aws cloudformation package AWS CLI コマンドを使用して、Lambda 関数コードの .zip ファイルと CloudFormation テンプレートを含むアーティファクトをビルドします。CloudFormation のデプロイアクションは、CodeBuild プロジェクトのビルドアクションの出力アーティファクトから CloudFormation テンプレートを参照します。
この企業は、eu-west-1 のパイプラインを使用して、Lambda アプリケーションを us-east-1 リージョンにもデプロイしたいと考えています。DevOps エンジニアは既に CodeBuild プロジェクトを更新し、aws cloudformation package コマンドを使用して us-east-1 の追加の出力アーティファクトを生成しています。
これらの要件を満たすために、DevOps エンジニアが実行する必要がある追加手順の組み合わせはどれですか (2 つ選択してください)。",TRUE,CloudFormation テンプレートを修正し、Lambda 関数コードの zip ファイルの場所を指定するパラメータを追加します。パイプラインに us-east-1 用の新しい CloudFormation デプロイアクションを作成します。この新しいデプロイアクションで、us-east-1 のアーティファクトの場所をパラメータオーバーライドとして渡すように設定します。,FALSE,パイプラインに us-east-1 用の新しい CloudFormation デプロイアクションを作成します。新しいデプロイアクションは、us-east-1 の出力アーティファクトから CloudFormation テンプレートを使用するように設定してください。,FALSE,us-east-1 に S3 バケットを作成します。S3 バケットポリシーを設定して、CodePipeline に読み取りおよび書き込みアクセスを許可します。,TRUE,us-east-1 に S3 バケットを作成します。eu-west-1 の S3 バケットから us-east-1 の S3 バケットへの S3 クロスリージョンレプリケーション (CRR) を設定します。,FALSE,パイプラインを修正し、us-east-1 の S3 バケットをアーティファクトストアとして追加します。パイプラインに us-east-1 用の新しい CloudFormation デプロイアクションを作成します。この新しいデプロイアクションは、us-east-1 の出力アーティファクトの CloudFormation テンプレートを使用するように設定します。,TRUE,,,"正解：C・E
C：デプロイ先リージョン（us-east-1）に S3バケットを用意し、CodePipeline が読書きできるよう バケットポリシーを設定する（クロスリージョンのアクションは各リージョンにアーティファクトストアが必要）。
E：パイプラインに us-east-1 のアーティファクトストアを追加し、us-east-1 用の CloudFormation デプロイアクションを新設。CodeBuild が出力した us-east-1 向けテンプレートを参照させる。

不正解の要点
A：cloudformation package はテンプレート内のコードURIを自動書換するため、パラメータ渡しは不要。
B：デプロイアクション追加だけでは不十分。リージョン別アーティファクトストアが未設定。
D：CRRは不要。CodePipelineのクロスリージョン動作は各リージョンのアーティファクトストアで解決する。",,,2025-11-21
DOP-C02-Q024,"ある企業が、1つのAmazon EC2インスタンス上でアプリケーションを実行しています。アプリケーションのメタデータはAmazon S3に保存されており、インスタンスが再起動された際に取得する必要があります。インスタンスが応答しなくなった場合、自動的に再起動または再起動する必要があります。
これらの要件を満たすソリューションはどれでしょうか？",FALSE,StatusCheckFailed メトリクスに対して Amazon CloudWatch アラームを作成します。recover アクションを使用してインスタンスを停止および起動します。インスタンスが復旧して実行中になったら、S3 イベント通知を使用してメタデータをインスタンスにプッシュします。,FALSE,AWS OpsWorks を設定し、自動ヒーリング機能を使用してインスタンスを停止および起動します。OpsWorks のライフサイクルイベントを使用して、Amazon S3 からメタデータを取得し、インスタンス上で更新します。,TRUE,EC2 Auto Recoveryを使用して、障害発生時にインスタンスを自動的に停止・起動します。インスタンスが復旧して稼働状態になったら、S3イベント通知を使用してメタデータをインスタンスにプッシュします。,FALSE,AWS CloudFormation を使用して、EC2 リソースの UserData プロパティを含む EC2 インスタンスを作成します。UserData に、Amazon S3 からアプリケーションメタデータを取得するためのコマンドを追加します。,FALSE,,,,,解説なし,,,2025-11-21
DOP-C02-Q025,"ある会社に複数の AWS アカウントがあります。この会社は、AWS Toolkit for Microsoft Azure DevOps と統合された AWS IAM Identity Center (AWS Single Sign-On) を使用しています。アクセス制御機能の属性は、IAM Identity Center で有効になっています。
属性マッピングリストには 2 つのエントリが含まれています。department キーは ${path:enterprise.department} にマッピングされています。costCenter キーは ${path:enterprise.costCenter} にマッピングされています。
既存のすべての Amazon EC2 インスタンスには、会社の 3 つの部門 (d1、d2、d3) に対応する部門タグがあります。DevOps エンジニアは、一致する属性に基づいてポリシーを作成する必要があります。ポリシーは管理の労力を最小限に抑え、各 Azure AD ユーザーに、ユーザーのそれぞれの部門名でタグ付けされた EC2 インスタンスへのアクセスのみを許可する必要があります。
これらの要件を満たすために、DevOps エンジニアはカスタムアクセス許可ポリシーにどの条件キーを含める必要がありますか?",FALSE,"""Condition"": {
  ""ForAllValues:StringEquals"": {
    ""aws:TagKeys"": [""department""]
  }
}",FALSE,"""Condition"": {
  ""StringEquals"": {
    ""aws:PrincipalTag/department"": ""${aws:ResourceTag/department}""
  }
}",FALSE,"""Condition"": {
  ""StringEquals"": {
    ""ec2:ResourceTag/department"": ""${aws:PrincipalTag/department}""
  }
}",TRUE,"""Condition"": {
  ""ForAllValues:StringEquals"": {
    ""ec2:ResourceTag/department"": [""d1"", ""d2"", ""d3""]
  }
}",FALSE,,,,,"✅ 正解：3番目のポリシー条件

""Condition"": {
  ""StringEquals"": {
    ""ec2:ResourceTag/department"": ""${aws:PrincipalTag/department}""
  }
}

🔍 理由

会社では IAM Identity Center (AWS SSO) で 属性ベースアクセス制御（ABAC） が有効になっており、
ユーザーの department 属性が aws:PrincipalTag/department にマッピングされています。

EC2 インスタンス側には各部門 (d1, d2, d3) のタグが付いています。

したがって、ポリシーで以下を比較すれば「自分の部門タグを持つEC2リソースにだけアクセス」を実現できます：

ec2:ResourceTag/department == aws:PrincipalTag/department",,,2025-11-21
DOP-C02-Q026,"ある企業がAWSアカウントでセキュリティ監査アプリケーションをホストしています。監査アプリケーションはIAMロールを使用して他のAWSアカウントにアクセスします。すべてのアカウントはAWS Organizations内の同じ組織に属しています。
最近のセキュリティ監査で、監査対象のAWSアカウントのユーザーが監査アプリケーションのIAMロールを変更または削除できることが明らかになりました。企業は、信頼できる管理者のIAMロール以外のエンティティによる監査アプリケーションのIAMロールの変更を防止する必要があります。
これらの要件を満たすソリューションはどれでしょうか？",FALSE,監査アプリケーションのIAMロールへの変更を拒否するステートメントを含むSCPを作成します。信頼された管理者のIAMロールによる変更を許可する条件を含めます。SCPを組織のルートにアタッチします。,TRUE,監査アプリケーションのIAMロールに対する、信頼された管理者のIAMロールによる変更を許可するステートメントを含むSCPを作成します。他のすべてのIAMプリンシパルによる変更には拒否ステートメントを含めます。監査アプリケーションがIAMロールを持つ各AWSアカウントのIAMサービスにSCPをアタッチします。,FALSE,監査対象アプリケーションのIAMロールへの変更に対する拒否ステートメントを含むIAM権限境界を作成します。信頼された管理者IAMロールによる変更を許可する条件を含めます。この権限境界を監査対象のAWSアカウントにアタッチします。,FALSE,監査アプリケーションのIAMロールへの変更に対する拒否ステートメントを含むIAM権限境界を作成します。信頼された管理者のIAMロールによる変更を許可する条件を含めます。AWSアカウント内の監査アプリケーションのIAMロールに、この権限境界をアタッチします。,FALSE,,,,,"正解：A
理由：
**SCP（サービスコントロールポリシー）**で、監査アプリの IAMロール変更系操作（例：iam:UpdateRole*,iam:DeleteRole*,iam:DetachRolePolicy など）を明示的にDeny。
その上で aws:PrincipalArn（または aws:PrincipalTag）等の条件を使い、信頼された管理者ロールだけ例外にする。
SCPを組織ルートにアタッチすれば全アカウントに適用され、該当ロールを一般ユーザーが変更/削除できなくなる。

他選択肢が不適な理由：
B：SCPはAllowで権限付与できない（上限の定義のみ）。「IAMサービスにアタッチ」は不可。
C：権限境界はその境界を持つプリンシパル自身の権限を制限するだけ。アカウント全体への一括適用はできない。
D：権限境界を監査ロールに付けても、他のユーザーがそのロールを編集/削除する行為は制限できない。",,,2025-11-21
DOP-C02-Q027,"ある企業には、Go で記述されたオンプレミスアプリケーションがあります。DevOps エンジニアは、このアプリケーションを AWS に移行する必要があります。開発チームは、ブルー/グリーンデプロイと A/B テストを実施したいと考えています。
これらの要件を満たすソリューションはどれでしょうか。",FALSE,アプリケーションをAmazon EC2インスタンスにデプロイし、インスタンスのAMIを作成します。AMIを使用して、Auto Scalingグループで使用される自動スケーリング起動設定を作成します。Elastic Load Balancingを使用してトラフィックを分散します。アプリケーションに変更が加えられると、新しいAMIが作成され、EC2インスタンスの更新が開始されます。,FALSE,Amazon Lightsail を使用してアプリケーションをデプロイします。アプリケーションを zip 形式で Amazon S3 バケットに保存します。この zip 形式を使用して、アプリケーションの新しいバージョンを Lightsail にデプロイします。デプロイの管理には、Lightsail のデプロイオプションを使用します。,FALSE,AWS CodeArtifact を使用してアプリケーションコードを保存します。AWS CodeDeploy を使用して、アプリケーションを Amazon EC2 インスタンス群にデプロイします。Elastic Load Balancing を使用して、トラフィックを EC2 インスタンスに分散します。アプリケーションに変更を加える場合は、新しいバージョンを CodeArtifact にアップロードし、新しい CodeDeploy デプロイメントを作成します。,FALSE,AWS Elastic Beanstalk を使用してアプリケーションをホストします。アプリケーションの圧縮バージョンを Amazon S3 に保存します。この場所を使用して、アプリケーションの新しいバージョンをデプロイします。デプロイオプションの管理には Elastic Beanstalk を使用します。,TRUE,,,,,"正解：D
Elastic Beanstalk は Go アプリを簡単にホストでき、
ブルー/グリーン：別環境を作成して CNAME スワップで一括切替。
A/B テスト：2つの環境を立てて Route 53 の重み付きルーティングでトラフィックを分割。

他選択肢は
A：AMI/ASG で手作り運用になり、A/B の重み付け分岐まで面倒。
B：Lightsail は本要件向きではない。
C：CodeArtifact はコード保管用途ではなく、前提が不適。",,,2025-11-21
DOP-C02-Q028,ある開発者が50台のAmazon EC2 Linuxサーバー群を運用しています。これらのサーバーはAmazon EC2 Auto Scalingグループに属しており、負荷分散にはElastic Load Balancingも使用しています。 しかし、一部のアプリケーションサーバーがELB HTTPヘルスチェックに失敗した後に強制終了してしまうことが稀にあります。開発者はこの問題の根本原因分析を行いたいのですが、アプリケーションログにアクセスする前にサーバーが強制終了してしまいます。 ログ収集を自動化するにはどうすればよいでしょうか？,FALSE,Auto Scaling ライフサイクルフックを使用して、インスタンスを Pending:Wait 状態にします。Amazon CloudWatch で EC2 インスタンスの終了が成功したことを知らせるアラームを作成し、AWS Lambda 関数をトリガーします。この関数は SSM Run Command スクリプトを起動してログを収集し、Amazon S3 にプッシュします。ログが収集されたら、ライフサイクルアクションを完了します。,FALSE,Auto Scaling ライフサイクルフックを使用して、インスタンスを「終了中:待機」状態にします。EC2 インスタンス終了ライフサイクルアクション用の AWS Config ルールを作成し、ログを収集して Amazon S3 にプッシュし、ログが収集されたらライフサイクルアクションを完了するスクリプトを呼び出すステップ関数をトリガーします。,FALSE,Auto Scaling ライフサイクルフックを使用して、インスタンスを「終了中:待機」状態にします。Amazon CloudWatch サブスクリプションフィルターで EC2 インスタンスの「終了成功」を選択し、CloudWatch エージェントをトリガーします。このエージェントはスクリプトを起動してログを収集し、Amazon S3 にプッシュします。ログが収集されたら、ライフサイクルアクションを完了します。,FALSE,Auto Scaling ライフサイクルフックを使用して、インスタンスを「終了中:待機」状態にします。Amazon EventBridge ルールで EC2 インスタンス終了ライフサイクルアクションを作成し、SSM Run Command スクリプトを呼び出す AWS Lambda 関数をトリガーしてログを収集し、Amazon S3 にプッシュします。ログが収集されたらライフサイクルアクションを完了します。,TRUE,,,,,"正解：D
Terminating:Wait のライフサイクルフックで終了を一時停止
EventBridge ルールで「EC2 Instance-terminate Lifecycle Action」を検知
ルールのターゲット Lambda → SSM Run Command を実行してログ収集→S3 へアップロード
収集後に CompleteLifecycleAction で終了を再開
A は Pending:Wait（起動時）で不適、B は Config/Step Functions は過剰、C は CloudWatch サブスクリプションの使い方が不適切。",,,2025-11-21
DOP-C02-Q029,"ある企業はAWS Organizationsに組織を持っています。この組織には、エンタープライズアプリケーションを含むワークロードアカウントが含まれています。この企業は、運用アカウントからユーザーを一元管理しています。ワークロードアカウントにはユーザーを作成できません。この企業は最近運用チームを追加し、運用チームのメンバーに各ワークロードアカウントへの管理者アクセスを提供する必要があります。
このアクセスを提供するには、どのようなアクションの組み合わせが必要ですか？（3つ選択してください。）",TRUE,運用アカウントにSysAdminロールを作成します。このロールにAdministratorAccessポリシーをアタッチします。信頼関係を変更し、ワークロードアカウントからのsts:AssumeRoleアクションを許可します。,FALSE,各ワークロードアカウントにSysAdminロールを作成します。このロールにAdministratorAccessポリシーをアタッチします。信頼関係を変更し、運用アカウントからのsts:AssumeRoleアクションを許可します。,TRUE,オペレーションアカウントに Amazon Cognito ID プールを作成します。SysAdmin ロールを認証済みロールとしてアタッチします。,FALSE,運用アカウントで、運用チームのメンバーごとに IAM ユーザーを作成します。,TRUE,運用アカウントに「SysAdmins」という名前のIAMユーザーグループを作成します。各ワークロードアカウントのSysAdminロールに対してsts:AssumeRoleアクションを許可するIAMポリシーを追加します。運用チームの全メンバーをこのグループに追加します。,TRUE,運用アカウントに Amazon Cognito ユーザープールを作成します。運用チームメンバーごとに Amazon Cognito ユーザーを作成します,FALSE,"✅ 正解：B・D・E
B：
各ワークロードアカウントに SysAdmin ロールを作成し、
AdministratorAccess ポリシーを付与。
信頼ポリシーで 運用アカウントからの sts:AssumeRole を許可する。
→ 実際に管理アクセスを可能にするための「受け口」側設定。
D：
運用アカウントに運用チームメンバーの IAMユーザー を作成する。
→ 一元管理アカウント（運用アカウント）で認証する基盤を用意。
E：
運用アカウントに SysAdmins グループを作り、
このグループに「各ワークロードアカウントの SysAdmin ロールを sts:AssumeRole できる」ポリシーを付与。
チームメンバーをグループに追加する。
→ グループ単位で権限管理でき、メンテナンス性が高い。

❌ 他の選択肢
A        運用アカウント側に SysAdmin ロールを作っても、ワークロード側に権限がない。信頼関係の向きが逆。
C / F        Cognito はフェデレーション認証向けで、本シナリオ（IAM/Organizations 環境）では不要。

🔹まとめ
B（ワークロードにロール）＋D（運用側にユーザー）＋E（AssumeRoleポリシー付グループ）
で、運用チームが一元的に各ワークロードアカウントへ管理アクセスできる。",,,2025-11-21
DOP-C02-Q030,"ある企業は、AWS Organizations 内の組織内に複数のアカウントを保有しています。組織のいずれかのアカウントが Amazon S3 バケットのパブリックアクセスブロック機能をオフにした場合、同社の SecOps チームは Amazon Simple Notification Service (Amazon SNS) 通知を受信する必要があります。DevOps エンジニアは、AWS アカウントの運用に影響を与えることなく、この変更を実装する必要があります。実装にあたっては、組織内の個々のメンバーアカウントが通知をオフにできないようにする必要があります。
これらの要件を満たすソリューションはどれでしょうか？",FALSE,委任された Amazon GuardDuty 管理者アカウントとなるアカウントを指定します。組織全体のすべてのアカウントで GuardDuty を有効にします。GuardDuty 管理者アカウントで SNS トピックを作成します。SecOps チームのメールアドレスを SNS トピックにサブスクライブします。同じアカウントで、GuardDuty の検出結果のイベントパターンと SNS トピックのターゲットを使用する Amazon EventBridge ルールを作成します,FALSE,SNSトピックを作成し、SecOpsチームのメールアドレスをそのSNSトピックにサブスクライブするAWS CloudFormationテンプレートを作成します。テンプレートには、s3:PutBucketPublicAccessBlockのCloudTrailアクティビティのイベントパターンとSNSトピックをターゲットとするAmazon EventBridgeルールを追加します。CloudFormation StackSetsを使用して、組織内のすべてのアカウントにスタックをデプロイします。,FALSE,組織全体で AWS Config を有効にします。委任された管理者アカウントで SNS トピックを作成します。SecOps チームのメールアドレスを SNS トピックにサブスクライブします。各アカウントに s3-bucket-level-public-access-prohibited AWS Config マネージドルールを使用する適合パックをデプロイし、AWS Systems Manager ドキュメントを使用して SNS トピックにイベントを発行して SecOps チームに通知します。,TRUE,組織全体で Amazon Inspector を有効にします。Amazon Inspector の委任管理者アカウントで SNS トピックを作成します。SecOps チームのメールアドレスを SNS トピックにサブスクライブします。同じアカウントで、S3 バケットのパブリックネットワークへの公開に関するイベントパターンを使用し、SNS トピックにイベントを発行して SecOps チームに通知する Amazon EventBridge ルールを作成します。,FALSE,,,,,"正解：C
C（AWS Config 組織対応）：組織全体で AWS Config を有効化し、委任管理者側で管理する 組織ルール／適合パック を各アカウントへ配布すれば、メンバーアカウント側で通知設定を無効化できない統制を保ちつつ、s3-bucket-level-public-access-prohibited で Block Public Access の無効化（バケット単位）を検知できます。非準拠検出時に SSM ドキュメント→SNS 通知で要件を満たします。

他の選択肢が不適な理由
A（GuardDuty）：GuardDuty は検知（脅威）用で、PAB 設定変更の検出用途ではない。
B（StackSets + EventBridge）：各メンバーアカウントにルールを配る方式は、アカウント側で無効化され得るため要件「オフにできない」に不一致。
D（Inspector）：Inspector は脆弱性/逸脱スキャンで、S3 の PAB 設定変更検知は対象外。",,,2025-11-21
DOP-C02-Q031,"ある企業がコンテナベースのアプリケーションをAmazon EKSに移行し、自動メール通知を導入したいと考えています。各メールアドレスに送信される通知は、EKSコンポーネントに関連する特定のアクティビティに関するものです。このソリューションには、Amazon SNSトピックとAWS Lambda関数が含まれており、受信したログイベントを評価して適切なSNSトピックにメッセージをパブリッシュします。
これらの要件を満たすログソリューションはどれでしょうか？",FALSE,Amazon CloudWatch Logs を有効にして、EKS コンポーネントのログを記録します。各コンポーネントの CloudWatch サブスクリプションフィルターを作成し、サブスクリプションフィードの送信先として Lambda を指定します。,TRUE,Amazon CloudWatch Logs を有効にして EKS コンポーネントのログを記録できるようにします。Lambda を呼び出す Amazon EventBridge イベントにリンクされた CloudWatch Logs Insights クエリを作成します。,FALSE,EKSコンポーネントのAmazon S3ログ記録を有効にします。各コンポーネントのAmazon CloudWatchサブスクリプションフィルターを設定し、Lambdaをサブスクリプションフィードの送信先として設定します。,FALSE,EKSコンポーネントのAmazon S3ログ記録を有効にします。AWS Lambdaを送信先として、S3 PUT Objectイベント通知を設定します。,FALSE,,,,,"✅ 正解：A
A：
EKS の各コンポーネント（例：API サーバー、コントローラーマネージャー、スケジューラー、ワーカーノードの kubelet など）のログを Amazon CloudWatch Logs に送信し、
CloudWatch Logs サブスクリプションフィルターを使って Lambda 関数へストリーム転送。
Lambda 側でログイベント内容を解析し、関連する SNS トピックに通知を発行する。
→ 要件の「EKS ログをリアルタイムで分析し、SNS へ自動通知」を最も直接的に満たす。

他の選択肢の不適な理由
B	Logs Insights クエリは分析用でリアルタイムトリガーに非対応。EventBridge 連携はできない。
C	EKS コンポーネントに S3 ログ出力設定はない。CloudWatch 経由が正しい。
D	S3 ログ転送はバッチ的であり、リアルタイム通知要件を満たさない。",,,2025-11-21
DOP-C02-Q032,"ある企業は、ワークロードを実行するためにAmazon Elastic Container Service（Amazon ECS）クラスターを導入しています。この会社のアーキテクチャでは、クラスター上で複数のECSサービスを実行します。このアーキテクチャには、フロントエンドにApplication Load Balancerが含まれ、トラフィックのルーティングには複数のターゲットグループが使用されます。DevOps
エンジニアは、アプリケーションログとアクセスログを収集する必要があります。そして、ログをAmazon S3バケットに送信し、ほぼリアルタイムで分析する必要があります。
これらの要件を満たすために、DevOpsエンジニアが実行する必要がある手順の組み合わせはどれですか？（3つ選択してください。）",TRUE,AWSからAmazon CloudWatch Logsコンテナインスタンスをダウンロードします。このインスタンスをタスクとして設定します。アプリケーションサービス定義を更新して、ログ記録タスクを追加します。,FALSE,ECSインスタンスにAmazon CloudWatch Logsエージェントをインストールします。ECSタスク定義のログドライバーをawslogsに変更します。,TRUE,Amazon EventBridge を使用して、60秒ごとに実行されるAWS Lambda関数をスケジュールし、Amazon CloudWatch Logsのcreate-export-taskコマンドを実行します。出力先はログ出力用のS3バケットを指定します。,FALSE,ALBでアクセスログを有効にします。次に、ALBをログ記録用のS3バケットに直接ポイントします。,TRUE,ECSサービスが使用するターゲットグループでアクセスログを有効にします。その後、ログをS3ログバケットに直接送信します。,FALSE,ログ出力用のS3バケットを宛先とするAmazon Kinesis Data Firehose配信ストリームを作成します。次に、Kinesis Data Firehose用のAmazon CloudWatch Logsサブスクリプションフィルターを作成します。,TRUE,"✅ 正解：B・D・F

B：
ECS のアプリケーションログを収集するために、ECS インスタンス（または Fargate タスク）のログドライバーを awslogs に設定し、
CloudWatch Logs に送信する。
これで各サービスのアプリケーションログを一元管理できる。

D：
ALB の アクセスログを有効化し、
出力先として S3 バケットを直接指定する。
→ フロントエンドのリクエスト単位の情報を確実に保存。

F：
CloudWatch Logs → Kinesis Data Firehose → S3 のルートを構築し、
サブスクリプションフィルターで CloudWatch Logs から ほぼリアルタイム に
Firehose 経由で S3 へストリーム転送。
→ アプリログをリアルタイム分析基盤に送りやすくする。

❌ 不正解の理由
A	「CloudWatch Logs コンテナインスタンス」というリソースは存在しない。誤り。
C	create-export-task はバッチエクスポートであり、ほぼリアルタイム要件を満たさない。
E	ターゲットグループにはログ出力機能がなく、ALB 側で有効化するのが正しい。

✅ まとめ
ECSアプリログ → CloudWatch Logs（B） → Firehose 経由でS3（F）
ALBアクセスログ → 直接S3（D）
この構成で「S3保管＋ほぼリアルタイム分析」を実現。",,,2025-11-21
DOP-C02-Q033,"電子カルテ（EHR）を導入しているある企業は、Amazon Linuxオペレーティングシステムを搭載したAmazon EC2インスタンス群を運用しています。患者プライバシー保護のため、EC2インスタンス上で稼働するオペレーティングシステムとアプリケーションのパッチ適用を継続的に遵守する必要があります。
デフォルトリポジトリとカスタムリポジトリを使用して、オペレーティングシステムとアプリケーションのパッチ適用を自動化するにはどうすればよいでしょうか？",FALSE,AWS Systems Manager を使用して、カスタムリポジトリを含む新しいパッチベースラインを作成します。run コマンドを使用して AWS-RunPatchBaseline ドキュメントを実行し、パッチの検証とインストールを行います。,TRUE,AWS Direct Connect を使用して企業リポジトリを統合し、Amazon CloudWatch のスケジュールされたイベントを使用してパッチを展開し、CloudWatch ダッシュボードを使用してレポートを作成します。,FALSE,yum-config-manager を使用して /etc/yum.repos.d の下にカスタム リポジトリを追加し、yum-config-manager-enable を実行してリポジトリをアクティブ化します。,FALSE,AWS Systems Manager を使用して、企業リポジトリを含む新しいパッチベースラインを作成します。run コマンドを使用して AWS-AmazonLinuxDefaultPatchBaseline ドキュメントを実行し、パッチを検証してインストールします。,FALSE,,,,,"✅ 正解：A

A：
AWS Systems Manager Patch Manager を使用して、
デフォルトリポジトリと カスタムリポジトリ（企業内リポジトリなど）を含む
カスタムパッチベースラインを作成。

その上で、AWS-RunPatchBaseline ドキュメントを Run Command または メンテナンスウィンドウ経由で実行し、
パッチの検出・承認・適用を自動化する。

→ オペレーティングシステムとアプリケーション双方を
一元的・継続的にパッチ適用でき、EHRのセキュリティ要件にも適合。

不正解の理由
B	Direct Connect や CloudWatch はパッチ管理機能を持たず、目的外。
C	OS ローカル設定のみ。自動化・監査・ポリシー準拠を担保できない。
D	AWS-AmazonLinuxDefaultPatchBaseline は AWS 提供の既定ベースラインで、カスタムリポジトリを追加できない。

✅ 要点まとめ
Patch Manager で「カスタムベースライン」を作る

Run Command または メンテナンスウィンドウで AWS-RunPatchBaseline を実行

デフォルト + カスタムリポジトリ対応、自動・継続的なパッチ適用",,,2025-11-21
DOP-C02-Q034,"ある企業は、AWS CodePipeline を使用してリリースパイプラインを自動化しています。パイプラインでは、ブルー/グリーンデプロイモデルを使用してアプリケーションを Amazon Elastic Container Service (Amazon ECS) にデプロイするための AWS CodeDeploy を使用しています。この企業は、トラフィックを移行する前にアプリケーションのグリーンバージョンをテストするためのスクリプトを実装したいと考えています。これらのスクリプトは5分以内に完了します。テスト中にエラーが見つかった場合、アプリケーションをロールバックする必要があります。
これらの要件を満たす戦略はどれでしょうか？",FALSE,CodePipeline パイプラインのソースステージとデプロイステージの間にステージを追加します。AWS CodeBuild を使用してランタイム環境を作成し、ビルドスペックファイルにテストスクリプトを呼び出すためのビルドコマンドを追加します。エラーが見つかった場合は、aws deploy stop-deployment コマンドを使用してデプロイを停止します。,FALSE,CodePipelineパイプラインのソースステージとデプロイステージの間にステージを追加します。このステージを使用して、テストスクリプトを実行するAWS Lambda関数を呼び出します。エラーが見つかった場合は、aws deploy stop-deploymentコマンドを使用してデプロイを停止します。,FALSE,CodeDeploy の AppSpec ファイルにフックセクションを追加します。AfterAllowTestTraffic ライフサイクルイベントを使用して AWS Lambda 関数を呼び出し、テストスクリプトを実行します。エラーが見つかった場合は、エラーを返して Lambda 関数を終了し、ロールバックを開始します。,TRUE,CodeDeploy AppSpecファイルにhooksセクションを追加します。AfterAllowTrafficライフサイクルイベントを使用してテストスクリプトを呼び出します。エラーが見つかった場合は、aws deploy stop-deployment CLIコマンドを使用してデプロイを停止します。,FALSE,,,,,"✅ 正解：C

解説
CodeDeploy の ECS ブルー/グリーンデプロイでは、
デプロイのライフサイクルイベント（hooks）を利用して
「テスト」や「検証」ステップを自動実行できます。

C：AfterAllowTestTraffic フックを使用
AfterAllowTestTraffic は、グリーン環境にのみテストトラフィックがルーティングされた直後に呼ばれるフェーズ。

このタイミングで Lambda 関数や テストスクリプトを実行し、
エラー検知時には Lambda がエラーを返すことで
CodeDeploy が自動的に ロールバックを実行します。

テストは「本番切り替え前」に実施できるため、安全。

不正解の理由
A	CodeBuild ステージで実行しても、CodeDeploy のトラフィック切替フローとは無関係。ブルー/グリーン間の検証にならない。
B	Lambda を CodePipeline の中間ステージで呼び出しても、まだグリーン環境へのトラフィックが発生していないためテストの意味がない。
D	AfterAllowTraffic は本番トラフィック切替後のイベントであり、問題が発生しても顧客に影響が出る。ロールバックも後手になる。

✅ まとめ
AppSpec.yml の AfterAllowTestTraffic フックで Lambda を呼び出し、テスト失敗時にエラーを返す構成が最適。",,,2025-11-21
DOP-C02-Q035,"ある企業は、複数のリソースで使用されているAmazon S3バケットの前に、ファイルゲートウェイモードでAWS Storage Gatewayを使用しています。業務開始時刻の朝、ユーザーには前夜にサードパーティによって処理されたオブジェクトが表示されません。DevOpsエンジニアがS3バケットを直接確認すると、データはそこにありますが、Storage Gatewayには表示されていません。
更新されたサードパーティファイルがすべて翌朝に利用可能であることを保証するソリューションはどれですか？",FALSE,毎晩の Amazon EventBridge イベントを設定して、AWS Lambda 関数を呼び出して Storage Gateway の RefreshCache コマンドを実行します。,TRUE,AWS Transfer for SFTP を使用してデータを S3 バケットに保存するようにサードパーティに指示します。,FALSE,ボリューム ゲートウェイ モードで実行されるように Storage Gateway を変更します。,FALSE,S3 同一リージョンレプリケーションを使用して、S3 バケット内で直接行われた変更を Storage Gateway に複製します。,FALSE,,,,,"✅ 正解：A

理由
**ファイルゲートウェイ（File Gateway）**はローカルキャッシュを保持しており、
S3バケット側で直接更新されたオブジェクト（例：サードパーティが書き込んだファイル）は、
自動的には即座にローカルキャッシュへ反映されません。

したがって、定期的にキャッシュを更新する必要があります。
→ これを行う API が RefreshCache。

EventBridge のスケジュールルールで 毎晩 Lambda 関数を起動し、
Lambda から Storage Gateway RefreshCache API を呼び出すことで、
翌朝には S3 上の更新がすべてゲートウェイに反映されます。

他の選択肢が誤りの理由
選択肢理由BAWS Transfer for SFTP は S3 へのアップロード手段であり、キャッシュ同期の問題とは無関係。CVolume Gateway はブロックストレージ用途で、ファイル共有には不適切。DS3 レプリケーションは S3 → S3 間の仕組みで、Storage Gateway のローカルキャッシュ更新には関与しない。

✅ まとめ
EventBridge + Lambda + RefreshCache
→ S3更新を毎晩同期し、翌朝ユーザーに最新データを確実に提供。",,,2025-11-21
DOP-C02-Q036,"DevOpsエンジニアは、プライベートバケットポリシーが設定されたS3バケットに保存されている機密性の高いAmazon S3オブジェクトを、S3クロスリージョンレプリケーション機能を使用してバックアップする必要があります。オブジェクトは、別のAWSリージョンとアカウントにあるターゲットバケットにコピーする必要があります。
このレプリケーションを有効にするには、どのようなアクションの組み合わせを実行する必要がありますか？（3つ選択してください。）",TRUE,ソースアカウントにレプリケーションIAMロールを作成する,TRUE,ターゲット アカウントにレプリケーション I AM ロールを作成します。,FALSE,レプリケーション IAM ロールがオブジェクトをレプリケートできるようにするステートメントをソース バケット ポリシーに追加します。,FALSE,レプリケーション IAM ロールがオブジェクトをレプリケートできるようにするステートメントをターゲット バケット ポリシーに追加します。,TRUE,レプリケーションを有効にするには、ソース バケットにレプリケーション ルールを作成します。,TRUE,レプリケーションを有効にするには、ターゲット バケットにレプリケーション ルールを作成します。,FALSE,"✅ 正解：A・D・E

理由解説
Amazon S3 の クロスリージョンレプリケーション (CRR) を
別アカウント間 で設定する場合の要点：

A. ソースアカウントにレプリケーションIAMロールを作成する

ソースバケットに対してレプリケーション設定を行うアカウントで
**IAMロール（レプリケーションロール）**を作成する必要があります。

このロールには以下の権限を付与します：

S3:GetObject（ソースバケット）

S3:ReplicateObject（ターゲットバケット）

D. ターゲットバケットポリシーでロールに書き込みを許可

ターゲットアカウントのバケットポリシーに
「ソースアカウントのレプリケーションIAMロール」からのアクセス（s3:ReplicateObject）を許可する必要があります。

これにより、ソース側ロールがターゲットバケットにオブジェクトを書き込める。

E. ソースバケットにレプリケーションルールを作成

レプリケーション設定そのものは ソースバケット側 に行う。

設定内容には：

ターゲットバケットARN

レプリケーションロールARN

対象プレフィックスやタグ条件
が含まれる。

❌ 不正解の理由
B	レプリケーションロールは ソースアカウント側 に作成する必要がある。
C	ソースバケットポリシーに特別な許可は不要。ソースバケットは同一アカウント内なので、IAMロールで十分。
F	レプリケーションルールは ターゲット側ではなくソース側 に設定する。

✅ まとめ
A	ソースアカウント	レプリケーションIAMロール作成
D	ターゲットアカウント	バケットポリシーでロールの書き込み許可
E	ソースアカウント	バケットにレプリケーションルール作成",,,2025-11-21
DOP-C02-Q037,"ある企業には、AWS Organizations 内の組織に属する複数のメンバーアカウントがあります。セキュリティチームは、すべての Amazon EC2 セキュリティグループとそのインバウンドおよびアウトバウンドルールを確認する必要があります。セキュリティチームは、組織の管理アカウントの AWS Lambda 関数を使用して、メンバーアカウントからプログラム的にこの情報を取得したいと考えています。
これらの要件を満たすアクセス変更の組み合わせはどれですか（3つ選択してください）。",TRUE,メンバー アカウントのユーザーが管理アカウントの IAM ロールを引き受けることができる信頼関係を作成します。,FALSE,管理アカウントのユーザーがメンバーアカウントの IAM ロールを引き受けることができる信頼関係を作成します。,TRUE,各メンバーアカウントに、AmazonEC2ReadOnlyAccess 管理ポリシーにアクセスできる IAM ロールを作成します。,TRUE,各メンバーアカウントに IAM ロールを作成し、管理アカウントの IAM ロールの ARN に対して sts:AssumeRole アクションを許可します。,FALSE,管理アカウントに、メンバーアカウントの IAM ロールの ARN に対して sts:AssumeRole アクションを許可する IAM ロールを作成します。,TRUE,管理アカウントに、AmazonEC2ReadOnlyAccess 管理ポリシーにアクセスできる IAM ロールを作成します。,FALSE,"✅ 正解：B・C・E

解説
このシナリオでは、管理アカウントの Lambda 関数が
各メンバーアカウントの EC2 セキュリティグループ情報を収集する必要があります。
つまり「管理アカウント → メンバーアカウントへ AssumeRole」する構成が必要です。

✅ 正しい構成
ステップ	アクション	実施アカウント	内容
①	B. 管理アカウントのユーザーがメンバーアカウントのロールを引き受けられる信頼関係を作成	メンバーアカウント側	各メンバーアカウントの IAM ロールの信頼ポリシーで、管理アカウントのロールを信頼。
②	C. 各メンバーアカウントに EC2 読み取り専用ロールを作成	メンバーアカウント側	AmazonEC2ReadOnlyAccess ポリシーを付与（セキュリティグループ情報取得用）。
③	E. 管理アカウントで sts:AssumeRole を許可した IAM ロールを作成	管理アカウント側	管理アカウントの Lambda が sts:AssumeRole でメンバーアカウントのロールを引き受けられるようにする。
❌ 不正解の理由
選択肢	誤りの理由
A	信頼関係の向きが逆（メンバー → 管理 ではなく、管理 → メンバー が必要）。
D	信頼を許可するロールの ARN を誤っている。管理アカウントのロール ARN を信頼側に書くのは正しいが、これ単体では不十分（B と E が正解ペア）。
F	読み取り権限はメンバーアカウント側に必要。管理側で付けてもメンバーのリソースにはアクセスできない。

✅ まとめ
B（信頼関係）＋C（メンバー側の権限）＋E（管理側のAssumeRole許可）
→ 管理アカウントの Lambda が安全に各メンバーアカウントを横断して EC2 セキュリティグループ情報を収集可能。",,,2025-11-21
DOP-C02-Q038,"ある宇宙探査会社は、複数の衛星からテレメトリデータを受信して​​います。Amazon API Gateway を介して受信された小さなデータパケットは、Amazon Simple Queue Service (Amazon SQS) の標準キューに直接配置されます。カスタムアプリケーションがこのキューをサブスクライブし、データを標準形式に変換します。しかし
、衛星が生成するデータに不整合があるため、アプリケーションがデータを変換できない場合があります。このような場合、メッセージは SQS キューに残ります。DevOps エンジニアは、失敗したメッセージを保持し、科学者がレビューや将来の処理に利用できるようにするためのソリューションを開発する必要があります。
これらの要件を満たすソリューションはどれでしょうか？",FALSE,AWS Lambdaを設定してSQSキューをポーリングし、キュー内のメッセージが有効かどうかを確認するLambda関数を呼び出します。検証に失敗した場合は、有効でないデータのコピーをAmazon S3バケットに送信し、科学者がデータを確認して修正できるようにします。データが修正されたら、修正されたデータを使用して再生Lambda関数を使用し、SQSキュー内のメッセージを修正します。,FALSE,SQS 標準キューを SQS FIFO キューに変換します。Amazon EventBridge スケジュールを使用して、AWS Lambda が SQS キューを 10 分ごとにポーリングするように設定します。Lambda 関数を呼び出して、SentTimestamp 値が 5 分以上経過したメッセージを識別し、そのデータをアプリケーションの出力場所と同じ場所にプッシュし、キューからメッセージを削除します。,FALSE,SQS デッドレターキューを作成します。既存のキューに再ドライブポリシーを追加し、最大受信数を 1 に設定し、デッドレターキューの ARN を新しく作成したキューの ARN に設定します。科学者に、デッドレターキューを使用して無効なデータを確認するように指示します。このデータは後で再処理します。,TRUE,API Gateway を設定し、各衛星にちなんで名付けられた異なる SQS 仮想キューにメッセージを送信します。アプリケーションを更新し、変換できないデータについては新しい仮想キューを使用し、その新しい仮想キューにメッセージを送信します。科学者には、この仮想キューを使用して無効なデータを確認するよう指示します。このデータは後ほど再処理します。,FALSE,,,,,"✅ 正解：C

理由

このシナリオでは、
SQS 標準キュー にテレメトリデータを受信
カスタムアプリが変換処理
失敗したメッセージを残したい（再処理・レビュー目的）
という要件なので、最も適切なのは
SQS デッドレターキュー（DLQ） を設定することです。

C の内容：
SQS デッドレターキュー (DLQ) を作成
既存の標準キューに 再ドライブポリシー (redrive policy) を設定
maxReceiveCount = 1 とし、変換失敗したメッセージを DLQ に自動移動

科学者は DLQ を監視し、失敗したデータをレビュー・修正・再処理できる
→ まさにこの要件「失敗メッセージの保持と再利用」に最適。

❌ 他の選択肢が不適な理由
選択肢	理由
A	Lambda でポーリング＋S3 送信は過剰設計で、SQS の標準機能（DLQ）を再実装している。コストも複雑性も増す。
B	FIFO キュー化も EventBridge も不要。処理不能メッセージの扱いには向かない。
D	仮想キュー（名前分け）での分離は手動運用が必要になり、スケール・管理性が低い。

✅ まとめ
処理失敗メッセージを保持	SQS デッドレターキュー (DLQ)
科学者によるレビュー	DLQ から参照
再処理	修正後、再送 or 再ドライブ",,,2025-11-21
DOP-C02-Q039,ある企業がインフラストラクチャのデプロイにAWS CloudFormationを使用したいと考えています。厳格なタグ付けとリソース要件があり、デプロイを2つのリージョンに限定したいと考えています。開発者は、同じアプリケーションの複数のバージョンをデプロイする必要があります。 リソースが会社のポリシーに従ってデプロイされることを保証するソリューションはどれですか？,FALSE,承認されていない CloudFormation StackSets を見つけて修正するための AWS Trusted Advisor チェックを作成します。,FALSE,承認されていない CloudFormation StackSets を見つけて修正するための Cloud Formation ドリフト検出操作を作成します。,FALSE,承認された CloudFormation テンプレートを使用して CloudFormation StackSets を作成します。,FALSE,承認された CloudFormation テンプレートを使用して AWS Service Catalog 製品を作成します。,TRUE,,,,,"✅ 正解：D

解説
この問題のキーワードは次の通りです👇
厳格なタグ付けポリシー
デプロイ先リージョンを制限
同じアプリの複数バージョンをデプロイ可能にしたい
会社ポリシーに準拠したリソースのみを許可

D：AWS Service Catalog が最適な理由
Service Catalog は、管理者が「承認済み CloudFormation テンプレート」を
**製品（Product）**として登録し、
開発者はその製品だけを使ってデプロイできる仕組み。

これにより：
開発者は 許可された CloudFormation テンプレートのみを使用

管理者は タグやパラメータ制限、リージョン制限を設定可能

複数バージョンの製品を作成して、
開発者が必要なアプリバージョンを選択してデプロイできる

→ まさに「ガードレールを維持しつつセルフサービスデプロイ」を実現。

❌ 他の選択肢の誤り
A	Trusted Advisor は CloudFormation スタックの承認・制御機能を持たない。
B	ドリフト検出はリソースの変更検出機能で、ポリシー違反の防止にはならない。
C	StackSets は複数アカウント／リージョンへの一括展開用。承認管理・バージョン制御・制約設定は不可。",,,2025-11-21
DOP-C02-Q040,"ある企業では、社内向けウェブアプリケーションの高可用性が求められています。アーキテクチャは、Amazon EC2 ウェブサーバーインスタンス 1 つと、更新や公開データへのアクセスのためのアウトバウンドインターネットアクセスを提供する NAT インスタンス 1 つで構成されています。
高可用性を実現するために、この企業はどのようなアーキテクチャ調整の組み合わせを実施すべきでしょうか（2 つ選択してください）。",TRUE,複数のアベイラビリティゾーンにまたがるEC2 Auto ScalingグループにNATインスタンスを追加します。ルートテーブルを更新します。,FALSE,複数のアベイラビリティゾーンにまたがる追加のEC2インスタンスを作成します。Application Load Balancerを追加して、インスタンス間の負荷を分散します。,TRUE,EC2インスタンスの前面にApplication Load Balancerを設定します。ホスト障害発生時にEC2インスタンスを復旧するために、Amazon CloudWatchアラームを設定します。,FALSE,各アベイラビリティゾーンのNATインスタンスをNATゲートウェイに置き換えます。ルートテーブルを更新します。,FALSE,NATインスタンスを、複数のアベイラビリティゾーンにまたがるNATゲートウェイに置き換えます。ルートテーブルを更新します。,TRUE,,,"✅ 正解：B・D

理由解説
このシナリオでは、
社内向けWebアプリ → 高可用性が必要
現状：1つのWebサーバー（EC2）＋1つのNATインスタンス
→ 単一障害点（Single Point of Failure, SPOF）が2箇所存在

B：Webサーバーを複数AZ・ALBで冗長化
各アベイラビリティゾーンにEC2を配置し、
Application Load Balancer (ALB) を利用して負荷分散。
これによりWeb層がAZ障害にも耐えられる構成に。
D：NATインスタンスをNATゲートウェイに置き換え
各AZごとに NATゲートウェイを1つずつ 配置。
各プライベートサブネットのルートテーブルを更新して、
同じAZ内のNATゲートウェイを経由するよう設定。
NATゲートウェイは マネージド・高可用 なサービスで、
NATインスタンス管理・スケーリング・フェイルオーバーが不要。

❌ 他の選択肢が不適な理由
選択肢理由ANATインスタンスはAuto Scalingグループでの冗長化に適さず、フェイルオーバーを自動化するのは複雑。CCloudWatchアラーム＋単一インスタンスでは高可用性を担保できない。ENATゲートウェイは「複数AZにまたがって」作れない。各AZに個別配置が必要。

✅ まとめ
B（ALBでWeb層冗長化）＋D（NATゲートウェイでネットワーク層冗長化）
→ Web・NAT双方のSPOFを解消し、高可用性アーキテクチャを実現。",,,2025-11-21
DOP-C02-Q041,"DevOpsエンジニアは、AWS CodePipelineを使用して、アプリケーションのビルド、検証、ステージング、テスト、デプロイを行うマルチステージパイプラインを構築しています。テストステージとデプロイステージの間には、手動による承認ステージが必要です。開発チームは、Webhookをサポートするカスタムチャットツールを使用しており、ほぼリアルタイムの通知が必要です。DevOps
エンジニアは、パイプラインアクティビティと承認リクエストのステータス更新をチャットツールに投稿するには、どのように設定すればよいでしょうか？",FALSE,CodePipeline パイプライン実行状態の変更をフィルタリングする Amazon CloudWatch Logs サブスクリプションを作成します。サブスクリプションイベントを Amazon Simple Notification Service (Amazon SNS) トピックにパブリッシュします。チャットウェブフック URL を SNS トピックにサブスクライブし、サブスクリプションの検証を完了します。,FALSE,AWS CloudTrail イベントによって呼び出される AWS Lambda 関数を作成します。CodePipeline パイプライン実行状態変更イベントが検出されると、イベントの詳細がチャット Webhook URL に送信されます。,FALSE,CodePipeline パイプライン実行状態の変更をフィルタリングする Amazon EventBridge ルールを作成します。イベントを Amazon Simple Notification Service (Amazon SNS) トピックにパブリッシュします。イベントの詳細をチャットウェブフック URL に送信する AWS Lambda 関数を作成します。この関数を SNS トピックにサブスクライブします。,TRUE,各ステージの終了時にイベントの詳細をチャットWebhook URLに送信するようにパイプラインコードを変更します。パイプライン環境に応じて各パイプラインが異なるURLに送信できるように、URLをパラメータ化します。,FALSE,,,,,"✅ 正解：C

理由

目的：
CodePipeline の パイプライン実行状態や承認リクエスト更新を
カスタムチャットツール（Webhook対応）へ ほぼリアルタイム通知したい。

最適解：EventBridge + SNS + Lambda 連携構成

C の仕組み
EventBridge ルール
イベントソース: aws.codepipeline
イベントタイプ: CodePipeline Pipeline Execution State Change, Approval State Change
⇒ CodePipeline の状態変化をリアルタイムでキャッチ。

SNS トピックに通知
イベントを SNS にパブリッシュ。

SNS → Lambda トリガー

SNS トピックをサブスクライブする Lambda 関数を用意。

Lambda がイベント詳細を整形し、チャットツールの Webhook URL に POST。

これにより、チャット側に承認リクエストや進行状況が即座に投稿される。

→ EventBridge のネイティブ統合で、ほぼリアルタイム・堅牢・拡張性高い通知が可能。

❌ 他の選択肢の誤り
A        CloudWatch Logs はパイプライン実行イベントを直接キャプチャできない。SNS Webhook 直連携も不可。
B        CloudTrail は監査ログ向けで遅延があり、リアルタイム通知には不向き。
D        パイプライン定義を改修するのは管理コストが高く、各環境で URL 管理も煩雑。非推奨。

✅ まとめ
CodePipeline 状態変更検知        Amazon EventBridge
通知配信・サブスクライブ        Amazon SNS
チャットツール連携（Webhook）        AWS Lambda

正解：C — EventBridge + SNS + Lambda でチャット通知を自動化",,,2025-11-21
DOP-C02-Q042,"ある企業のアプリケーション開発チームは、Linux ベースの Amazon EC2 インスタンスを要塞ホストとして使用しています。要塞ホストへのインバウンド SSH アクセスは、関連付けられたセキュリティグループで定義されている特定の IP アドレスに制限されています。同社のセキュリティチームは、セキュリティグループのルールが変更され、任意の IP アドレスからの SSH アクセスが許可された場合に通知を受け取りたいと考えています。
この要件を満たすために、DevOps エンジニアはどのような対応をすべきでしょうか。",FALSE,ソースにaws.cloudtrail、イベント名にAuthorizeSecurityGroupIngressを指定して、Amazon EventBridgeルールを作成します。ターゲットとしてAmazon Simple Notification Service (Amazon SNS)トピックを定義します。,FALSE,Amazon GuardDuty を有効にし、AWS Security Hub でセキュリティグループの検出結果を確認します。GuardDuty イベントに一致するカスタムパターンを使用して Amazon EventBridge ルールを設定し、出力を NON_COMPLIANT にします。ターゲットとして Amazon Simple Notification Service (Amazon SNS) トピックを定義します。,FALSE,制限付きSSHマネージドルールを使用してAWS Configルールを作成し、セキュリティグループが無制限のSSHトラフィックの受信を許可していないかどうかを確認します。Amazon Simple Notification Service (Amazon SNS)トピックにメッセージをパブリッシュするように自動修復を設定します。,TRUE,Amazon Inspector を有効にします。Common Vulnerabilities and Exposures-1.1 ルールパッケージを組み込み、要塞ホストに関連付けられたセキュリティグループをチェックします。Amazon Inspector が Amazon Simple Notification Service (Amazon SNS) トピックにメッセージをパブリッシュするように設定します。,FALSE,,,,,"✅ 正解：C

理由

要件：
SSH ポート (TCP 22) が 任意の IP（0.0.0.0/0）から許可された場合に通知したい。

セキュリティグループのルール変更を監視・検知したい。

この要件に最も適しているのは、
AWS Config のマネージドルール
👉 restricted-ssh（制限付きSSH）です。

C の説明
AWS Config を有効化し、
管理ルール restricted-ssh を有効にする。

このルールは、任意の IP（0.0.0.0/0 または ::/0）からの
SSH (ポート22) の受信を許可しているかを自動チェック。

違反検出時（NON_COMPLIANT）に
SNS 通知をトリガーする「自動修復アクション」を設定。

セキュリティチームが即座に検知・対応できる。

❌ 他の選択肢の誤り
A	EventBridge + CloudTrail は「ルール変更イベント検知」は可能だが、IP範囲内容までは評価できない。手動でロジックを書く必要があり、非効率。
B	GuardDuty は**脅威検知（不審通信など）**用であり、セキュリティグループ構成変更のコンプライアンスチェックには不向き。
D	Amazon Inspector は脆弱性スキャン用。セキュリティグループルールの設定ミス検知機能はない。

✅ まとめ
要件	ソリューション
SSH (22) の全開放を検出	AWS Config マネージドルール restricted-ssh
通知	SNS トピックへの発行
維持・監査性	Config により自動・継続的に評価可能

✅ 正解：C — AWS Config + restricted-ssh + SNS 通知",,,2025-11-21
DOP-C02-Q043,"DevOps チームは、Amazon API Gateway エンドポイントのバックエンドとして機能するオンプレミスの API を管理しています。顧客からレスポンスのレイテンシーが高いという苦情が寄せられており、開発チームは Amazon CloudWatch の API Gateway レイテンシーメトリクスを使用してこれを検証しました。原因を特定するために、チームはレイテンシーを増加させることなく関連データを収集する必要があります。
これを実現するために、どのような対策を講じるべきでしょうか（2 つ選択してください）。",TRUE,CloudWatch エージェントをサーバー側にインストールし、関連するログを CloudWatch にアップロードするようにエージェントを設定します。,TRUE,API Gateway で AWS X-Ray トレースを有効にし、リクエストセグメントをキャプチャするようにアプリケーションを変更し、各リクエストごとにそれらのセグメントを X-Ray にアップロードします。,FALSE,API Gateway で AWS X-Ray トレースを有効にし、リクエストセグメントをキャプチャするようにアプリケーションを変更し、X-Ray デーモンを使用してセグメントを X-Ray にアップロードします。,TRUE,オンプレミス アプリケーションを変更して、リクエストごとにログ情報を API Gateway に送り返すようにします。,FALSE,オンプレミス アプリケーションを変更して、API サービス リクエストに関連する統計データを計算して CloudWatch メトリクスにアップロードします。,FALSE,,,"答えは A と C です。

A. CloudWatch エージェントをサーバー側にインストール
オンプレサーバーに CloudWatch エージェントを入れて、
アプリケーションログや OS メトリクス（CPU、メモリ、ディスクIO など）を CloudWatch に送ると、

既存のリクエスト処理とは 非同期にログ送信 される

そのため、レイテンシーへの影響を最小化しつつ、詳細な情報を収集できる
→ レイテンシーを増やさずに、バックエンド側の状況を可視化できるので適切。

C. API Gateway で X-Ray を有効化 + X-Ray デーモン経由で送信
API Gateway 側で AWS X-Ray トレースを有効にし、
オンプレアプリ側も X-Ray SDK を組み込んでセグメントを生成し、
X-Ray デーモン を使ってセグメントを送信する構成です。

アプリはローカルの X-Ray デーモンに送るだけなので 軽量・低オーバーヘッド

デーモンがバッチ化して X-Ray に送るので、ネットワーク負荷も抑えられる

API Gateway → オンプレ API までのどこで遅延しているかをトレースで特定しやすい
→ レイテンシーをほとんど増やさずに、エンドツーエンドの遅延要因を追えるのでベストプラクティス。

他の選択肢が微妙な理由
B：アプリが直接 X-Ray にセグメントをアップロードすると、
各リクエストで外部への送信が発生し、レイテンシー増加リスクが高い。
D：レスポンスにログ情報を詰めると、レスポンスサイズ増加・アプリの処理増加で
レイテンシー悪化の可能性があり、ログ集約も面倒。
E：CloudWatch にカスタムメトリクスをアップロードする処理を
リクエスト処理と同期的に行うとレイテンシーが増加するリスクがある。
また、単純な統計値だけではボトルネック特定の粒度が粗くなりがち。

したがって、レイテンシーを増やさずに関連データを収集するという要件を満たすのは
A と C です。",,,2025-11-21
DOP-C02-Q044,ある企業では、MySQL互換のAmazon Aurora Multi-AZ DBクラスターをデータベースとして使用しているアプリケーションを運用しています。災害対策として、クロスリージョンリードレプリカが作成されています。DevOpsエンジニアは、障害発生時にレプリカをプライマリデータベースインスタンスに昇格させる処理を自動化したいと考えています。 これを実現するソリューションはどれでしょうか？,FALSE,レイテンシーベースの Amazon Route 53 CNAME をヘルスチェック付きで設定し、プライマリエンドポイントとレプリカエンドポイントの両方を指すようにします。AWS CloudTrail からの Amazon RDS 障害通知を Amazon SNS トピックでサブスクライブし、そのトピックを使用してレプリカインスタンスをプライマリに昇格させる AWS Lambda 関数を呼び出します。,FALSE,プライマリデータベースインスタンスを指すAuroraカスタムエンドポイントを作成します。このエンドポイントを使用するようにアプリケーションを設定します。AWS CloudTrailを設定してAWS Lambda関数を実行し、レプリカインスタンスを昇格させ、カスタムエンドポイントを新しく昇格したインスタンスを指すように変更します。,FALSE,アプリケーションの AWS CloudFormation テンプレートを変更し、レプリカを昇格させ、テンプレートを適用してスタックを更新し、アプリケーションを新しく昇格したインスタンスにポイントする AWS Lambda 関数を作成します。障害イベント発生後にこの Lambda 関数を呼び出す Amazon CloudWatch アラームを作成します。,FALSE,Aurora エンドポイントを AWS Systems Manager パラメータストアに保存します。データベース障害を検出し、AWS Lambda 関数を実行してレプリカインスタンスを昇格させ、AWS Systems Manager パラメータストアに保存されているエンドポイント URL を更新する Amazon EventBridge イベントを作成します。データベース接続に失敗した場合、パラメータストアからエンドポイントをリロードするようにアプリケーションをコーディングします。,TRUE,,,,,"✅ 正解：D

理由
この問題のポイントは以下の通りです：
Aurora MySQL Multi-AZ クラスターを使用
クロスリージョンリードレプリカが存在

災害時（DRシナリオ）に 自動でフェイルオーバー／昇格したい
アプリケーション側も自動的に新しいプライマリを参照する必要がある

解説
✅ D. Systems Manager Parameter Store + Lambda + EventBridge

この構成が最も自動化と柔軟性に優れており、
AWS公式推奨のクロスリージョンフェイルオーバー・パターンに近いです。

仕組み：
Parameter Store
現在のプライマリAuroraエンドポイント（例: db-primary-endpoint）をキーに保存。
EventBridge ルール
CloudWatch や RDS イベント（例: RDS-EVENT-0045 障害イベント）を監視。

Lambda 関数
障害イベントを受け取ると：
クロスリージョンリードレプリカをプライマリに昇格 (promote-read-replica)
昇格後の新しいエンドポイントを Parameter Store に上書き更新

アプリケーション側
DB 接続エラー検出時に Parameter Store から最新エンドポイントを再取得して再接続。

→ ✅ これにより、手動操作なしでDR切り替えが完了。

❌ 他の選択肢が不適な理由
A        Route 53 + CloudTrail + SNS + Lambda        CloudTrail の通知はリアルタイムでない。Route 53 のヘルスチェックでは Aurora のフェイルオーバーを正確に検出できない。
B        Aurora カスタムエンドポイント + CloudTrail        カスタムエンドポイントは同一リージョン内でのみ使用可能。クロスリージョンには非対応。
C        CloudFormation + Lambda + CloudWatch        CloudFormationで昇格処理を行うのは遅く・煩雑。DB操作にCloudFormationを使うのは非推奨。
D        ✅ Systems Manager + Lambda + EventBridge        リアルタイムDR対応＋アプリ側自動切替＋シンプル構成で最適。

✅ まとめ
障害検知        EventBridge (RDSイベント)
自動昇格        Lambda (promote-read-replica)
アプリ側自動追従        Systems Manager Parameter Store
クロスリージョン対応        ✅ 可能

✅ 正解：D — EventBridge + Lambda + Parameter Store で自動昇格とアプリ側エンドポイント更新を実現",,,2025-11-21
DOP-C02-Q045,"ある企業は、Amazon EBSストレージを基盤とするAmazon EC2インスタンスを使用してステージングウェブサイトをホスティングしています。EC2インスタンスでネットワーク接続の問題や停電が発生した場合でも、データ損失を最小限に抑えながら迅速に復旧したいと考えています。
これらの要件を満たすソリューションはどれでしょうか？",FALSE,最小、最大、および希望容量を 1 に設定して、インスタンスを EC2 Auto Scaling グループに追加します。,FALSE,EC2 インスタンスがシャットダウンまたは終了したときに EBS ボリュームをデタッチするためのライフサイクル フックを使用して、インスタンスを EC2 Auto Scaling グループに追加します。,FALSE,StatusCheckFailed システムメトリクスの Amazon CloudWatch アラームを作成し、インスタンスを回復するための EC2 アクションを選択します。,TRUE,StatusCheckFailed インスタンスメトリクスの Amazon CloudWatch アラームを作成し、インスタンスを再起動する EC2 アクションを選択します。,FALSE,,,,,"✅ 正解：C

理由

この問題では、次の要件を満たす必要があります：
EC2 インスタンスが ネットワーク障害 や ハードウェア障害 などで停止しても
👉 データ損失を最小化
👉 迅速に復旧できる

EBS ストレージ（永続ディスク）を使用している

C. StatusCheckFailed システムメトリクス + 自動回復（EC2 Auto Recovery）

Amazon EC2 には「自動復旧 (Auto Recovery)」という機能があります。
これは、ハードウェア障害・ネットワーク障害などでインスタンスが停止した場合に、
同じインスタンスID・EBSボリューム・Elastic IPを保持したまま新しい物理ホストで復旧します。
→ ✅ データ損失ゼロ・復旧が非常に早い

実装方法
CloudWatch アラームを作成
メトリクス: StatusCheckFailed_System
条件: >= 1
アクション
「Recover this instance」を選択
これにより、EC2 がシステムレベルでダウンしても、自動的に再起動・復旧されます。

❌ 他の選択肢の問題点
A	Auto Scaling で冗長化	Auto Scaling では新しいインスタンスを作るだけで、EBS データは引き継がれない。データ損失リスクあり。
B	ライフサイクルフックでEBSをデタッチ	運用が複雑すぎる。復旧までに時間がかかる。自動化対象として非効率。
D	インスタンスレベルのStatusCheckFailedで再起動	再起動は同じホスト上で行われるため、ホスト障害・ネットワーク障害には対応できない。

✅ まとめ
データ損失を防ぎたい	EBS利用（永続ストレージ）＋自動復旧（同じボリューム保持）
ネットワーク/ホスト障害にも対応	EC2 Auto Recovery（システムステータスチェックでトリガー）
迅速な復旧	CloudWatch アラーム＋自動アクションで即時復旧

✅ 正解：C — CloudWatchのStatusCheckFailed(System)アラーム＋自動回復アクションでEC2を復旧",,,2025-11-21
DOP-C02-Q046,ある企業は、AWS開発ツールを使用して、既存のbashデプロイメントスクリプトを置き換えたいと考えています。現在、同社はLAMPアプリケーションを、Application Load Balancer（ALB）の背後にあるAmazon EC2インスタンスのグループにデプロイしています。デプロイメント中は、コミット済みのアプリケーションのユニットテスト、サービスの停止と開始、ロードバランサーへのインスタンスの登録解除と再登録、ファイル権限の更新などを行います。同社は、AWSサービスへの移行後も、これまでと同じデプロイメント機能を維持したいと考えています。 これらの要件を満たすソリューションはどれでしょうか？,FALSE,AWS CodeBuild を使用してアプリケーションをテストします。AWS CodeDeploy の appspec.yml ファイルから呼び出される bash スクリプトを使用して、サービスを再起動し、ALB へのインスタンスの登録解除と登録を行います。appspec.yml ファイルを使用することで、カスタムスクリプトを使用せずにファイル権限を更新できます。,FALSE,AWS CodePipeline を使用して、アプリケーションを AWS CodeCommit リポジトリから AWS CodeDeploy に移動します。CodeDeploy のデプロイメントグループを使用してアプリケーションのテストを行い、インスタンスの登録を解除してから再登録し、サービスを再起動します。appspec.yml ファイルを使用して、カスタムスクリプトを使用せずにファイルの権限を更新します。,FALSE,AWS CodePipeline を使用して、アプリケーションのソースコードを AWS CodeCommit リポジトリから AWS CodeDeploy に移動します。CodeDeploy を使用してアプリケーションをテストします。CodeDeploy の appspec.yml ファイルを使用して、カスタムスクリプトなしでサービスを再起動し、権限を更新します。AWS CodeBuild を使用して、ALB からインスタンスの登録を解除し、再登録します。,FALSE,AWS CodePipeline を使用して AWS CodeBuild をトリガーし、アプリケーションをテストします。AWS CodeDeploy の appspec.yml ファイルから呼び出される bash スクリプトを使用してサービスを再起動します。AWS CodeDeploy デプロイメントグループ内のインスタンスを ALB に登録解除し、再登録します。appspec.yml ファイルを更新して、カスタムスクリプトを使用せずにファイル権限を更新します。,TRUE,,,,,"正解：D

CodeBuildでユニットテストを実行。

CodeDeployのデプロイメントグループにALBを関連付ければ、登録解除/再登録は自動で実施。
appspec.ymlのライフサイクルフックでbashスクリプトを呼び出し、サービス停止/起動を実行。
appspec.ymlのfilesでファイル権限（owner/group/mode）を更新可能。
A/CはALB登録操作をCodeDeploy以外（スクリプト/CodeBuild）で行っており不適、BはテストをCodeDeploy側で賄う前提で不自然。",,,2025-11-21
DOP-C02-Q047,"ある企業が Amazon EC2 とオンプレミス構成でアプリケーションを運用しています。DevOps エンジニアは、両環境にわたるパッチ適用を標準化する必要があります。会社のポリシーでは、パッチ適用は営業時間外にのみ行うように定められています。
これらの要件を満たすアクションの組み合わせはどれですか（3 つ選択してください）。",TRUE,Systems Manager ハイブリッドアクティベーションを使用して、物理マシンを AWS Systems Manager に追加します。,TRUE,EC2 インスタンスに IAM ロールをアタッチして、AWS Systems Manager で管理できるようにします。,TRUE,オンプレミスのマシンが AWS Systems Manager と対話するための IAM アクセスキーを作成します。,FALSE,AWS Systems Manager Automationドキュメントを実行して、1時間ごとにシステムにパッチを適用する,FALSE,Amazon EventBridge のスケジュールされたイベントを使用してパッチウィンドウをスケジュールします。,FALSE,AWS Systems Manager メンテナンスウィンドウを使用してパッチウィンドウをスケジュールします。,TRUE,"正解：A・B・F

A：ハイブリッドアクティベーションでオンプレ物理/仮想サーバを Systems Manager 管理下に登録。
B：EC2 に SSM 用 IAM ロールを付与して同じしくみで管理。
F：メンテナンスウィンドウで営業時間外にパッチ適用をスケジューリング。

不正解の要点
C：オンプレ用に IAMアクセスキーは不要（アクティベーションID/コードで登録）。
D：1時間ごと実行はポリシー（営業時間外のみ）に反する。
E：EventBridgeでも起動はできるが、パッチ運用はSSMメンテナンスウィンドウが標準。",,,2025-11-21
DOP-C02-Q048,"ある企業が新しいアプリケーションのホスティングに AWS を選択しました。この企業はマルチアカウント戦略を実装する必要があります。DevOps エンジニアが AWS Organizations に新しい AWS アカウントと組織を作成します。また、DevOps エンジニアは組織の OU 構造を作成し、AWS Control Tower を使用してランディングゾーンを設定します。DevOps
エンジニアは、ユーザーが AWS Control Tower Account Factory を通じて作成する新しいアカウントのリソースを自動的にデプロイするソリューションを実装する必要があります。ユーザーが新しいアカウントを作成すると、ソリューションは OU またはアカウント用にカスタマイズされた AWS CloudFormation テンプレートと SCP を適用して、アカウントに関連付けられているすべてのリソースを自動的にデプロイする必要があります。すべての OU は AWS Control Tower に登録されています。
これらの要件を最も自動化された方法で満たすソリューションはどれですか。",FALSE,AWS Service Catalog を AWS Control Tower と連携して使用します。AWS Service Catalog でポートフォリオと製品を作成し、これらのリソースをプロビジョニングするためのきめ細かな権限を付与します。AWS CLI と JSON ドキュメントを使用して SCP をデプロイします。,FALSE,必要なテンプレートを使用して CloudFormation スタックセットをデプロイします。自動デプロイを有効にします。必要なアカウントにスタックインスタンスをデプロイします。SCP をデプロイするために、組織の管理アカウントに CloudFormation スタックセットをデプロイします。,FALSE,CreateManagedAccount イベントを検出する Amazon EventBridge ルールを作成します。AWS Service Catalog をターゲットとして設定し、新規アカウントにリソースをデプロイします。AWS CLI と JSON ドキュメントを使用して SCP をデプロイします。,FALSE,AWS Control Tower (CfCT) ソリューションのカスタマイズをデプロイします。AWS CodeCommit リポジトリをソースとして使用します。リポジトリ内に、CloudFormation テンプレートと SCP JSON ドキュメントを含むカスタムパッケージを作成します。,TRUE,,,,,"答え：D

理由
Customizations for AWS Control Tower (CfCT) は、Account Factory で新規アカウントが作成／OU に登録されたタイミングのライフサイクルにフックして、OU／アカウント別にカスタマイズした CloudFormation と SCP を自動適用するための、Control Tower 公式拡張ソリューション。ソースは CodeCommit（他のGitも可）で、CodePipeline が自動デプロイまで面倒を見ます。要件を“最も自動化された方法”で満たせます。

他の選択肢が不適な理由
A: Service Catalog だけでは OU/アカウント単位の一括自動適用や SCP の一元自動管理が弱く、SCP を CLI 手作業で配る設計は自動化要件に不十分。
B: StackSets の自動デプロイは可能でも、Control Tower との標準連携や SCP 配布の包括運用まで自前設計が必要。CfCT がそれを包括的に抽象化。
C: EventBridge + Service Catalog は部分的。SCP を CLI で展開する運用はスケールしにくく、OU 別カスタマイズも複雑化。
したがって、D. CfCT の導入が最適解です。",,,2025-11-21
DOP-C02-Q049,米国に拠点を置くオンライン小売企業は、今後6ヶ月以内にヨーロッパとアジアへの事業拡大を計画しています。現在、同社の製品はApplication Load Balancerを基盤としたAmazon EC2インスタンス上で稼働しています。これらのインスタンスは、複数のアベイラビリティゾーンにまたがるAmazon EC2 Auto Scalingグループ内で稼働しています。すべてのデータはAmazon Auroraデータベースインスタンスに保存されます。 製品を複数のリージョンに展開する場合、同社はすべてのリージョンで単一の製品カタログを使用することを希望していますが、コンプライアンス上の理由から、顧客情報と購入履歴は各リージョンに保存する必要があります。 アプリケーションの変更を最小限に抑えながら、これらの要件を満たすにはどうすればよいでしょうか？,FALSE,製品カタログには Amazon Redshift を使用し、顧客情報と購入には Amazon DynamoDB テーブルを使用します。,FALSE,製品カタログには Amazon DynamoDB グローバルテーブルを使用し、顧客情報と購入にはリージョンテーブルを使用します。,FALSE,製品カタログにはリードレプリカを備えた Aurora を使用し、顧客情報と購入には各リージョンの追加のローカル Aurora インスタンスを使用します。,TRUE,製品カタログには Aurora を使用し、顧客情報と購入には Amazon DynamoDB グローバルテーブルを使用します。,FALSE,,,,,"答え：C
理由
いま既に本番DBは Aurora。アプリ変更を最小にするなら同じエンジンを継続。
製品カタログは全リージョンで単一が要件 → Aurora Global Database（クロスリージョン読み取り）＝1つのプライマリへ書き込み、各リージョンはリードレプリカで低遅延参照が可能（選択肢の「リードレプリカを備えた Aurora」に相当）。
顧客情報・購入履歴はリージョン内保存が要件 → 各リージョンにローカル Aurora（独立DB）を用意し、データレジデンシ/コンプライアンスを満たす。
A はDWHの Redshift で不適、B は DynamoDB へ載せ替えが大きなアプリ改修、D は顧客/購入を グローバル複製してしまい要件違反。",,,2025-11-21
DOP-C02-Q050,ある企業は、グローバルにアクセス可能なAPIスタックに、Well-Architected設計を導入しています。この設計では、北米とヨーロッパのユーザーに対して高い信頼性と高速な応答時間の両方を確保する必要があります。APIスタックは、Amazon API Gateway、AWS Lambda、Amazon DynamoDB の3つの層で構成されています。これらの要件を満たすソリューションはどれでしょうか？,FALSE,ヘルスチェックを使用して、北米とヨーロッパのAPI Gateway APIを指すようにAmazon Route 53を設定します。APIがリクエストをそのリージョンのLambda関数に転送するように設定します。Lambda関数が、Lambda関数と同じリージョンにあるDynamoDBテーブルからデータを取得および更新するように設定します。,FALSE,レイテンシーベースのルーティングとヘルスチェックを使用して、北米とヨーロッパのAPI Gateway APIを指すようにAmazon Route 53を設定します。APIがリクエストをそのリージョンのLambda関数に転送するように設定します。Lambda関数がDynamoDBグローバルテーブルのデータを取得および更新するように設定します。,TRUE,Amazon Route 53 を北米の API Gateway を指すように設定し、ヨーロッパに災害復旧 API を作成し、両方の API がリクエストをそのリージョンの Lambda 関数に転送するように設定します。DynamoDB グローバルテーブルからデータを取得します。5 分ごとに北米 API のヘルスチェックを行う Lambda 関数をデプロイします。障害発生時には、Route 53 を更新して災害復旧 API を指すようにします。,FALSE,レイテンシーベースのルーティングを使用して、Amazon Route 53 を北米の API Gateway API にポイントするように設定します。API を設定して、ユーザーに最も近いリージョンの Lambda 関数にリクエストを転送します。Lambda 関数を設定して、DynamoDB テーブルのデータを取得および更新します。,FALSE,,,,,"答え：B

理由
Route 53 のレイテンシーベースルーティング＋ヘルスチェックで、利用者を最も近い 各リージョンの API Gateway（リージョナルエンドポイント） へ誘導 → 低遅延と可用性を両立。

各リージョンの Lambda が処理し、データ層は DynamoDB グローバルテーブル を採用 → マルチリージョン書き込みと自動レプリケーションで、ローカル読み書きによる低遅延とフェイルオーバー耐性を確保。

A はリージョン別の独立テーブルでデータ一貫性や同期が課題。C は手動切替/自作ヘルスチェックで非効率。D は北米 API 固定で最寄リージョン誘導が不十分。
→ Well-Architected（可用性・性能効率）の観点で B が最も適切。",,,2025-11-21
DOP-C02-Q051,急成長中の企業が、AWS 開発環境に対する開発者の需要に合わせて拡張したいと考えています。開発環境は、AWS マネジメントコンソールで手動で作成されます。ネットワークチームは、AWS CloudFormation を使用してネットワークインフラストラクチャを管理し、Amazon VPC とすべてのサブネットのスタック出力値をエクスポートします。開発環境には、Application Load Balancer、Amazon EC2 Auto Scaling グループ、セキュリティグループ、Amazon DynamoDB テーブルなどの共通の標準が あります。需要に対応するため、DevOps エンジニアは開発環境の作成を自動化したいと考えています。アプリケーションのサポートに必要なインフラストラクチャは拡大することが予想されるため、デプロイされたインフラストラクチャを簡単に更新する方法が必要です。CloudFormation を使用して、開発環境のテンプレートを作成します。 これらの要件を満たし、開発者に一貫した AWS 環境を迅速に提供できるアプローチはどれですか。,FALSE,テンプレートのリソースセクションでFn::ImportValue組み込み関数を使用して、Virtual Private Cloud (VPC)とサブネットの値を取得します。開発環境にはCloudFormation StackSetsを使用し、Count入力パラメータで必要な環境の数を指定します。既存の開発環境を更新するには、UpdateStackSetコマンドを使用します。,FALSE,ネストされたスタックを使用して、共通のインフラストラクチャコンポーネントを定義します。エクスポートされた値にアクセスするには、TemplateURL を使用してネットワークチームのテンプレートを参照します。Virtual Private Cloud (VPC) とサブネットの値を取得するには、ルートテンプレートの Parameters セクションで Fn::ImportValue 組み込み関数を使用します。既存の開発環境を更新するには、CreateChangeSet コマンドと ExecuteChangeSet コマンドを使用します。,FALSE,ネストされたスタックを使用して、共通のインフラストラクチャコンポーネントを定義します。ネストされたスタックのリソースに対してFn::ImportValue組み込み関数を使用して、Virtual Private Cloud (VPC) とサブネットの値を取得します。CreateChangeSetコマンドとExecuteChangeSetコマンドを使用して、既存の開発環境を更新します。,TRUE,ルートテンプレートのパラメータセクションでFn::ImportValue組み込み関数を使用して、Virtual Private Cloud (VPC)とサブネットの値を取得します。CloudFormationのネストされたスタックに作成する必要がある順序で開発リソースを定義します。CreateChangeSetコマンドとExecuteChangeSetコマンドを使用して、既存の開発環境を更新します。,FALSE,,,,,"答え：C
理由

スケール＆更新容易性 → ネストされたスタックで共通コンポーネント（ALB、ASG、SG、DynamoDB など）をモジュール化し、環境ごとに再利用。

既存ネットワーク（VPC/サブネット）はネットワークスタックが Export 済み → 各ネストドスタックのリソース定義内で Fn::ImportValue を使って参照するのが正道。

変更反映は Change Set（CreateChangeSet / ExecuteChangeSet） で安全に差分適用。

他選択肢が不適な点

A: Fn::ImportValue は正しいが、StackSets はマルチアカウント/リージョン配布向け。環境数指定に Count などはなく、要件に過剰。

B/D: Parameters セクションで Fn::ImportValue は不可。インポートはリソースなど値が使われる箇所で行うべき。",,,2025-11-21
DOP-C02-Q052,ある企業はAWS Organizationsを使用して複数のアカウントを管理しています。情報セキュリティポリシーでは、暗号化されていないすべてのAmazon EBSボリュームを非準拠としてマークすることが義務付けられています。DevOpsエンジニアは、このソリューションを自動的にデプロイし、このコンプライアンスチェックが常に実行されるようにする必要があります。 これを実現するソリューションはどれでしょうか？,FALSE,EBS暗号化が有効になっているかどうかを確認するAWS Inspectorルールを定義するAWS CloudFormationテンプレートを作成します。このテンプレートを、社内の全アカウントで共有されているAmazon S3バケットに保存します。Amazon S3内のCloudFormationテンプレートを参照するようにアカウント作成スクリプトを更新します。,FALSE,EBS暗号化が有効になっているかどうかを確認するAWS Config組織ルールを作成し、AWS CLIを使用してルールをデプロイします。組織全体でAWS Configの停止と削除を禁止するSCPを作成して適用します。,TRUE,Organizations で SCP を作成します。条件式を使用して、EBS ボリューム上で暗号化されていない Amazon EC2 インスタンスの起動を禁止するポリシーを設定します。この SCP をすべての AWS アカウントに適用します。Amazon Athena を使用して AWS CloudTrail の出力を分析し、ec2:RunInstances アクションを拒否するイベントを探します。,FALSE,信頼できる単一のアカウントからすべてのアカウントにIAMロールをデプロイします。AWS CodePipelineを使用してパイプラインを構築し、AWS LambdaにIAMロールを引き受けるステージを追加して、アカウント内のすべてのEBSボリュームをリストします。Amazon S3にレポートを発行します。,FALSE,,,,,"答え：B

理由

目的は「常時コンプライアンスチェック」＝検出・評価の仕組みが必要。AWS Config 組織ルールなら、全アカウント・全リージョンへ一括展開でき、EBS の暗号化有無を継続的に評価（encrypted-volumes等のマネージドルール）し、非準拠を自動判定・可視化できます。

さらに SCP で AWS Config の停止/削除を禁止すれば、評価が常に走る体制を強制できます。

他案がダメな理由
A: Inspector はEBS暗号化の継続評価用途に不適。手動展開寄りで運用負荷も高い。
C: SCP は未暗号化の作成を“防ぐ”ことはできても、既存のボリュームの準拠状況を継続評価してマークする要件を満たさない。
D: カスタム実装で複雑＆保守コスト大。継続的評価や修復の標準統合がない。",,,2025-11-21
DOP-C02-Q053,ある企業が、多数のアカウントにまたがるすべての Amazon EC2 インスタンスに対して脆弱性スキャンを実行しています。これらのアカウントは AWS Organizations 内の組織に属しています。各アカウントの VPC は共有トランジットゲートウェイに接続されています。VPC は、中央の出力 VPC を介してトラフィックをインターネットに送信します。この企業は、委任された管理者アカウントで Amazon Inspector を有効にし、すべてのメンバーアカウントに対してスキャンを有効にしています。DevOps エンジニアは、一部の EC2 インスタンスが Amazon Inspector の「スキャンなし」タブにリストされていることを発見しました。 この問題を解決するために、DevOps エンジニアはどのようなアクションの組み合わせを実行する必要がありますか？（3 つ選択してください。）,TRUE,Amazon Inspector がスキャンしていない EC2 インスタンスに AWS Systems Manager Agent がインストールされ、実行されていることを確認します。,TRUE,ターゲット EC2 インスタンスを、ポート 443 で AWS Systems Manager サービスエンドポイントへのアウトバウンド通信を許可するセキュリティグループに関連付けます。,TRUE,DevOps エンジニアが使用している IAM ロールに inspector:StartAssessmentRun 権限を付与します。,FALSE,Amazon Inspector がスキャンしていない EC2 インスタンスに対して EC2 Instance Connect を設定します。,FALSE,ターゲット EC2 インスタンスを、AWS Systems Manager と通信するための権限を付与するインスタンスプロファイルに関連付けます。,TRUE,マネージドインスタンスのアクティベーションを作成します。アクティベーションコードとアクティベーションIDを使用して、EC2インスタンスを登録します。,FALSE,"答え：A、B、E

理由（短く）
Amazon Inspector（v2）のEC2スキャンは、対象インスタンスが SSM 管理下であることが前提です。よって、

A: SSM Agent のインストール＆稼働が必須。

B: SSM へ到達できる ネットワーク（443/TLS で SSM(、EC2Messages、SSM messages) へのアウトバウンド） が必要（インターネット/NAT もしくは VPC エンドポイント経由）。

E: インスタンスに SSM 用 IAM インスタンスプロファイル（AmazonSSMManagedInstanceCore など） を付与して、SSM と通信・登録可能にする。

不正解

C: v2 は継続スキャンで StartAssessmentRun（Inspector Classic的）不要。

D: EC2 Instance Connect は関係なし。

F: アクティベーションは オンプレ/他クラウド 向け（EC2 には不要）。",,,2025-11-21
DOP-C02-Q054,"開発チームは、アプリケーションのバージョン管理にAWS CodeCommitを使用しています。CI/CDインフラストラクチャには、AWS CodePipeline、AWS CodeBuild、AWS CodeDeployを使用しています。開発チームは最近、CodeCommitでコードベース内の長時間テストに合格しなかったプルリクエストをマージしました。開発チームはコードベースのブランチにロールバックする必要があり、時間と労力が無駄になりました。DevOps
エンジニアは、プルリクエストレビューの一環として、レビュー担当者が自動テストの結果をより簡単に確認できるように、CodeCommitでプルリクエストのテストを自動化する必要があります。
この要件を満たすために、DevOpsエンジニアは何をすべきでしょうか？",FALSE,pullRequestStatusChanged イベントに反応する Amazon EventBridge ルールを作成します。アプリケーションのテストを実行する CodeBuild アクションを含む CodePipeline パイプラインを呼び出す AWS Lambda 関数を作成します。開発者がコードレビューでバッジを確認できるように、プルリクエストへのコメントとして CodeBuild バッジを投稿するように Lambda 関数をプログラムします。,FALSE,pullRequestCreated イベントに反応する Amazon EventBridge ルールを作成します。アプリケーションのテストを実行する CodeBuild アクションを含む CodePipeline パイプラインを呼び出す AWS Lambda 関数を作成します。テスト結果が完了したら、CodeBuild テスト結果をプルリクエストのコメントとして投稿するように Lambda 関数をプログラムします。,FALSE,pullRequestCreated イベントと pullRequestSourceBranchUpdated イベントに反応する Amazon EventBridge ルールを作成します。アプリケーションのテストを実行する CodeBuild アクションを含む CodePipeline パイプラインを呼び出す AWS Lambda 関数を作成します。開発者がコードレビューでバッジを確認できるように、プルリクエストにコメントとして CodeBuild バッジを投稿するように Lambda 関数をプログラムします。,TRUE,pullRequestStatusChanged イベントに反応する Amazon EventBridge ルールを作成します。アプリケーションのテストを実行する CodeBuild アクションを含む CodePipeline パイプラインを呼び出す AWS Lambda 関数を作成します。テスト結果が完了したら、CodeBuild テスト結果をプルリクエストのコメントとして投稿するように Lambda 関数をプログラムします。,FALSE,,,,,"答え：C
理由

PR作成とソースブランチ更新のたびに自動テストを回す必要があるため、pullRequestCreated と pullRequestSourceBranchUpdated の両方に反応するのが最適。
CodePipeline→CodeBuild を起動してテストを実行し、CodeBuildバッジをPRコメントに出せば、レビュアーが一目で合否/最新状態を確認可能。
A/D は pullRequestStatusChanged（Open/Closed/Merged 等）にしか反応せずタイミング不適、B は作成時のみで更新に未対応。",,,2025-11-21
DOP-C02-Q055,ある企業が、単一の AWS アカウントの本番環境 VPC にアプリケーションをデプロイしました。このアプリケーションは人気があり、使用率が高くなっています。同社のセキュリティチームは、AWS WAF などの追加のセキュリティをアプリケーションのデプロイメントに追加したいと考えています。しかし、アプリケーションの製品マネージャーはコストを懸念しており、セキュリティチームが追加のセキュリティが必要であることを証明できない限り、変更を承認したくありません。 セキュリティチームは、アプリケーションの需要の一部は、拒否リストに載っている IP アドレスを持つユーザーから来ている可能性があると考えています。セキュリティチームは、DevOps エンジニアに拒否リストを提供します。拒否リストにある IP アドレスのいずれかがアプリケーションにアクセスした場合、セキュリティチームは、アプリケーションに追加のセキュリティが必要であることを文書化できるように、ほぼリアルタイムで自動通知を受信したいと考えています。DevOps エンジニアは、本番環境 VPC の VPC フローログを作成します。 これらの要件を最もコスト効率よく満たすために、DevOps エンジニアが実行する必要がある追加の手順はどれですか。,FALSE,Amazon CloudWatch Logs にロググループを作成します。VPC フローログを設定して、許可されたトラフィックをキャプチャし、そのデータをロググループに送信します。拒否リストに登録されている IP アドレスに対して、Amazon CloudWatch メトリクスフィルターを作成します。このメトリクスフィルターを入力として CloudWatch アラームを作成します。アラームの間隔を 5 分、アラームの対象となるデータポイントを 1 に設定します。Amazon Simple Notification Service (Amazon SNS) トピックを使用して、セキュリティチームにアラーム通知を送信します。,TRUE,ログファイル用の Amazon S3 バケットを作成します。VPC フローログを設定して、すべてのトラフィックをキャプチャし、データを S3 バケットに送信するようにします。Amazon Athena を設定して、拒否リストに登録されている IP アドレスのすべてのログファイルを S3 バケットに返します。Amazon QuickSight を設定して、Athena からデータを受け取り、セキュリティチームがアクセスできるダッシュボードとしてデータを公開します。アクセス成功時のしきい値アラートを 1 に設定します。アラートしきい値に達したときに、セキュリティチームに可能な限り頻繁に自動通知するようにアラートを設定します。,FALSE,ログファイル用の Amazon S3 バケットを作成します。VPC フローログを設定して、承認されたトラフィックをキャプチャし、データを S3 バケットに送信します。ログファイル用の Amazon OpenSearch Service クラスターとドメインを設定します。S3 バケットからログを取得し、ログをフォーマットして、OpenSearch Service クラスターにロードする AWS Lambda 関数を作成します。Lambda 関数が 5 分ごとに実行されるようにスケジュールします。OpenSearch Service でアラートと条件を設定し、拒否リストに登録された IP アドレスからのアクセスが検出されると、Amazon Simple Notification Service (Amazon SNS) トピックを通じてセキュリティチームにアラートを送信します。,FALSE,Amazon CloudWatch Logs にロググループを作成します。クエリ結果を保持するための Amazon S3 バケットを作成します。すべてのトラフィックをキャプチャし、データをロググループに送信するように VPC フローログを設定します。AWS Lambda に Amazon Athena CloudWatch コネクタをデプロイします。コネクタをロググループに接続します。Athena が拒否リストに登録された IP アドレスからのすべての承認済みトラフィックを定期的にクエリし、その結果を S3 バケットに保存するように設定します。S3 バケットに新しいオブジェクトが追加されたときに、Amazon Simple Notification Service (Amazon SNS) トピックを通じてセキュリティチームに自動的に通知するように、S3 イベント通知を設定します。,FALSE,,,,,"答え：A

理由

ほぼリアルタイム通知＋低コスト/低運用なら、VPCフローログ→CloudWatch Logs→メトリクスフィルター→CloudWatch アラーム→SNSが最短。

拒否リストIPに合致するログ行をメトリクス化して1データポイントで即時アラートにできる（評価間隔5分程度）。追加コンポーネント最小で、設定もシンプル。

B(S3+Athena+QuickSight)やC(OpenSearch構築)やD(Athenaコネクタ)は、レイテンシ/運用/コストが増大し、要件の「コスト効率」「ほぼリアルタイム」に不利。",,,2025-11-21
DOP-C02-Q056,"DevOpsエンジニアは、AWS CodePipelineを使用して、以下の手順でWebサービスのデプロイを自動化しました。
1. AWS CodeBuildプロジェクトがデプロイアーティファクトをコンパイルし、単体テストを実行します。
2 .AWS CodeDeployデプロイグループが、ステージング環境のAmazon EC2インスタンス
にWebサービスをデプロイします。3. CodeDeployデプロイグループが、本番環境のEC2インスタンスにWebサービスをデプロイします。
品質保証（QA）チームは、本番環境へのデプロイ前にビルドアーティファクトを検査する権限を要求します。QAチームは、手動テストを実施するために、内部侵入テストツールを実行したいと考えています。このツールは、REST API呼び出しによって呼び出されます。
この要求を満たすために、DevOpsエンジニアはどのようなアクションの組み合わせを実行する必要がありますか？（2つ選択してください。）",TRUE,パイプラインのテスト アクションとデプロイメント アクションの間に手動承認アクションを挿入します。,TRUE,コンパイル段階の buildspec.yml ファイルを変更して、完了前に手動による承認が必要になります。,FALSE,CodeDeploy デプロイメント グループを更新して、続行するには手動による承認が必要になるようにします。,FALSE,パイプラインを更新して、侵入テスト ツールの REST API を直接呼び出します。,FALSE,パイプラインを更新して、侵入テストツールの REST API を呼び出す AWS Lambda 関数を呼び出します。,TRUE,,,"答え：A と E
理由

A 手動承認アクションを本番デプロイ前に挿入して、QA がビルドアーティファクトを確認してからプロモートできるようにする。

E パイプラインから AWS Lambda を呼び出し、そこから社内の侵入テストツールの REST API を実行させる（結果を承認コメントや失敗でブロックにも活用可能）。


不適

B buildspec で承認は不可。

C CodeDeploy には承認待ちのネイティブ機構はない。

D CodePipeline から外部 REST を“直接”呼ぶ機能はなく、通常は Lambda などを介す。",,,2025-11-21
DOP-C02-Q057,ある企業がAWSリージョンでウェブアプリケーションをホスティングしています。災害対策のため、セカンダリリージョンをスタンバイとして使用しています。災害対策の要件では、セッションデータはリージョン間でほぼリアルタイムで複製され、システムの機能を継続的に検証するためにリクエストの1%をセカンダリリージョンにルーティングすることが求められています。さらに、メインリージョンでサービスが中断した場合、トラフィックは自動的にセカンダリリージョンにルーティングされ、セカンダリリージョンはすべてのトラフィックを処理できるようにスケールアップできる必要があります。DevOps エンジニアはこれらの要件をどのように満たすべきでしょうか？,FALSE,両リージョンとも、アプリケーションをAWS Elastic Beanstalkにデプロイし、セッションデータにはAmazon DynamoDBのグローバルテーブルを使用します。ヘルスチェック機能付きのAmazon Route 53加重ルーティングポリシーを使用して、トラフィックをリージョン間で分散します。,TRUE,両リージョンとも、Auto Scalingグループでアプリケーションを起動し、セッションデータにはDynamoDBを使用します。ヘルスチェック機能付きのRoute 53フェイルオーバールーティングポリシーを使用して、トラフィックをリージョン間で分散します。,FALSE,両リージョンにおいて、Amazon API Gateway で公開されている AWS Lambda にアプリケーションをデプロイし、セッションデータについては Amazon RDS for PostgreSQL のクロスリージョンレプリケーションを使用します。クライアント側ロジックを使用してウェブアプリケーションをデプロイし、API Gateway を直接呼び出します。,FALSE,両リージョンで、アプリケーションをAuto Scalingグループで起動し、セッションデータにはDynamoDBグローバルテーブルを使用します。リージョン間でAmazon CloudFrontの加重分散を有効にします。Amazon Route 53 DNSレコードをCloudFrontディストリビューションに指定します。,FALSE,,,,,"答え：A

理由
セッションのほぼリアルタイム複製：DynamoDB グローバルテーブルが最適（マルチリージョン、マルチライター、低レイテンシ同期）。
1% を常時セカンダリへ送る：Route 53 の加重ルーティングで 99%/1% を実現。
自動フェイルオーバー：加重レコードにヘルスチェックを付与すれば、メイン障害時に自動でセカンダリへ切替。
スケール：両リージョンに同一スタック（Elastic Beanstalk 上の ASG/ALB）を用意すれば、セカンダリは必要時にスケールアップ可能。

他案が外れる点
B：フェイルオーバーポリシーは 1% の継続ルーティングを満たせない。
C：RDS クロスリージョンは基本片方向でセッション共有に不向き。
D：「CloudFront の加重分散」はネイティブ機能ではなく、要件充足に不要な複雑化。",,,2025-11-21
DOP-C02-Q058,ある企業が Amazon EC2 インスタンス上でアプリケーションを実行しています。この企業は、一連の AWS CloudFormation スタックを使用してアプリケーションリソースを定義しています。開発者は、ラップトップ上でアプリケーションをビルドおよびテストし、ビルド出力と CloudFormation スタックテンプレートを Amazon S3 にアップロードすることで更新を実行します。開発者が CloudFormation スタックを更新し、新しいバージョンのアプリケーションを EC2 インスタンスにインストールする前に、開発者の同僚が変更内容を 確認します。開発者が各 EC2 インスタンスを新しいアプリケーションで更新する場合、デプロイメントプロセスはエラーが発生しやすく、時間がかかります。この企業は、アプリケーションまたはリソースを変更する前に最終的な手動承認手順を維持しながら、アプリケーションのデプロイメントプロセスを可能な限り自動化したいと考えています。 この企業は既に、アプリケーションのソースコードと CloudFormation テンプレートを AWS CodeCommit に移行しています。また、アプリケーションのビルドとテストを行うための AWS CodeBuild プロジェクトも作成しています。 この企業の要件を満たす手順の組み合わせはどれですか？（2つ選択してください。）,TRUE,AWS CodeDeploy でアプリケーショングループとデプロイメントグループを作成します。EC2 インスタンスに CodeDeploy エージェントをインストールします。,TRUE,AWS CodeDeploy でアプリケーションリビジョンとデプロイメントグループを作成します。CodeDeploy で環境を作成します。EC2 インスタンスを CodeDeploy 環境に登録します。,FALSE,AWS CodePipeline を使用して CodeBuild ジョブを呼び出し、CloudFormation の更新を実行し、手動承認ステップのために一時停止します。承認後、AWS CodeDeploy のデプロイを開始します。,FALSE,AWS CodePipeline を使用して CodeBuild ジョブを呼び出し、各アプリケーションスタックの CloudFormation 変更セットを作成し、手動承認ステップのために一時停止します。承認後、CloudFormation 変更セットを実行し、AWS CodeDeploy のデプロイを開始します。,TRUE,AWS CodePipeline を使用して CodeBuild ジョブを呼び出し、各アプリケーションスタックの CloudFormation 変更セットを作成し、手動承認ステップのために一時停止します。承認後、AWS CodeDeploy のデプロイを開始します。,FALSE,,,"答え：A と D

理由
A：EC2 への自動デプロイには CodeDeploy アプリ & デプロイグループ作成＋エージェント導入が前提。
D：CodePipelineで
CodeBuild実行 →
各スタックのCloudFormation変更セットを作成 →
手動承認（ここで内容を確認） →
変更セットを実行（インフラ更新） →
CodeDeploy でアプリを展開
…という流れで、承認前に変更を適用しない設計を満たす。

不正解のポイント
C：承認前に CloudFormation 更新を実行してしまう。
E：変更セットを実行しないのでインフラ変更が適用されない。
B：「環境登録」は CodeDeploy の正確な用語/手順ではない。",,,2025-11-21
DOP-C02-Q059,DevOpsエンジニアは、Application Load Balancer (ALB) の背後にあるAmazon EC2インスタンス上で実行されるウェブアプリケーションを管理しています。インスタンスは、複数のアベイラビリティゾーンにまたがるEC2 Auto Scalingグループで実行されます。エンジニアは、以下のデプロイメント戦略を実装する必要があります。 元のフリートと同じ容量を持つ2つ目のインスタンスフリートを起動する。2つ目の フリートを起動している間、元のフリートは変更せずに維持する。2つ目の フリートが完全にデプロイされたら、トラフィックを2つ目のフリートに移行する。 移行から1時間後に元のフリートを自動的に終了する。 これらの要件を満たすソリューションはどれでしょうか？,FALSE,AWS CloudFormation テンプレートを使用し、ALB の保持ポリシーを 1 時間に設定してください。Amazon Route 53 レコードを更新して、新しい ALB を反映させてください。,FALSE,2つのAWS Elastic Beanstalk環境を使用して、元の環境から新しい環境へのブルー/グリーンデプロイを実行します。アプリケーションバージョンライフサイクルポリシーを作成し、元の環境を1時間で終了させます。,FALSE,ブルー/グリーン デプロイメント構成で構成されたデプロイメント グループで AWS CodeDeploy を使用するには、[1 時間の待機期間でデプロイメント グループ内の元のインスタンスを終了する] オプションを選択します。,TRUE,AWS Elastic Beanstalk を使用し、設定を「Immutable」に設定します。ALB の削除ポリシーを 1 時間に設定する Resources キーを使用して .ebextension を作成し、アプリケーションをデプロイします。,FALSE,,,,,"答え：C
理由
CodeDeploy（EC2/オンプレ） のブルー/グリーンは、ALB 配下の ASG を対象に「新フリートを起動→トラフィック切替→指定待機時間後に元フリート自動終了」をサポートします（オプション：Terminate original instances after a specified wait time）。要件をそのまま満たせます。

A/D：そのような ALB の保持/削除ポリシーはなく不適。
B：Elastic Beanstalk のアプリバージョンライフサイクルは環境終了の自動化ではないため要件未達。",,,2025-11-21
DOP-C02-Q060,"ある動画共有会社は、動画をAmazon S3に保存しています。動画へのアクセスリクエストが急増していることに気づきましたが、どの動画が最も人気があるのか​​がわかりません。動画ファイルの全体的なアクセスパターンを把握する必要があります。このパターンには、特定の日に特定のファイルにアクセスしたユーザー数や、特定のファイルに対するプルリクエスト数などが含まれます。
これらの要件を最小限の労力で満たすにはどうすればよいでしょうか？",FALSE,S3サーバーのアクセスログを有効にします。アクセスログをAmazon Auroraデータベースにインポートします。Aurora SQLクエリを使用してアクセスパターンを分析します。,FALSE,S3サーバーのアクセスログを有効にします。Amazon Athenaを使用して、ログファイルを含む外部テーブルを作成します。Athenaを使用して、アクセスパターンを分析するためのSQLクエリを作成します。,TRUE,S3オブジェクトへのアクセスイベントごとにAWS Lambda関数を呼び出します。Lambda関数を設定して、ユーザー、S3バケット、ファイルキーなどのファイルアクセス情報をAmazon Auroraデータベースに書き込みます。Aurora SQLクエリを使用してアクセスパターンを分析します。,FALSE,S3オブジェクトへのアクセスイベントごとにAmazon CloudWatch Logsログメッセージを記録します。ユーザー、S3バケット、ファイルキーなどのファイルアクセス情報をAmazon Kinesis Data Analytics for SQLアプリケーションに書き込むようにCloudWatch Logsログストリームを設定します。スライディングウィンドウ分析を実行します。,FALSE,,,,,"答え：B

理由
S3サーバーアクセスログを有効化 → 標準形式で S3 に蓄積
Athenaでログを外部テーブルとして定義 → すぐにSQLで「日別×オブジェクトのユニークユーザー数」「プル（GET）回数」などを集計
追加実装ほぼ不要・フルマネージドで最小労力。
A/C/D はDBやLambda/Kinesisなどの実装・運用が増え、要件に対して過剰。",,,2025-11-21
DOP-C02-Q061,開発チームは、AWS CloudFormationスタックを使用してアプリケーションをデプロイしたいと考えています。しかし、開発者のIAMロールには、AWS CloudFormationテンプレートで指定されたリソースをプロビジョニングするために必要な権限がありません。DevOpsエンジニアは、開発者がスタックをデプロイできるソリューションを実装する必要があります。このソリューションは、最小権限の原則に従う必要があります。 これらの要件を満たすソリューションはどれでしょうか？,FALSE,開発者が必要なリソースをプロビジョニングできるようにするIAMポリシーを作成します。このポリシーを開発者IAMロールにアタッチします。,FALSE,AWS CloudFormationへのフルアクセスを許可するIAMポリシーを作成します。このポリシーを開発者IAMロールにアタッチします。,FALSE,必要な権限を持つAWS CloudFormationサービスロールを作成します。開発者IAMロールにcloudformation:*アクションを付与します。スタックのデプロイ時に新しいサービスロールを使用します。,FALSE,必要な権限を持つAWS CloudFormationサービスロールを作成します。開発者IAMロールにiam:PassRole権限を付与します。スタックのデプロイ時に新しいサービスロールを使用します。,TRUE,,,,,"答え：D

理由
開発者にはリソース作成権限を直接与えず、必要権限を持つ CloudFormation サービスロールを用意。

開発者には iam:PassRole のみを許可して、そのロールを CloudFormation スタック作成時に「サービスロールとして指定」させる。
→ CloudFormation が代わりにリソースをプロビジョニングするため、最小権限の原則を満たす。

他案が不適な理由
A: 開発者に直接多くの権限を付与 → 最小権限に反する。
B: CloudFormation フルアクセスは過剰権限。
C: cloudformation:* を付与しても、リソース作成時の実リソース権限が不足しエラーになる。",,,2025-11-21
DOP-C02-Q062,"本番環境アカウントでは、手動でログインしたAmazon EC2インスタンスは24時間以内に終了する必要があるという要件があります。本番環境アカウント内のすべてのアプリケーションは、Amazon CloudWatch Logsエージェントが設定されたAuto Scalingグループを使用しています。
このプロセスを自動化するにはどうすればよいですか？",FALSE,AWS Step Functions アプリケーションへの CloudWatch Logs サブスクリプションを作成します。ログインイベントを生成した EC2 インスタンスにタグを追加し、そのインスタンスを廃止対象としてマークするように AWS Lambda 関数を設定します。Amazon EventBridge ルールを作成し、このタグを持つすべてのインスタンスを 1 日に 1 回終了する 2 つ目の Lambda 関数を実行します。,FALSE,ログインイベントによって呼び出されるAmazon CloudWatchアラームを作成します。運用チームがサブスクライブしているAmazon Simple Notification Service（Amazon SNS）トピックに通知を送信し、24時間以内にEC2インスタンスを終了させるように指示します。,FALSE,ログインイベントによって呼び出される Amazon CloudWatch アラームを作成します。アラームは Amazon Simple Queue Service (Amazon SQS) キューに送信するように設定します。ワーカーインスタンスのグループを使用してキューからのメッセージを処理し、Amazon EventBridge ルールの呼び出しをスケジュールします。,FALSE,AWS Lambda関数へのCloudWatch Logsサブスクリプションを作成します。ログインイベントを生成したEC2インスタンスにタグを追加し、そのインスタンスを廃止対象としてマークするように関数を設定します。Amazon EventBridgeルールを作成し、このタグを持つすべてのインスタンスを毎日終了するLambda関数を実行します。,TRUE,,,,,"答え：D
理由
目的は「手動ログインした EC2 インスタンスを自動検出 → 24 時間以内に終了」。

各インスタンスには CloudWatch Logs エージェントがあるため、ログインイベントをトリガーにできる。

仕組みの流れ
CloudWatch Logs サブスクリプション → ログに “ログイン成功” イベントを検出。
そのイベントで Lambda を起動 → 対象インスタンスに ""TerminateAfter24h"" のようなタグを付与。
EventBridge ルール（1日1回実行） → 該当タグを持つインスタンスを検出 → 別の Lambda で終了。

これにより 自動化かつ最小構成で要件（「ログイン後24時間以内に終了」）を満たす。

他案が不適な理由
A: Step Functions は過剰でコスト・複雑性が増す。
B: 手動対応が必要で自動化要件を満たさない。
C: SQS＋ワーカー群は冗長で、単純スケジューラに比べて管理が煩雑。",,,2025-11-21
DOP-C02-Q063,"ある企業は、AWS Organizations で組織全体のすべての機能を有効にしています。組織には 10 個の AWS アカウントがあり、すべてのアカウントで AWS CloudTrail を有効にしています。組織内の AWS アカウント数は来年中に 500 に増加すると予想されています。これらのアカウントには複数の OU を使用する予定です。
組織内の既存の各 AWS アカウントで AWS Config を有効にしています。DevOps エンジニアは、組織内で今後作成されるすべての AWS アカウントに対して AWS Config を自動的に有効にするソリューションを実装する必要があります。
この要件を満たすソリューションはどれですか。",FALSE,組織の管理アカウントで、CreateAccount API 呼び出しに反応する Amazon EventBridge ルールを作成します。ルールを設定して、組織の AWS Config への信頼できるアクセスを可能にする AWS Lambda 関数を呼び出すようにします。,FALSE,組織の管理アカウントで、AWS Config を有効にする AWS CloudFormation スタックセットを作成します。Organizations を通じてアカウントが作成されたときに、スタックセットが自動的にデプロイされるように設定します。,TRUE,組織の管理アカウントで、AWS Config を有効にするための適切な AWS Config API 呼び出しを許可する SCP を作成します。この SCP をルートレベルの OU に適用します。,FALSE,組織の管理アカウントで、CreateAccount API 呼び出しに反応する Amazon EventBridge ルールを作成します。ルールを設定して、AWS Systems Manager Automation ランブックを呼び出し、アカウントで AWS Config を有効にします。,FALSE,,,,,"答え：B

理由
StackSets（サービス管理型権限）＋自動デプロイを使えば、Organizations で新規作成されたアカウント／対象OUに対し、AWS Config の有効化スタックを自動配布できます。

A/D はイベント駆動の自作実装で過剰、C はSCPで許可枠を制御するだけで有効化はされないため不適。",,,2025-11-21
DOP-C02-Q064,ある企業には多数のアプリケーションがあり、社内の複数のチームが複数の言語とフレームワークを用いてアプリケーションを開発しています。アプリケーションはオンプレミスで稼働しており、異なるオペレーティングシステムを搭載した複数のサーバー上で稼働しています。各チームは独自のリリースプロトコルとプロセスを持っています。企業はこれらのアプリケーションのリリースとメンテナンスの複雑さを軽減したいと考えています。 そこで、これらのアプリケーションを含むテクノロジースタックをAWSに移行しています。企業は、ソースコードの集中管理、一貫性と自動化されたデリバリーパイプライン、そして基盤となるインフラストラクチャにおけるメンテナンスタスクの最小化を望んでいます。DevOps エンジニアはこれらの要件を満たすために何をすべきでしょうか？,FALSE,すべてのアプリケーションに対して1つのAWS CodeCommitリポジトリを作成します。各アプリケーションのコードを異なるブランチに配置します。ブランチをマージし、AWS CodeBuildを使用してアプリケーションをビルドします。AWS CodeDeployを使用して、アプリケーションを1つの集中型アプリケーションサーバーにデプロイします。,FALSE,アプリケーションごとに1つのAWS CodeCommitリポジトリを作成します。AWS CodeBuildを使用して、アプリケーションを1つずつビルドします。AWS CodeDeployを使用して、アプリケーションを1つの集中型アプリケーションサーバーにデプロイします。,FALSE,アプリケーションごとに1つのAWS CodeCommitリポジトリを作成します。AWS CodeBuildを使用して、アプリケーションを1つずつビルドし、サーバーごとに1つのAMIを作成します。AWS CloudFormation StackSetsを使用して、これらのAMIを使用してAmazon EC2フリートのプロビジョニングとデコミッションを自動的に実行します。,FALSE,アプリケーションごとに1つのAWS CodeCommitリポジトリを作成します。AWS CodeBuildを使用して、Amazon Elastic Container Registry（Amazon ECR）内のアプリケーションごとに1つのDockerイメージを構築します。AWS CodeDeployを使用して、AWS Fargateが管理するインフラストラクチャ上のAmazon Elastic Container Service（Amazon ECS）にアプリケーションをデプロイします。,TRUE,,,,,"答え：D

理由
言語・フレームワークがバラバラでも、コンテナ化すればパイプラインを標準化可能。

ECR + ECS(Fargate) で“サーバーレスに近い”運用（ホスト管理・OSパッチ不要）→ 基盤メンテ最小化。

CodeCommit → CodeBuild（Dockerビルド） → CodeDeploy（ECSブルー/グリーン可）で一貫した自動デリバリーを実現。

A/B は単一サーバー依存で保守・拡張に不利、C は AMI/EC2 運用が増えメンテ負荷が高い。",,,2025-11-21
DOP-C02-Q065,"ある企業のアプリケーションは現在、単一のAWSリージョンにデプロイされています。最近、この企業は別の大陸に新しいオフィスを開設しました。新オフィスのユーザーは高いレイテンシーを経験しています。この企業のアプリケーションは、Application Load Balancer (ALB) の背後にある Amazon EC2 インスタンス上で実行され、データベース層には Amazon DynamoDB を使用しています。これらのインスタンスは、複数のアベイラビリティゾーンにまたがる EC2 Auto Scaling グループ内で実行されています。DevOps エンジニアは、アプリケーションの応答時間を最小限に抑え、両リージョンのユーザーの可用性を向上させるという任務を負っています。
レイテンシーの問題に対処するには、どのような組み合わせのアクションを実行する必要がありますか？（3つ選択してください。）",TRUE,ク​​ロスリージョンレプリケーションを有効にして、新しいリージョンに新しい DynamoDB テーブルを作成します。,FALSE,新しい ALB と Auto Scaling グループのグローバル リソースを作成し、トラフィックを新しい Auto Scaling グループに送信するように新しい ALB を構成します。,FALSE,新しいリージョンに新しい ALB と Auto Scaling グループ リソースを作成し、トラフィックを新しい Auto Scaling グループに送信するように新しい ALB を設定します。,TRUE,ALB にルーティングするための Amazon Route 53 レコード、ヘルスチェック、レイテンシーベースのルーティングポリシーを作成します。,TRUE,ALB にルーティングするための Amazon Route 53 エイリアス、ヘルスチェック、およびフェイルオーバールーティングポリシーを作成します。,FALSE,DynamoDB テーブルをグローバル テーブルに変換します。,TRUE,"答え：C、D、F

理由
C：新リージョンにも同構成（ALB＋ASG）を用意して近接処理 → レイテンシ低減。
D：Route 53 のレイテンシーベースルーティング＋ヘルスチェックで、各ユーザーを最寄りリージョンへ誘導しつつ可用性向上。
F：DynamoDB グローバルテーブルにしてマルチリージョン複製・ローカル読み書き → DBレイテンシ低減＆耐障害性向上。
A は古い表現で、実現手段としては F（Global Tables）が適切。B は ALB/ASG はリージョン単位のため不正確。",,,2025-11-21
DOP-C02-Q066,"DevOpsエンジニアは、既存のAWSアカウントセットにコアとなるセキュリティコントロールを適用する必要があります。アカウントはAWS Organizations内の組織に属しています。各チームは、AWS管理ポリシー「AdministratorAccess」を使用して個々のアカウントを管理します。すべてのアカウントに対して、利用可能なすべてのAWSリージョンでAWS CloudTrailとAWS Configを有効にする必要があります。個々のアカウント管理者は、ベースラインリソースを編集または削除することはできません。ただし、個々のアカウント管理者は、自身のCloudTrail証跡とAWS Configルールを編集または削除できる必要があります。
これらの要件を最も運用効率の高い方法で満たすソリューションはどれでしょうか？",FALSE,標準アカウントリソースを定義するAWS CloudFormationテンプレートを作成します。CloudFormation StackSetsを使用して、組織の管理アカウントからすべてのアカウントにテンプレートをデプロイします。スタックポリシーでUpdate:Deleteアクションを拒否するように設定します。,FALSE,AWS Control Tower を有効にします。既存のアカウントを AWS Control Tower に登録します。各アカウント管理者に CloudTrail と AWS Config へのアクセス権を付与します。,FALSE,AWS Config 管理アカウントを指定します。AWS CloudFormation StackSets を使用して、すべてのアカウントに AWS Config レコーダーを作成します。AWS Config 管理アカウントを使用して、AWS Config ルールを組織にデプロイします。組織の管理アカウントに CloudTrail 組織証跡を作成します。SCP を使用して、AWS Config レコーダーの変更または削除を拒否します。,TRUE,標準アカウントリソースを定義するAWS CloudFormationテンプレートを作成します。Cloud Formation StackSetsを使用して、組織の管理アカウントからすべてのアカウントにテンプレートをデプロイします。プリンシパルが組織の管理アカウントの管理者でない限り、CloudTrailリソースまたはAWS Configリソースの更新または削除を防止するSCPを作成します。,FALSE,,,,,"答え：C

理由
CloudTrailは管理アカウントで組織証跡（Organization Trail）を作成すると、全アカウント・全リージョンへ強制適用され、各アカウント管理者は自分用の証跡は作成・編集可だが、組織証跡は変更不可。

AWS Configは委任管理アカウント（delegated admin）を指定し、そこから組織ルールを配布すれば、メンバー側はベースラインの組織ルールを編集/削除できない一方で、自分のルールは自由に管理可能。

StackSetsで全アカウントにConfig レコーダー有効化を配布し、併せて SCP で recorder の停止/削除を拒否すれば、常時有効を担保できる。

A/D は StackSets/SCP の粒度が粗く、メンバーが自分の CloudTrail/Config ルールを管理できない恐れ。
B は Control Tower 導入・既存アカウント登録のオーバーヘッドが大きく、要件に対する最小運用労力ではない。",,,2025-11-21
DOP-C02-Q067,ある企業は、AWS Organizations 内の組織に AWS アカウントを保有しています。AWS Config は各 AWS アカウントで手動で設定されています。この企業は、組織内のすべてのアカウントの AWS Config を一元的に設定するためのソリューションを実装する必要があります。また、このソリューションでは、リソースの変更を中央アカウントに記録する必要があります。 これらの要件を満たすために、DevOps エンジニアはどのようなアクションの組み合わせを実行する必要がありますか？（2つ選択してください。）,TRUE,AWS Config の委任管理者アカウントを設定します。組織内で AWS Config への信頼されたアクセスを有効にします。,TRUE,AWS Config の委任管理者アカウントを設定します。組織の管理アカウントに AWS Config のサービスにリンクされたロールを作成します。,FALSE,AWS Config アグリゲータを作成するための AWS CloudFormation テンプレートを作成します。組織内のすべてのアカウントにテンプレートをデプロイするように CloudFormation スタックセットを設定します。,FALSE,組織の管理アカウントにAWS Config組織アグリゲータを作成します。組織内のすべてのAWSアカウントとすべてのAWSリージョンからのデータ収集を設定します。,FALSE,委任された管理者アカウントにAWS Config組織アグリゲータを作成します。組織内のすべてのAWSアカウントとすべてのAWSリージョンからのデータ収集を設定します。,TRUE,,,"答え：A と E

理由
A：Organizations で AWS Config の信頼されたアクセスを有効化し、委任管理者アカウントを指定すると、そのアカウントから組織全体の Config 設定を一元管理できる。

E：委任管理者アカウント側で AWS Config の組織アグリゲータを作成し、全アカウント・全リージョンを集約対象に設定すると、リソース変更（設定履歴・準拠状況）を中央で集約できる。

C は各アカウントにアグリゲータを配る誤り、D は管理アカウント直下での運用となり、委任管理者を使った運用一元化の意図に反する。",,,2025-11-21
DOP-C02-Q068,"ある企業は、Amazon EC2 でホストされているコンテンツ共有ウェブアプリケーションをサーバーレスアーキテクチャに移行したいと考えています。現在、同社はアプリケーションへの変更をデプロイする際に、EC2 インスタンスの新しい Auto Scaling グループと新しい Elastic Load Balancer を作成し、Amazon Route 53 の加重ルーティングポリシーを使用してトラフィックを分散させています。
新しいサーバーレスアプリケーションでは、Amazon API Gateway と AWS Lambda を使用する予定です。新しいアプリケーションに対応するために、デプロイプロセスを更新する必要があります。また、新機能を全ユーザーベースに展開する前に、少数のユーザーでテストする機能も維持する必要があります。
これらの要件を満たすデプロイ戦略はどれでしょうか？",FALSE,AWS CDK を使用して API Gateway と Lambda 関数をデプロイします。コードを変更する必要がある場合は、AWS CloudFormation スタックを更新し、新しいバージョンの API と Lambda 関数をデプロイします。カナリアリリース戦略には、Route 53 フェイルオーバールーティングポリシーを使用します。,FALSE,AWS CloudFormation を使用して、Lambda 関数のバージョンに対応した API Gateway と Lambda 関数をデプロイします。コードを変更する必要がある場合は、CloudFormation スタックを新しい Lambda コードで更新し、カナリアリリース戦略を使用して API バージョンを更新します。テストが完了したら、新しいバージョンを昇格します。,TRUE,AWS Elastic Beanstalk を使用して、API Gateway と Lambda 関数をデプロイします。コードの変更が必要な場合は、API と Lambda 関数の新しいバージョンをデプロイします。Elastic Beanstalk のブルー/グリーンデプロイを使用して、トラフィックを段階的に移行します。,FALSE,AWS OpsWorks を使用して、サービスレイヤーに API Gateway を、カスタムレイヤーに Lambda 関数をデプロイします。コードを変更する必要がある場合は、OpsWorks を使用してブルー/グリーンデプロイを実行し、トラフィックを段階的に移行します。,FALSE,,,,,"答え：B
理由
API Gatewayはステージのカナリアリリースをサポート、Lambdaはバージョン＋エイリアスで段階的トラフィック移行が可能（少数ユーザーで先行検証→昇格）。


これらをCloudFormationで宣言的に管理すれば、更新時に新バージョンをデプロイ→カナリア比率で配信→問題なければ昇格まで自動化できる。


AのRoute 53フェイルオーバーはカナリア用途に不適、C/Dはサーバーレス構成にミスマッチ。

",,,2025-11-21
DOP-C02-Q069,"開発チームは、AWS CodeCommit、AWS CodePipeline、AWS CodeBuild を使用してアプリケーションを開発およびデプロイしています。コードへの変更はプルリクエストによって送信されます。開発チームはプルリクエストをレビューしてマージし、パイプラインによってアプリケーションのビルドとテストが行​​われます。
時間が経つにつれて、プルリクエストの数が増加してきました。テストの失敗により、パイプラインが頻繁にブロックされるようになりました。このブロックを防ぐため、開発チームは各プルリクエストがマージされる前に、ユニットテストと統合テストを実行したいと考えています。
これらの要件を満たすソリューションはどれでしょうか？",FALSE,ユニットテストと統合テストを実行するためのCodeBuildプロジェクトを作成します。CodeCommit承認ルールテンプレートを作成します。テンプレートは、CodeBuildプロジェクトの正常な呼び出しを要求するように設定します。承認ルールをプロジェクトのCodeCommitリポジトリにアタッチします。,FALSE,CodeCommit からの pullRequestCreated イベントに一致する Amazon EventBridge ルールを作成します。ユニットテストと統合テストを実行するための CodeBuild プロジェクトを作成します。CodeBuild プロジェクトを、CodeCommit リポジトリとイベントのブランチ情報を含むカスタムイベントペイロードを含む EventBridge ルールのターゲットとして設定します。,TRUE,CodeCommit からの pullRequestCreated イベントに一致する Amazon EventBridge ルールを作成します。既存の CodePipeline パイプラインを変更し、プルリクエストからビルドが開始された場合はデプロイステップが実行されないようにします。EventBridge ルールを設定し、CodeCommit リポジトリとイベントのブランチ情報を含むカスタムペイロードを使用してパイプラインを実行します。,FALSE,ユニットテストと統合テストを実行するためのCodeBuildプロジェクトを作成します。プルリクエストが作成または更新されたときに通知するCodeCommit通知ルールを作成します。通知ルールは、CodeBuildプロジェクトを呼び出すように設定してください。,FALSE,,,,,"答え：B
理由

目的は「マージ前に各PRでユニット/統合テストを自動実行」して、本線の CodePipeline が壊れるのを防ぐこと。

EventBridgeで pullRequestCreated をトリガに CodeBuild を起動し、PRのブランチ/コミットに対してテストを走らせれば要件を満たせます（ペイロードでリポジトリ名・ブランチなどを渡す）。

A のように CodeCommit 承認ルールで「CodeBuild 成功を必須」はネイティブには不可。

C は本線のパイプラインを都度回す複雑さが増大。

D の通知ルールは SNS 連携であり、直接 CodeBuild を起動できません.",,,2025-11-21
DOP-C02-Q070,"ある企業には、Amazon EC2 インスタンス群で実行されるアプリケーションがあります。このアプリケーションは頻繁に再起動する必要があります。再起動が必要な場合、アプリケーションログにはエラーメッセージが含まれます。アプリケーションログは、Amazon CloudWatch Logs のロググループに公開されます。
ログに再起動に関連するエラーメッセージが大量に含まれている場合、Amazon CloudWatch アラームは Amazon Simple Notification Service (Amazon SNS) トピックを通じてアプリケーションエンジニアに通知します。アプリケーションエンジニアは、SNS トピックから通知を受け取った後、インスタンス上のアプリケーションを手動で再起動します。DevOps
エンジニアは、インスタンスを再起動せずにインスタンス上のアプリケーションの再起動を自動化するソリューションを実装する必要があります。
これらの要件を最も運用効率の高い方法で満たすソリューションはどれですか。",FALSE,インスタンス上のアプリケーションを再起動するスクリプトを実行するAWS Systems Manager Automation Runbookを設定します。このRunbookを呼び出すようにSNSトピックを設定します。,FALSE,インスタンス上のアプリケーションを再起動するAWS Lambda関数を作成します。このLambda関数をSNSトピックのイベント送信先として設定します。,FALSE,インスタンス上のアプリケーションを再起動するスクリプトを実行するAWS Systems Manager Automation Runbookを設定します。Runbookを呼び出すAWS Lambda関数を作成します。Lambda関数をSNSトピックのイベント送信先として設定します。,FALSE,インスタンス上のアプリケーションを再起動するスクリプトを実行するAWS Systems Manager Automation Runbookを設定します。CloudWatchアラームがALARM状態になったときに反応するAmazon EventBridgeルールを設定します。このRunbookをルールのターゲットとして指定します。,TRUE,,,,,"答え：D
理由
CloudWatch アラーム → EventBridge → SSM Automation Runbookの直結が最小構成で運用効率◎。

Runbook で各 EC2（SSM 管理下）に対しサービス再起動スクリプト/SSM Commandを実行すれば、インスタンスを落とさずアプリだけ再起動可能。

A SNS から Runbook を直接起動できない／連携が弱い。B は Lambda 経由で SSM を叩く余計な中継。C も SNS→Lambda→Runbook の多段で複雑化。",,,2025-11-21
DOP-C02-Q071,"ある企業のDevOpsエンジニアは、全ユーザーがAWS IAM Identity Center（AW​​S Single Sign-On）を使用するAWS環境をサポートしています。この企業は、新規IAMユーザーの認証情報を直ちに無効化し、セキュリティチームに通知を送付したいと考えています。
これらの要件を満たすために、DevOpsエンジニアが実行すべき手順の組み合わせはどれですか（3つ選択してください）。",TRUE,AWS CloudTrail の IAM CreateUser API 呼び出しに反応する Amazon EventBridge ルールを作成します。,TRUE,AWS CloudTrail の IAM GetLoginProfile API 呼び出しに反応する Amazon EventBridge ルールを作成します。,FALSE,EventBridgeルールのターゲットとなるAWS Lambda関数を作成します。Lambda関数を設定して、アクセスキーを無効化し、IAMユーザーに関連付けられているログインプロファイルを削除します。,TRUE,EventBridge ルールのターゲットとなる AWS Lambda 関数を作成します。IAM ユーザーに関連付けられているログインプロファイルを削除するように Lambda 関数を設定します。,FALSE,EventBridge ルールのターゲットとなる Amazon Simple Notification Service (Amazon SNS) トピックを作成します。セキュリティチームのグループメールアドレスをトピックにサブスクライブします。,TRUE,Lambda関数のターゲットとなるAmazon Simple Queue Service（Amazon SQS）キューを作成します。セキュリティチームのグループメールアドレスをキューに登録します。,FALSE,"答え：A、C、E
理由
A: CloudTrailのIAM CreateUserイベントでEventBridgeをトリガーし、新規ユーザー作成を即検知。

C: ターゲットのLambdaで、そのユーザーのアクセスキー無効化＆ログインプロファイル削除を実行＝認証情報を即座に使えなくする。

E: SNSでセキュリティチームへ通知（メール購読）＝運用フローに連携。

Bは検知に不適切、Dはアクセスキー無効化が抜ける、Fは通知にSQSを使う不適切設計。",,,2025-11-21
DOP-C02-Q072,"ある企業が継続的デリバリーパイプラインを構築したいと考えています。アプリケーションコードはGitHubのプライベートリポジトリに保存しています。アプリケーションコンポーネントをAmazon Elastic Container Service（Amazon ECS）、Amazon EC2、AWS Lambdaにデプロイする必要があります。パイプラインは手動承認アクションをサポートする必要があります。
これらの要件を満たすソリューションはどれでしょうか？",FALSE,AWS CodePipeline を Amazon ECS、Amazon EC2、および Lambda と併せてデプロイプロバイダーとして使用します。,FALSE,デプロイプロバイダーとして AWS CodeDeploy を備えた AWS CodePipeline を使用します。,TRUE,デプロイプロバイダーとして AWS Elastic Beanstalk を使用した AWS CodePipeline を使用します。,FALSE,GitHub 統合を備えた AWS CodeDeploy を使用してアプリケーションをデプロイします。,FALSE,,,,,"答え：B
理由

CodePipelineはGitHub(プライベート)をソースにでき、手動承認アクションをネイティブにサポート。

CodeDeployはECS／EC2／Lambdaのデプロイに対応（ECSのブルー/グリーン、EC2/オンプレ、Lambdaの段階リリース）。
→ 要件を1本のパイプラインで網羅。",,,2025-11-21
DOP-C02-Q073,"ある企業では、Auto Scaling グループに属する Amazon EC2 インスタンス上で動作するアプリケーションを運用しています。アプリケーションを起動すると、リクエストへの対応を開始する前に、Amazon S3 バケットからデータを処理する必要があります。しかし、
S3 バケットに保存されるデータのサイズは増加傾向にあります。Auto Scaling グループが新しいインスタンスを追加すると、アプリケーションがリクエストに対応できるようになるまでに、データのダウンロードと処理に数分かかるようになりました。企業は、新しい EC2 インスタンスがリクエストに対応できるようになるまでの時間を短縮する必要があります。アプリケーション
の起動時間を短縮する最も費用対効果の高いソリューションはどれでしょうか？",FALSE,Auto Scalingグループに、停止状態のウォームアップされたEC2インスタンスを含むウォームプールを設定します。Auto Scalingグループにautoscaling:EC2_INSTANCE_LAUNCHINGライフサイクルフックを設定します。アプリケーションがリクエストを処理できる状態になったら、ライフサイクルフックを完了するようにアプリケーションを変更します。,TRUE,Auto Scalingグループの最大インスタンス数を増やします。Auto Scalingグループにautoscaling:EC2_INSTANCE_LAUNCHINGライフサイクルフックを設定します。アプリケーションがリクエストを処理できる状態になったらライフサイクルフックを完了するようにアプリケーションを変更します。,FALSE,Auto Scalingグループに、実行状態のウォームアップされたEC2インスタンスを含むウォームプールを設定します。Auto Scalingグループにautoscaling:EC2_INSTANCE_LAUNCHINGライフサイクルフックを設定します。アプリケーションがリクエストを処理できる状態になったら、ライフサイクルフックを完了するようにアプリケーションを変更します。,FALSE,Auto Scalingグループの最大インスタンス数を増やします。Auto Scalingグループにautoscaling:EC2_INSTANCE_LAUNCHINGライフサイクルフックを設定します。アプリケーションを修正し、ライフサイクルフックを完了し、リクエストを処理できる状態になったら新しいインスタンスをスタンバイ状態にします。,FALSE,,,,,"答え：A

理由
Warm Pools（停止状態）に同容量のインスタンスを事前確保しておけば、スケールアウト時に素早く実稼働へ引き上げ可能でコスト効率が高い（実行中Warmより安い）。

起動ライフサイクルフックでアプリの初期化（S3データ取得・前処理）完了までインスタンスをターゲット登録/トラフィック受け入れさせず、準備完了後にフック完了させてサービスイン。

B/D はインスタンス数を増やしても各インスタンスの初期化時間は短縮できない。

C は Warm を常時実行状態で保持しコスト高。",,,2025-11-21
DOP-C02-Q074,"ある企業は、AWS CodeBuild プロジェクトを使用してアプリケーションのビルドとパッケージ化を行っています。パッケージは共有の Amazon S3 バケットにコピーされ、複数の AWS アカウントにデプロイされます。buildspec.yml
ファイルには以下の記述があります。DevOpsエンジニアは、AWS アカウントを持つ誰でもアーティファクトをダウンロードできることに気付きました。
これを阻止するには、どのような対策を講じるべきでしょうか？

version: 0.2
phases:
  build:
    commands:
      - go build -o myapp
  post_build:
    commands:
      - aws s3 cp --acl authenticated-read myapp s3://artifacts/",FALSE,post_build コマンドを変更して --acl public-read を使用し、関連する AWS アカウントにのみ読み取りアクセスを許可するバケットポリシーを設定します。,FALSE,認証されたユーザーのセットを関連する AWS アカウントのみとして定義し、読み取り専用アクセスを許可する S3 バケットのデフォルト ACL を設定します。,FALSE,関連する AWS アカウントへの読み取りアクセスを許可し、プリンシパル「*」への読み取りアクセスを拒否する S3 バケットポリシーを作成します。,FALSE,post_build コマンドを変更して --acl authenticated-read を削除し、関連する AWS アカウントへの読み取りアクセスのみを許可するバケットポリシーを設定します。,TRUE,,,,,"答え：D

✅ 理由
--acl authenticated-read は、**「全 AWS アカウントの認証ユーザーに読み取りを許可」**するACLです。
→ つまり、どのAWSアカウントのユーザーでも認証さえすればダウンロード可能になります。

よって、このACL指定を削除し、代わりに明示的なS3バケットポリシーで許可するアカウントを限定すべきです。

🚫 他の選択肢が不適な理由
A: --acl public-read はさらに危険。全世界がアクセス可能になる。
B: S3の「デフォルトACL」ではアカウント単位制御はできない。
C: 「*を拒否」は正しい方向だが、--acl authenticated-read が残っている限り意味がない。
👉 よって、最小権限の原則に基づき、ACLを削除し、バケットポリシーでアクセス主体を明示的に制限する＝Dが正解です。",,,2025-11-21
DOP-C02-Q075,ある企業がAWS上でホストされるサーバーレスWebアプリケーションを開発しました。このアプリケーションは、Amazon S3、Amazon API Gateway、複数のAWS Lambda関数、そしてAmazon RDS for MySQLデータベースで構成されています。同社はソースコードの保存にAWS CodeCommitを使用しています。ソースコードは、AWS Serverless Application Model（AWS SAM）テンプレートとPythonコードを組み合わせたものです。 セキュリティ監査と侵入テストの結果、データベース認証用のユーザー名とパスワードがCodeCommitリポジトリ内にハードコードされていることが判明しました。DevOpsエンジニアは、ハードコードされたシークレットを自動的に検出し、防止するソリューションを実装する必要があります。 これらの要件を満たす最も安全なソリューションは何でしょうか？,FALSE,Amazon CodeGuru Profiler を有効にします。ハンドラー関数を @with_lambda_profiler() で修飾します。推奨事項レポートを手動で確認します。シークレットを安全な文字列として AWS Systems Manager パラメータストアに書き込みます。SAM テンプレートと Python コードを更新して、パラメータストアからシークレットを取得します。,FALSE,CodeCommitリポジトリをAmazon CodeGuru Reviewerに関連付けます。コードレビューで推奨事項がないか手動で確認します。シークレットを保護するオプションを選択します。SAMテンプレートとPythonコードを更新し、AWS Secrets Managerからシークレットを取得します。,TRUE,Amazon CodeGuru Profiler を有効にします。ハンドラー関数を @with_lambda_profiler() で修飾します。推奨事項レポートを手動で確認します。シークレットを保護するオプションを選択します。SAM テンプレートと Python コードを更新して、AWS Secrets Manager からシークレットを取得します。,FALSE,CodeCommitリポジトリをAmazon CodeGuru Reviewerに関連付けます。コードレビューで推奨事項がないか手動で確認します。シークレットを文字列としてAWS Systems Managerパラメータストアに書き込みます。SAMテンプレートとPythonコードを更新して、パラメータストアからシークレットを取得します。,FALSE,,,,,"答え：B

理由
ハードコードされた認証情報の自動検出・防止には、CodeCommit と連携できる Amazon CodeGuru Reviewer の Secrets Detector が最適。PR やリポジトリスキャンでシークレット混入を検知し、修正提案を出せます。

機密情報の保管先は、AWS Secrets Manager が最も安全で管理機能（自動ローテーション、細粒度 IAM、監査）が充実。

Profilerは性能解析用で不適（A/C）。Parameter Store（SecureString）は可だが、要件の「最も安全」に対しては Secrets Manager が望ましい（A/D では不十分）。",,,2025-11-21
DOP-C02-Q076,"ある企業は、重要な文書を保存するためにAmazon S3バケットを使用しています。ところが、一部のS3バケットが暗号化されていないことが判明しました。現在、同社のIAMユーザーは、暗号化なしで新しいS3バケットを作成できます。同社は、すべてのS3バケットを暗号化するという新しい要件を導入しようとしています。DevOps

エンジニアは、既存のすべてのS3バケットとすべての新しいS3バケットでサーバー側の暗号化が有効になっていることを確認するソリューションを実装する必要があります。新しいS3バケットが作成されたらすぐに、暗号化を有効にする必要があります。デフォルトの暗号化タイプは、256ビットのAdvanced Encryption Standard（AES-256）である必要があります。

これらの要件を満たすソリューションはどれでしょうか？",FALSE,Amazon EventBridge のスケジュールルールによって定期的に呼び出される AWS Lambda 関数を作成します。この Lambda 関数をプログラムして、現在のすべての S3 バケットの暗号化ステータスをスキャンし、暗号化設定のない S3 バケットのデフォルトの暗号化として AES-256 を設定します。,FALSE,AWS Config マネージドルール「s3-bucket-server-side-encryption-enabled」を設定して有効化します。修復アクションとして AWS Systems Manager Automation ランブック「AWS-EnableS3BucketEncryption」を使用するようにルールを設定します。既存の S3 バケットがコンプライアンスに準拠していることを確認するために、再評価プロセスを手動で実行します。,TRUE,Amazon EventBridge イベントルールによって呼び出される AWS Lambda 関数を作成します。新しい S3 バケットの作成に一致するイベントパターンを使用してルールを定義します。EventBridge イベントを解析し、イベントから S3 バケットの設定を確認し、デフォルトの暗号化として AES-256 を設定するように Lambda 関数をプログラムします。,FALSE,s3:x-amz-server-side-encryption 条件キーの値が AES-256 以外の場合、s3:CreateBucket アクションを拒否する IAM ポリシーを設定します。社内の全 IAM ユーザー用の IAM グループを作成し、IAM ポリシーを IAM グループに関連付けます。,FALSE,,,,,"答え：B
理由

既存バケットと新規バケットの双方でサーバー側暗号化（SSE-S3: AES-256）を強制＆自動 remediateするには、AWS Config のマネージドルール s3-bucket-server-side-encryption-enabled に SSM Automation ランブック AWS-EnableS3BucketEncryption を紐づけるのが最適。

これで新規作成直後のバケットも検出→自動でデフォルト暗号化 AES-256 を適用。既存バケットも評価・修復可能。

他案が不適な理由
A: 定期実行は“即時適用”を保証できない。
C: 新規バケットのみ対応で、既存バケットをカバーしない。
D: CreateBucket には s3:x-amz-server-side-encryption 条件は適用できず、要件を満たせない。",,,2025-11-21
DOP-C02-Q077,"DevOpsエンジニアは、AWS上で稼働する企業のSaaS（Software as a Service）ウェブアプリケーションの継続的開発戦略を設計しています。アプリケーションとセキュリティ上の理由から、このアプリケーションをサブスクライブするユーザーは複数のApplication Load Balancer（ALB）に分散され、各ALBには専用のAuto ScalingグループとAmazon EC2インスタンスのフリートが割り当てられています。このアプリケーションはビルドステージを必要とせず、AWS CodeCommitにコミットされると、すべてのALB、Auto Scalingグループ、EC2フリートへの同時デプロイをトリガーする必要があります。

これらの要件を、最小限の設定で満たすアーキテクチャはどれでしょうか？",FALSE,各 ALB-Auto Scaling グループのペアに対して作成された固有の AWS CodeDeploy アプリケーションとデプロイメントグループを使用して、アプリケーションを並列にデプロイする単一の AWS CodePipeline パイプラインを作成します。,FALSE,単一の AWS CodeDeploy アプリケーションと単一のデプロイメントグループを使用してアプリケーションをデプロイする単一の AWS CodePipeline パイプラインを作成します。,FALSE,単一の AWS CodeDeploy アプリケーションと、ALB-Auto Scaling グループのペアごとに一意のデプロイメントグループを使用して、アプリケーションを並列にデプロイする単一の AWS CodePipeline パイプラインを作成します。,TRUE,同じ ALB-Auto Scaling グループ ペア用に作成された AWS CodeDeploy アプリケーションとデプロイメント グループを使用してアプリケーションをデプロイする ALB-Auto Scaling グループ ペアごとに AWS CodePipeline パイプラインを作成します。,FALSE,,,,,"答え：C

理由

1本の CodePipeline を CodeCommit 変更で起動し、同ステージ内に並列の CodeDeploy アクションを配置。

CodeDeploy は1アプリケーション配下に複数のデプロイメントグループを持てるので、ALB+ASG のペアごとに1デプロイメントグループを作成して同時デプロイを実現。

A はアプリケーションをペアごとに分けてしまい設定が増える。B は1デプロイメントグループでは複数の ALB/ASG を適切に扱えない。D はパイプラインを多数作るため運用が煩雑。",,,2025-11-21
DOP-C02-Q078,"ある会社が Amazon S3 バケットから静的ウェブサイトをホストしています。このウェブサイトは、example.com で顧客に提供されています。この会社では、TTL が 1 日の Amazon Route 53 の加重ルーティングポリシーを使用しています。この会社では、既存の静的ウェブサイトを動的ウェブアプリケーションに置き換えることにしました。動的ウェブアプリケーションは、一連の Amazon EC2 インスタンスの前にある Application Load Balancer (ALB) を使用します。

顧客への本番環境開始日に、この会社は重みが 255、TTL が 1 時間の ALB を指す追加の Route 53 加重 DNS レコードエントリを作成します。2 日後、DevOps エンジニアは、顧客が example.com にアクセスしたときに以前の静的ウェブサイトが時々表示されることに気付きました。DevOps エンジニアは、

会社が example.com に対して動的コンテンツのみを提供していることをどのように確認できるでしょうか。",FALSE,静的 Web サイト コンテンツを含む S3 バケットから、以前のバージョンを含むすべてのオブジェクトを削除します。,FALSE,S3バケットを指す重み付けされたDNSレコードエントリを更新します。重みを0に設定します。変更を即座に反映させるには、ドメインリセットオプションを指定します。,FALSE,ALB にリダイレクトするホスト名を使用して、S3 バケットで Web ページ リダイレクト要求を構成します。,FALSE,example.com ホストゾーンから、S3 バケットを指す重み付け DNS レコードエントリを削除します。DNS の伝播が完了するまで待ちます。,TRUE,,,,,"答え：C

理由
既存の S3 向けレコードは TTL が長く（1日）、クライアントや中間DNSにキャッシュが残っているため、レコードを削除／重み0にしてもTTLが切れるまでS3へ到達します。

S3 静的サイト側で “Web ページリダイレクト” を設定し、ALB のホスト名へ 301 リダイレクトさせれば、S3 に来たリクエストも即座に ALB へ誘導でき、example.com は実質 常に動的コンテンツのみを返す状態になります。

A はコンテンツ消失（404）を招く、B/D はTTL待ちが必要で即効性がないため不適。",,,2025-11-21
DOP-C02-Q079,"ある企業は、テストプロセスを自動化するためにAWS CodePipelineを導入しています。実行状態が失敗した場合に通知を受け取りたいと考えており、Amazon EventBridgeで以下のカスタムイベントパターンを使用しました。
このイベントパターンに一致するイベントの種類はどれですか？
{
    ""source"": [
        ""aws.codepipeline""
    ],
    ""detail-type"": [
        ""CodePipeline Action Execution State Change""
    ],
    ""detail"": {
        ""state"": [
            ""FAILED""
        ]
    },
    ""type"": {
        ""category"": [""Approval""]
    }
}",FALSE,すべてのパイプラインでデプロイとビルドのアクションが失敗した,FALSE,すべてのパイプラインにおけるすべての拒否または失敗した承認アクション,TRUE,すべてのパイプラインのすべてのイベント,FALSE,すべてのパイプラインにわたる承認アクション,FALSE,,,,,"🔍 理由
この EventBridge イベントパターンは以下を意味します：
{
  ""source"": [""aws.codepipeline""],
  ""detail-type"": [""CodePipeline Action Execution State Change""],
  ""detail"": {
    ""state"": [""FAILED""]
  },
  ""type"": {
    ""category"": [""Approval""]
  }
}

""source"": [""aws.codepipeline""]
→ CodePipeline からのイベントであること。

""detail-type"": [""CodePipeline Action Execution State Change""]
→ パイプライン内の各アクション（ビルド、デプロイ、承認など）の状態変化を監視。

""detail"": { ""state"": [""FAILED""] }
→ アクションが失敗したとき。

""type"": { ""category"": [""Approval""] }
→ 承認アクション（Manual Approval）が対象。

✅ 結論
この条件に一致するのは：
「すべてのパイプラインにおける、拒否または失敗した承認アクション」
つまり、選択肢 B が正解です。",,,2025-11-21
DOP-C02-Q080,"Auto Scaling グループ内の Amazon EC2 インスタンス群で実行されるアプリケーションの動作には、設定ファイルが必要です。インスタンスは AWS CloudFormation によって作成および管理されます。DevOps エンジニアは、インスタンスの起動時に最新の設定ファイルが適用されるようにしたいと考えており、CloudFormation テンプレートの更新時に設定ファイルへの変更がすべてのインスタンスに最小限の遅延で反映されるようにしたいと考えています。会社のポリシーでは、アプリケーション設定ファイルは AWS インフラストラクチャ設定ファイルと共にソース管理で管理することが義務付けられています。
これを実現するソリューションはどれでしょうか？",FALSE,CloudFormation テンプレートに AWS Config ルールを追加します。設定ファイルの内容をルールの InputParameters プロパティに記述し、Scope プロパティを EC2 Auto Scaling グループに設定します。設定の更新をポーリングするために、AWS Systems Manager の Resource Data Sync リソースをテンプレートに追加します。,FALSE,CloudFormation テンプレートに EC2 起動テンプレートリソースを追加します。設定ファイルのコンテンツを起動テンプレートに配置します。インスタンスの起動時に実行される cfn-init スクリプトと、設定の更新をポーリングする cfn-hup スクリプトを設定します。,FALSE,CloudFormation テンプレートに EC2 起動テンプレートリソースを追加します。設定ファイルのコンテンツを起動テンプレートに配置します。AWS Systems Manager のリソースデータ同期リソースをテンプレートに追加して、設定の更新をポーリングします。,FALSE,CloudFormation テンプレートに、CloudFormation init メタデータを追加します。メタデータ内に設定ファイルのコンテンツを配置します。インスタンスの起動時に実行される cfn-init スクリプトと、設定の更新をポーリングする cfn-hup スクリプトを設定します。,TRUE,,,,,"答え：D

理由
構成ファイルを CloudFormation の AWS::CloudFormation::Init メタデータに置き、インスタンス起動時に cfn-init で展開するのが定石。

その後、テンプレート（メタデータ）が更新されたら cfn-hup が変更を検知して自動で再適用でき、最小遅延で全インスタンスへ反映されます。

構成はテンプレート（＝ソース管理下）に同居でき、会社方針も満たす。

A/C は目的の仕組みではなく、B は起動テンプレート埋め込みだけでは更新の自動反映ができません。",,,2025-11-21
DOP-C02-Q081,"ある企業が、Amazon CloudWatch Logs にログを保存するアプリケーションを管理しています。この企業は、ログを Amazon S3 バケットにアーカイブしたいと考えています。ログは90日後にはほとんどアクセスされないため、10年間保持する必要があります。

これらの要件を満たすために、DevOps エンジニアが実行すべき手順の組み合わせはどれですか（2つ選択してください）。",TRUE,AWS Glue を使用してすべてのログを S3 バケットに転送するように CloudWatch Logs サブスクリプションフィルターを設定します。,FALSE,Amazon Kinesis Data Firehose を使用してすべてのログを S3 バケットにストリーミングするように CloudWatch Logs サブスクリプション フィルターを設定します。,TRUE,すべてのログを S3 バケットにストリーミングするように CloudWatch Logs サブスクリプション フィルターを設定します。,FALSE,"90 日後にログを S3 Glacier に移行し、3,650 日後にログを期限切れにするように S3 バケットライフサイクルポリシーを設定します。",TRUE,"90 日後にログを低冗長化に移行し、3,650 日後にログを期限切れにするように S3 バケットライフサイクルポリシーを設定します。",FALSE,,,"答え：B と D

B: CloudWatch Logs のサブスクリプションフィルターは Kinesis Data Firehose を宛先にでき、S3 へストリーミング保存が可能。

D: S3 のライフサイクルで 90日後に Glacier へ移行し、3,650日（10年）後に期限切れにすることで、コスト最適な長期保管要件を満たす。

A は宛先として不正、C は CloudWatch Logs から 直接 S3 へは送れない、E の低冗長化は非推奨で要件不適。",,,2025-11-21
DOP-C02-Q082,"ある企業が新しいアプリケーションを開発しています。このアプリケーションは、コンピューティング層にAWS Lambda関数を使用しています。Lambda関数への変更には、カナリアデプロイを使用する必要があります。また、障害が報告された場合は、自動ロールバックを実行する必要があります。DevOps

チームは、このソリューション用のインフラストラクチャ・アズ・コード（IaC）とCI/CDパイプラインを作成する必要があります。

これらの要件を満たす手順の組み合わせはどれですか（3つ選択してください）。",TRUE,アプリケーション用の AWS CloudFormation テンプレートを作成します。テンプレート内の各 Lambda 関数を、AWS::Lambda::Function リソースタイプを使用して定義します。テンプレートでは、AWS::Lambda::Version リソースタイプを使用して Lambda 関数のバージョンを指定します。CodeSha256 プロパティを宣言します。Lambda 関数の最新バージョンを参照する AWS::Lambda::Alias リソースを設定します。,FALSE,アプリケーション用のAWS Serverless Application Model (AWS SAM) テンプレートを作成します。テンプレート内の各Lambda関数は、AWS::Serverless::Functionリソースタイプを使用して定義します。各関数について、AutoPublishAliasプロパティとDeploymentPreferenceプロパティの設定を含めます。デプロイ設定タイプをLambdaCanary10Percent10Minutesに設定します。,TRUE,AWS CodeCommitリポジトリを作成します。AWS CodePipelineパイプラインを作成します。パイプラインを開始する新しいソースステージでCodeCommitリポジトリを使用します。AWS Serverless Application Model (AWS SAM)テンプレートをデプロイするためのAWS CodeBuildプロジェクトを作成します。テンプレートとソースコードをCodeCommitリポジトリにアップロードします。CodeCommitリポジトリに、SAMアプリケーションをビルドおよびデプロイするためのコマンドを含むbuildspec.ymlファイルを作成します。,TRUE,AWS CodeCommitリポジトリを作成します。AWS CodePipelineパイプラインを作成します。パイプラインを開始する新しいソースステージでCodeCommitリポジトリを使用します。Canaryデプロイ用に設定されたAWS CodeDeployデプロイメントグループを作成し、DeploymentPreferenceタイプをCanary10Percent10Minutesに設定します。AWS CloudFormationテンプレートとソースコードをCodeCommitリポジトリにアップロードします。CodeCommitリポジトリに、CloudFormationテンプレートをデプロイするためのコマンドを含むappspec.ymlファイルを作成します。,FALSE,すべてのLambda関数に対してAmazon CloudWatch複合アラームを作成します。Lambda関数の評価期間とディメンションを設定します。エラーが検出された場合、またはデータが不足している場合にアラームがALARM状態になるように設定します。,FALSE,各Lambda関数にAmazon CloudWatchアラームを作成します。エラーが検出された場合、アラームがALARM状態になるように設定します。評価期間、各Lambda関数とバージョンのディメンション、およびErrorsメトリクスでAWS/Lambdaという名前空間を設定します。,TRUE,"答え：B、C、F

B: SAM の AWS::Serverless::Function で AutoPublishAlias＋DeploymentPreference (LambdaCanary10Percent10Minutes など) を指定すれば、Lambda のカナリアデプロイと**自動ロールバック（CodeDeploy 連携）**を IaC で定義可能。

C: CodeCommit → CodePipeline → CodeBuild で SAM ビルド＆デプロイの CI/CD を構築。

F: 関数/バージョン単位の CloudWatch アラーム（AWS/Lambda, Errors） を作成し、SAM の DeploymentPreference.Alarms に紐付けることで、失敗時の自動ロールバックを有効化。

A/D は実現可能だが冗長・不完全（アラーム連携の不足や運用複雑度が高い）。",,,2025-11-21
DOP-C02-Q083,"DevOpsエンジニアが、Amazon EC2インスタンスに関連付けられたAWS CodeDeployデプロイメントグループに、会社のアプリケーションの新バージョンをデプロイしています。しばらくして、デプロイメントが失敗しました。エンジニアは、特定のデプロイメントIDに関連付けられたすべてのイベントが「スキップ済み」ステータスになっており、デプロイメントグループに関連付けられたインスタンスにコードがデプロイされていないことに気付きました。

この失敗の正当な理由は何ですか？（2つ選択してください。）",TRUE,ネットワーク構成により、EC2 インスタンスが NAT ゲートウェイまたはインターネットゲートウェイ経由でインターネットにアクセスすることができず、CodeDeploy エンドポイントにアクセスできません。,TRUE,アプリケーションのデプロイをトリガーした IAM ユーザーには、CodeDeploy エンドポイントと対話する権限がありません。,FALSE,ターゲット EC2 インスタンスが CodeDeploy エンドポイントに正しく登録されていませんでした。,FALSE,適切な権限を持つインスタンスプロファイルがターゲット EC2 インスタンスにアタッチされていません。,TRUE,appspec.yml ファイルがアプリケーション リビジョンに含まれていませんでした。,FALSE,,,"答え：C と D

C. インスタンスが CodeDeploy へ正しく登録されていない
対象インスタンスがデプロイメントグループに認識されていない（オフライン/未登録）場合、ライフサイクルイベントは Skipped となり、コードは配布されません。

D. 適切な権限のインスタンスプロファイルが付与されていない
CodeDeploy エージェントはインスタンスロールの権限で CodeDeploy/S3/CloudWatch へアクセスします。ロールが欠如/不十分だと登録や取得ができず、結果的に Skipped になります。

A は原因になり得ますが（インターネット/VPC エンドポイント到達不可）、現象としては C の未登録として表れます。B は実行開始時点で権限エラーになり、E は appspec.yml 不在エラーで Skipped ではなく明示的な失敗になります。",,,2025-11-21
DOP-C02-Q084,"ある企業では、すべてのAmazon EC2インスタンスは、社内のセキュリティチームが作成したAMIから起動しなければならないというガイドラインがあります。セキュリティチームは毎月、承認済みの最新のAMIを記載したメールを全開発チームに送信しています。開発

チームはAWS CloudFormationを使用してアプリケーションをデプロイしています。開発者が新しいサービスを開始する際には、セキュリティ部門から送信された最新のAMIをメールで探す必要があります。DevOpsエンジニアは、セキュリティチームが開発チームにAMI IDを提供するプロセスを自動化したいと考えています。

これらの要件を満たす最もスケーラブルなソリューションは何でしょうか？",FALSE,セキュリティチームに、CloudFormation を使用して AMI の新しいバージョンを作成し、スタックの出力セクションの一部として暗号化された Amazon S3 オブジェクトに AMI ARN をリストするよう指示します。開発者には、クロススタック参照を使用して暗号化された S3 オブジェクトをロードし、最新の AMI ARN を取得するよう指示します。,FALSE,セキュリティチームに、CloudFormation スタックを使用して AWS CodePipeline パイプラインを作成し、新しい AMI を構築し、最新の AMI ARN を暗号化された Amazon S3 オブジェクトにパイプライン出力の一部として配置するよう指示します。開発者には、各自の CloudFormation テンプレート内でクロススタック参照を使用して、S3 オブジェクトの場所と最新の AMI ARN を取得するよう指示します。,FALSE,セキュリティチームに、Amazon EC2 Image Builder を使用して新しい AMI を作成し、その AMI ARN を AWS Systems Manager パラメータストアにパラメータとして配置するよう指示します。開発者には、CloudFormation スタックで SSM タイプのパラメータを指定して、パラメータストアから最新の AMI ARN を取得するよう指示します。,TRUE,セキュリティチームに、Amazon EC2 Image Builder を使用して新しい AMI を作成し、Amazon Simple Notification Service (Amazon SNS) トピックを作成して、すべての開発チームが通知を受信できるように指示します。開発チームが通知を受け取ったら、最新の AMI ARN で CloudFormation スタックを更新する AWS Lambda 関数を作成するように指示します。,FALSE,,,,,"✅正解：C

理由：
EC2 Image Builderで毎月自動的に新しいAMIを作成。

その最新AMIのIDをSystems Manager Parameter Storeに登録。

CloudFormationではSSMパラメータタイプを使って、その値を自動参照。

→ これで開発者はメールを探す必要がなく、常に最新AMIでデプロイできます。
→ スケーラブルで運用もシンプル。

他の選択肢

A/B：S3経由は複雑すぎる。

D：SNS＋Lambdaで通知・更新は手間が多く非効率。",,,2025-11-21
DOP-C02-Q085,"アプリケーションは、Application Load Balancer (ALB) の背後にある Amazon EC2 インスタンス上で実行されています。DevOps エンジニアが AWS CodeDeploy を使用して新バージョンをリリースしようとしています。AllowTraffic ライフサイクルイベント中にデプロイメントが失敗しましたが、デプロイメントログに失敗の原因が示されていません。

原因は何でしょうか？",FALSE,appspec.yml ファイルには、AllowTraffic ライフサイクル フックで実行される無効なスクリプトが含まれています。,FALSE,デプロイメントを開始したユーザーには、ALB と対話するために必要な権限がありません。,FALSE,ALB ターゲット グループに指定されたヘルスチェックが正しく構成されていません。,TRUE,CodeDeploy エージェントが、ALB ターゲットグループの一部である EC2 インスタンスにインストールされていません。,FALSE,,,,,"正解：C
理由：
AllowTraffic は、ALB のターゲットグループにトラフィックを戻す段階です。ここで ヘルスチェックが不合格だと「トラフィックを流せない」ため AllowTraffic が失敗します。
この場合、CodeDeploy のログには直接原因が出ないことが多く、ALB/ターゲットグループ側のヘルスチェック設定やアプリの応答（パス・ポート・ステータスコード・遅延など）を確認するのが正解です。

A：無効スクリプトなら logs に出やすい

B：権限不足なら開始時点でエラーになりがち

D：エージェント未インストールだと前段階で失敗しやすい",,,2025-11-21
DOP-C02-Q086,"ある会社には20のサービスチームがあります。各サービスチームは、独自のマイクロサービスを担当しています。各サービスチームは、マイクロサービス用に個別のAWSアカウントと、192.168.0.0/22 CIDRブロックを持つVPCを使用しています。会社はAWS Organizationsを使用してAWSアカウントを管理しています。

各サービスチームは、Application Load Balancerの背後にある複数のAmazon EC2インスタンスでマイクロサービスをホストしています。マイクロサービスは、パブリックインターネットを介して相互に通信します。会社のセキュリティチームは、マイクロサービス間のすべての通信はプライベートネットワーク接続経由​​でHTTPSを使用する必要があり、パブリックインターネットを通過できないという新しいガイドラインを発行しました。DevOps

エンジニアは、これらの義務を果たし、各サービスチームの変更数を最小限に抑えるソリューションを実装する必要があります。

どのソリューションがこれらの要件を満たすでしょうか？",FALSE,AWS Organizations で新しい AWS アカウントを作成します。このアカウントに VPC を作成し、AWS Resource Access Manager を使用して、この VPC のプライベートサブネットを組織と共有します。サービスチームに、共有プライベートサブネットを使用する新しいネットワークロードバランサー (NLB) と EC2 インスタンスを起動するよう指示します。マイクロサービス間の通信には、NLB の DNS 名を使用します。,FALSE,各マイクロサービスVPCにネットワークロードバランサー（NLB）を作成します。AWS PrivateLinkを使用して、各AWSアカウントにNLB用のVPCエンドポイントを作成します。他の各AWSアカウントにも、各VPCエンドポイントへのサブスクリプションを作成します。マイクロサービス間の通信には、VPCエンドポイントのDNS名を使用します。,TRUE,各マイクロサービスVPCにネットワークロードバランサー（NLB）を作成します。各マイクロサービスVPC間にVPCピアリング接続を作成します。ピアリングリンクを使用するように、各VPCのルートテーブルを更新します。マイクロサービス間の通信には、NLBのDNS名を使用します。,FALSE,AWS Organizations に新しい AWS アカウントを作成します。このアカウントにトランジットゲートウェイを作成し、AWS Resource Access Manager を使用して組織内でトランジットゲートウェイを共有します。各マイクロサービス VPC で、共有トランジットゲートウェイへのトランジットゲートウェイアタッチメントを作成します。トランジットゲートウェイを使用するように、各 VPC のルートテーブルを更新します。各マイクロサービス VPC にネットワークロードバランサー (NLB) を作成します。マイクロサービス間の通信には、NLB の DNS 名を使用します。,FALSE,,,,,"正解：B（PrivateLink）

理由：

すべてのVPCが同じCIDR(192.168.0.0/22) → VPCピア/Transit Gatewayでは実運用困難（経路が競合）。

AWS PrivateLink + NLBは重複CIDRでもOK、通信はAWSのプライベートネットワーク内のみを通過。

既存構成に最小変更：各サービスはNLBを追加してインスタンスを登録、利用側はインターフェース型VPCエンドポイントのDNSへ向けるだけ。HTTPSもNLBのTLSリスナーやアプリ側で対応可能。

他が不適な理由：
A 共有VPCへ作り直しに近く、変更が大きい。
C VPCピアは重複CIDRで不可、さらに20 VPCだと相互ピア数が爆発。
D TGWも重複CIDRで経路競合が発生しやすい。設計・運用が複雑化。",,,2025-11-21
DOP-C02-Q087,"Amazon EC2 インスタンスが VPC で実行されており、制限付きの Amazon S3 バケットからオブジェクトをダウンロードする必要があります。DevOps エンジニアがオブジェクトのダウンロードを試みましたが、AccessDenied エラーが発生しています。

このエラーの原因として考えられるものは何ですか（2 つ選択してください）。",TRUE,S3 バケットのデフォルト暗号化が有効になっています。,FALSE,S3 バケットポリシーにエラーがあります。,TRUE,オブジェクトは S3 Glacier に移動されました。,FALSE,IAM ロール設定にエラーがあります。,TRUE,S3 バージョン管理が有効になっています。,FALSE,,,"正解：B と D

理由：
B. S3 バケットポリシーにエラーがあります。
→ バケットポリシーが、特定のVPCエンドポイントやアカウント以外を拒否している場合などに
AccessDenied が返されます。

D. IAM ロール設定にエラーがあります。
→ EC2インスタンスにアタッチされたIAMロールに、s3:GetObject 権限や
バケットリソース (arn:aws:s3:::bucket_name/*) へのアクセス許可がないと
同様に AccessDenied になります。

他の選択肢：
A. デフォルト暗号化 → 暗号化は自動的に復号されるため原因ではない。

C. Glacier → AccessDenied ではなく「InvalidObjectState」など別のエラー。

E. バージョニング → 権限とは無関係、エラーは起こらない。

👉 よって、「B（バケットポリシー）」＋「D（IAMロール設定）」が正解です。",,,2025-11-21
DOP-C02-Q088,"ある企業は、AWS 上に構築された独自のエンタープライズ・インメモリ・データストアにグリッドシステムを導入したいと考えています。このシステムは、Linux ベースのディストリビューションであれば、複数のサーバーノードで実行できます。システムは、ノードが追加または削除されるたびにクラスター全体を再構成できる必要があります。ノードを追加または削除する際は、/etc/cluster/nodes.config ファイルを更新し、そのクラスターの現在のノードメンバーの IP アドレスをリストする必要があります。

この企業は、クラスターへの新しいノードの追加タスクを自動化したいと考えています。DevOps

エンジニアは、これらの要件を満たすために何ができるでしょうか？",FALSE,AWS OpsWorks スタックを使用して、クラスターのサーバーノードをレイヤー化します。/etc/cluster/nodes.config ファイルの内容を設定し、レイヤーの現在のメンバーを使用してサービスを再起動する Chef レシピを作成します。このレシピを「Configure」ライフサイクルイベントに割り当てます。,TRUE,nodes.config ファイルをバージョン管理下に置いてください。クラスターノードの Amazon EC2 タグ値​​に基づいて、AWS CodeDeploy のデプロイメント設定とデプロイメントグループを作成してください。クラスターに新しいノードを追加する際は、タグ付けされたすべてのインスタンスでファイルを更新し、バージョン管理でコミットしてください。新しいファイルをデプロイし、サービスを再起動してください。,FALSE,Amazon S3 バケットを作成し、/etc/cluster/nodes.config ファイルのバージョンをアップロードします。この S3 ファイルをポーリングして頻繁にダウンロードする crontab スクリプトを作成します。Monit や systemd などのプロセスマネージャを使用して、新しいファイルが変更されたことを検出すると、クラスターサービスを再起動します。クラスターにノードを追加する際は、ファイルの最新のメンバーを編集します。新しいファイルを S3 バケットにアップロードします。,FALSE,クラスターの現在のセキュリティ グループのメンバーをすべて一覧表示し、クラスターに新しいインスタンスが追加されるたびに /etc/cluster/nodes.config ファイルを自動的に更新するユーザー データ スクリプトを作成します。,FALSE,,,,,"正解：A
理由
OpsWorks はレイヤー内のインスタンス増減をイベント（Configure）で検知し、Chefレシピを自動実行できます。

レシピでレイヤーの現在メンバーのIP一覧を取得→/etc/cluster/nodes.configを生成→サービス再起動まで自動化可能。
ノードの追加/削除に追従し、人手の更新やポーリング不要で要件に最適。


他選択肢が劣る点
B：手動でGit更新→CodeDeploy配布で運用が重い。
C：S3ポーリングは遅延・編集手作業が前提。
D：user-dataは基本「初回起動時のみ」。SGから直接インスタンス列挙もしにくく、削除検知も難。",,,2025-11-21
DOP-C02-Q089,"DevOps エンジニアは、オンプレミスデータを Amazon S3 バケットに移行するデータアーカイブプロジェクトに取り組んでいます。DevOps エンジニアは、1 か月以上経過したオンプレミスデータを Amazon S3 に増分アーカイブするスクリプトを開発しています。Amazon S3 に転送されたデータは、オンプレミスの場所から削除されます。このスクリプトは、S3 PutObject オペレーションを使用します。

コードレビュー中に、DevOps エンジニアは、スクリプトがデータが正常に Amazon S3 にコピーされたかどうかを検証していないことに気付きました。DevOps エンジニアは、転送中にデータが破損しないようにスクリプトを更新する必要があります。オンプレミスデータを削除する前に、スクリプトで MD5 チェックサムを使用してデータの整合性を検証する必要があります。

これらの要件を満たすスクリプトのソリューションはどれですか (2 つ選択してください)。",TRUE,返されたレスポンスのVersionIdを確認します。返されたVersionIdをMD5チェックサムと比較します。,FALSE,Content-MD5パラメータにMD5チェックサムを含めます。操作呼び出しの戻り値をチェックして、エラーが返されたかどうかを確認します。,TRUE,タグ付けパラメータ内にチェックサム ダイジェストを URL クエリ パラメータとして含めます。,FALSE,返されたレスポンスのETagを確認します。返されたETagをMD5チェックサムと比較します。,TRUE,メタデータパラメータにチェックサムダイジェストを名前と値のペアとして含めます。アップロード後、S3 HeadObject オペレーションを使用してオブジェクトからメタデータを取得します。,FALSE,,,"正解：B と D

B. Content-MD5 を送る
PutObject に Content-MD5 を付与すると、S3 が到着データのMD5を検証し、不一致ならエラーを返します（破損時に検知可）。

D. 返却された ETag を MD5 と突き合わせ
PutObject（単一パートアップロード）では返る ETag がオブジェクトのMD5 なので、ローカル計算MD5と一致するかで整合性確認ができます。
※注意：マルチパートや一部のSSEではETag≠MD5になるためこの方法は使えませんが、PutObject 単一パートなら有効。

不正解の理由（要点）
A：VersionIdはバージョニング識別子でMD5ではない。
C：タグにMD5を載せてもS3は検証しない。
E：メタデータにMD5を入れてもS3側の検証にはならない（送った値を取り返すだけ）。",,,2025-11-21
DOP-C02-Q090,"ある企業は、AWS CodePipeline パイプラインを使用して、Amazon API Gateway API のアップデートを週に数回デプロイしています。アップデートプロセスの一環として、API Gateway コンソールから API の JavaScript SDK をエクスポートし、Amazon S3 バケットにアップロードしています。

この企業は、S3 バケットをオリジンとして使用する Amazon CloudFront ディストリビューションを設定しています。Web クライアントは、CloudFront ディストリビューションのエンドポイントを使用して SDK をダウンロードします。DevOps エンジニアは、新しい API のデプロイ時に新しい SDK を自動的に利用できるようにするソリューションを実装する必要があります。

これらの要件を満たすソリューションはどれでしょうか？",FALSE,APIのデプロイステージの直後にCodePipelineアクションを作成します。AWS Lambda関数を呼び出すようにアクションを設定します。Lambda関数を設定して、API GatewayからSDKをダウンロードし、S3バケットにアップロードし、SDKパスのCloudFront無効化を作成します。,TRUE,APIのデプロイステージの直後にCodePipelineアクションを作成します。API GatewayとのCodePipeline統合を使用してSDKをAmazon S3にエクスポートするようにアクションを設定します。また、Amazon S3とのCodePipeline統合を使用してSDKパスのキャッシュを無効にする別のアクションも作成します。,FALSE,aws.apigateway からの UpdateStage イベントに反応する Amazon EventBridge ルールを作成します。ルールを設定して、AWS Lambda 関数を呼び出して API Gateway から SDK をダウンロードし、S3 バケットに SDK をアップロードし、CloudFront API を呼び出して SDK パスの無効化を作成します。,FALSE,aws.apigateway からの CreateDeployment イベントに反応する Amazon EventBridge ルールを作成します。ルールは、AWS Lambda 関数を呼び出して API Gateway から SDK をダウンロードし、S3 バケットに SDK をアップロードし、S3 API を呼び出して SDK パスのキャッシュを無効にするように設定してください。,FALSE,,,,,"正解：A
理由
デプロイ後の CodePipeline アクションで Lambda を呼ぶ →
API Gateway から SDK をエクスポート→S3 にアップロード→CloudFront 無効化 を自動実行。

これで新デプロイのたびに、CloudFront 経由のクライアントへ最新 SDK が即時配信される。

他がダメな点
B：API Gateway/S3の“ネイティブ統合でSDKエクスポート＆無効化”は存在せず不正確。
C：EventBridge連携でも可能だが、既存のパイプライン外で分散し運用がぶれる。
D：CloudFrontの無効化をS3 APIでやるのは間違い。",,,2025-11-21
DOP-C02-Q091,"ある企業が、API経由で受信した注文を処理するAWS Lambda関数を開発しました。同社はAWS CodeDeployを使用して、CI/CDパイプラインの最終ステージとしてLambda関数をデプロイしています。DevOps

エンジニアは、デプロイ後数秒間、注文APIが断続的に失敗することに気づきました。調査の結果、Lambda関数が呼び出される前にデータベースの変更が完全に反映されていないことが原因であると考えられます。DevOpsエンジニアは、

この問題をどのように解決すべきでしょうか？",FALSE,トラフィックが新しいバージョンの Lambda 関数に流れる前に、必要なデータベースの変更をテストして待機する BeforeAllowTraffic フックを AppSpec ファイルに追加します。,TRUE,AfterAllowTraffic フックを AppSpec ファイルに追加して、Lambda 関数の新しいバージョンが応答できるようにする前に、トラフィックが保留中のデータベースの変更を待機するように強制します。,FALSE,新しいバージョンの Lambda 関数をデプロイする前に、必要なデータベースの変更をテストして待機する BeforeInstall フックを AppSpec ファイルに追加します。,FALSE,着信トラフィックを検査し、データベースなどの依存サービスがまだ準備ができていない場合にペイロードを拒否する ValidateService フックを AppSpec ファイルに追加します。,FALSE,,,,,"正解：A

理由：
CodeDeploy の Lambda デプロイで使えるライフサイクルフックは主に BeforeAllowTraffic / AfterAllowTraffic。
DBマイグレーションの反映完了を待ってから新バージョンへトラフィックを切り替えるには、BeforeAllowTraffic で待機・検証するのが正解です。

B：AfterAllowTraffic は切替「後」なので遅い
C：BeforeInstall は Lambda には該当しない
D：ValidateService は EC2/On-Prem 用で Lambda では使わない",,,2025-11-21
DOP-C02-Q092,"ある企業は、Amazon EC2 インスタンス上でアプリケーションをテストするために、単一の AWS アカウントを使用しています。この AWS アカウントで AWS Config を有効にし、restricted-ssh の AWS Config マネージドルールを有効化しました。

この企業は、アカウント内のセキュリティグループが restricted-ssh ルールに準拠していない場合に、カスタマイズされた通知をリアルタイムで提供する自動監視ソリューションを必要としています。カスタマイズされた通知には、準拠していないセキュリティグループの名前と ID を含める必要があります。DevOps

エンジニアは、このアカウントに Amazon Simple Notification Service (Amazon SNS) トピックを作成し、適切な担当者をそのトピックにサブスクライブさせます。

これらの要件を満たすために、DevOps エンジニアは次に何をすべきでしょうか？",FALSE,AWS Config の restrict-ssh ルールの評価結果が NON_COMPLIANT であるのに一致する Amazon EventBridge ルールを作成します。EventBridge ルールの入力トランスフォーマーを設定します。SNS トピックに通知を発行するように EventBridge ルールを設定します。,TRUE,AWS Config を設定して、restricted-ssh ルールのすべての評価結果を SNS トピックに送信します。SNS トピックにフィルターポリシーを設定し、通知に「NON_COMPLIANT」というテキストが含まれる通知のみをサブスクライバーに送信します。,FALSE,AWS Config の評価結果が NON_COMPLIANT である制限付き SSH ルールに一致する Amazon EventBridge ルールを作成します。EventBridge ルールを設定して、SNS トピックで AWS Systems Manager Run Command を呼び出し、通知をカスタマイズして SNS トピックに発行します。,FALSE,AWS Config の評価結果が全て「NON_COMPLIANT」であるAmazon EventBridge ルールを作成します。restricted-ssh ルールの入力トランスフォーマーを設定します。EventBridge ルールを設定して、SNS トピックに通知を発行します。,FALSE,,,,,"正解：A

理由：
EventBridgeでrestricted-sshルールのNON_COMPLIANTイベントだけをマッチ。

入力トランスフォーマーで、イベントからセキュリティグループ名・IDを抽出してカスタム本文を生成。

ターゲットを作成済みのSNS トピックにして即時通知。

BはSNS側でのフィルタでは本文のカスタマイズ不可。
Cは構成が不自然（Run Command経由でSNS発行はしない）。
Dは「全てのNON_COMPLIANT」を拾ってしまい範囲が広すぎます。",,,2025-11-21
DOP-C02-Q093,ある企業では、データとアプリケーションに対して常時2時間のRPO（目標復旧時点）と10分のRTO（目標復旧時間 ）が求められています。あるアプリケーションはMySQLデータベースとAmazon EC2ウェブサーバーを使用しています。開発チームはフェイルオーバーと災害復旧のための戦略を必要としています。これらの要件を満たす導入戦略の組み合わせはどれですか（2つ選択してください）。,TRUE,複数のリージョンにまたがる単一のアベイラビリティゾーンに、データストアとして Amazon Aurora クラスターを作成します。災害発生時には、Aurora の自動復旧機能をご利用ください。,FALSE,データストアとして、2つのリージョンにAmazon Auroraグローバルデータベースを作成します。障害が発生した場合は、セカンダリリージョンをアプリケーションのプライマリリージョンに昇格させます。データストアとして、2つのリージョンにAmazon Auroraグローバルデータベースを作成します。障害が発生した場合は、セカンダリリージョンをアプリケーションのプライマリリージョンに昇格させます。,TRUE,データストアとして、複数のリージョンにまたがるAmazon Auroraマルチマスタークラスターを作成します。ネットワークロードバランサーを使用して、異なるリージョン間のデータベーストラフィックを分散させます。,FALSE,アプリケーションを2つのリージョンにセットアップし、Amazon Route 53 フェイルオーバーベースのルーティングを使用して、両方のリージョンの Application Load Balancer を参照します。ヘルスチェックを使用して、特定のリージョンの可用性を確認します。各リージョンで Auto Scaling グループを使用し、需要に応じてキャパシティーを調整します。,TRUE,アプリケーションを2つのリージョンにセットアップし、Application Load Balancer の背後にあるマルチリージョン Auto Scaling グループを使用して、需要に応じてキャパシティを管理します。災害発生時には、Auto Scaling グループの必要インスタンス数を調整し、フェイルオーバーリージョンのベースラインキャパシティを増加させます。,FALSE,,,"正解：B と D
B. Aurora Global Database（2リージョン）
速い物理レプリケーションでRPO≪2時間を満たし、障害時はセカンダリ昇格でRTO≲10分を実現しやすい。
D. アプリを2リージョン展開＋Route 53フェイルオーバー
各リージョンにALB＋Auto Scalingを用意し、ヘルスチェックで不健康なら自動で切替。アプリ層のRTO 10分を満たしやすい。

不適切な選択肢（要点）
A：単一AZや“マルチリージョンにまたがる単一AZ”は誤り。DR要件を満たしにくい。
C：Auroraマルチマスターは同一リージョン内での話。NLBでリージョン間分散は不可。
E：ALB/ASGはリージョン単位で“マルチリージョンASG”は存在しない。",,,2025-11-21
DOP-C02-Q094,"ある企業では、5つの独立したAWS Lambda関数で構成されるアプリケーションを運用しています。DevOps

エンジニアは、AWS CodePipelineとAWS CodeBuildを使用して、各Lambda関数を順番にビルド、テスト、パッケージ化、デプロイするCI/CDパイプラインを構築しました。このパイプラインでは、Amazon EventBridgeルールを使用して、アプリケーションのソースコードに変更が加えられた後、パイプラインが可能な限り迅速に開始されるようにしています。

数ヶ月間パイプラインを運用した後、DevOpsエンジニアはパイプラインの完了に時間がかかりすぎることに気づきました。

パイプラインの速度を最も効果的に向上させるには、DevOpsエンジニアは何を実装すべきでしょうか？",FALSE,パイプライン内の CodeBuild プロジェクトを変更して、利用可能なネットワーク スループットがより多いコンピューティング タイプを使用します。,FALSE,ビルドを並列に実行するための対称型マルチプロセッシング構成を含むカスタム CodeBuild 実行環境を作成します。,FALSE,同じ runOrder を指定して、各 Lambda 関数のアクションを並列に実行するように CodePipeline 設定を変更します。,TRUE,各 CodeBuild プロジェクトを VPC 内で実行するように変更し、専用インスタンスを使用してスループットを向上させます。,FALSE,,,,,"正解：C
理由：
今は5つの Lambda 関数を順番（直列）に処理しているため全体が遅いです。CodePipeline は同一ステージ内で runOrder を同じにすると並列実行できます。各関数のビルド／テスト／パッケージ／デプロイを並列化すれば、パイプライン全体の完了時間を最も効果的に短縮できます。

他選択肢が弱い理由：
A ネットワークやCPUを上げても直列構成のボトルネックは解消しない。
B CodeBuild のカスタム実行環境でSMPしても、ジョブは1つのビルド単位であり並列度は上がらない。
D VPC内・専用インスタンスはむしろ起動やネット制約で遅くなることがある。",,,2025-11-21
DOP-C02-Q095,"ある企業は、AWS CloudFormation スタックを使用してアプリケーションの更新をデプロイしています。スタックはさまざまなリソースで構成されています。リソースには、AWS Auto Scaling グループ、Amazon EC2 インスタンス、Application Load Balancer (ALB)、および独立したスタックの起動と維持に必要なその他のリソースが含まれます。CloudFormation スタックの更新以外でのアプリケーションリソースの変更は許可されていません。

最近、この企業は AWS CLI を使用してアプリケーションスタックの更新を試みましたが、スタックの更新に失敗し、次のエラーメッセージが表示されました。「エラー: デプロイメントと CloudFormation スタックのロールバックの両方に失敗しました。次のリソースの更新に失敗したため、デプロイメントは失敗しました: [AutoScalingGroup]。」

スタックのステータスは UPDATE_ROLLBACK_FAILED のままです。

どのソリューションでこの問題を解決できますか？",FALSE,ALB に設定されているサブネットマッピングを更新します。aws cloudformation update-stack-set AWS CLI コマンドを実行します。,FALSE,スタックの更新に必要な権限を付与して、IAMロールを更新します。aws cloudformation continue-update-rollback AWS CLIコマンドを実行します。,TRUE,アカウントのEC2インスタンス数のクォータ増加リクエストを送信します。aws cloudformation cancel-update-stack AWS CLIコマンドを実行します。,FALSE,Auto Scalingグループのリソースを削除します。aws cloudformation rollback-stack AWS CLIコマンドを実行します。,FALSE,,,,,"正解：B

理由：
スタックが UPDATE_ROLLBACK_FAILED の場合は、原因（多くは権限不足など）を直してから continue-update-rollback を実行してロールバックを完了させるのが定石。
A/C/Dはいずれもこの状態を正しく解消できません（rollback-stackは適切なコマンドではなく、まずcontinue-update-rollbackが必要）。",,,2025-11-21
DOP-C02-Q096,"ある企業がAmazon EC2インスタンスを使用する新しいアプリケーションを導入しようとしています。アプリケーションログとAWSアカウントのAPIアクティビティをクエリできるソリューションが必要です。

これらの要件を満たすソリューションはどれでしょうか？",FALSE,Amazon CloudWatchエージェントを使用して、EC2インスタンスからのログをAmazon CloudWatch Logsに送信します。AWS CloudTrailを設定して、APIログをAmazon S3に配信します。CloudWatchを使用して、両方のログセットをクエリします。,FALSE,Amazon CloudWatch エージェントを使用して、EC2 インスタンスから Amazon CloudWatch Logs にログを送信します。AWS CloudTrail を設定して、API ログを CloudWatch Logs に配信します。CloudWatch Logs Insights を使用して、両方のログセットをクエリします。,TRUE,Amazon CloudWatchエージェントを使用して、EC2インスタンスからAmazon Kinesisにログを送信します。AWS CloudTrailを設定して、APIログをKinesisに配信します。Kinesisを使用してデータをAmazon Redshiftにロードします。Amazon Redshiftを使用して、両方のログセットをクエリします。,FALSE,Amazon CloudWatch エージェントを使用して、EC2 インスタンスから Amazon S3 にログを送信します。AWS CloudTrail を使用して API ログを Amazon S3 に配信します。Amazon Athena を使用して、Amazon S3 内の両方のログセットをクエリします。,FALSE,,,,,"正解：B

EC2ログ → CloudWatch Logs（CloudWatchエージェント）

APIアクティビティ → CloudTrailをCloudWatch Logsへ配信

CloudWatch Logs Insightsで複数ロググループを横断クエリ可能

AはS3配信のCloudTrailをCloudWatchで直接クエリできない／DはエージェントがS3へ直接出力不可／Cは過剰設計です。",,,2025-11-21
DOP-C02-Q097,ある企業は、EC2インスタンスのセキュリティを確保したいと考えています。インスタンスに新たな脆弱性が発見された場合に通知を受け取りたいと考えています。また、インスタンスへのすべてのログインアクティビティの監査証跡も取得したいと考えています。 これらの要件を満たすソリューションはどれでしょうか？,FALSE,AWS Systems Manager を使用して EC2 インスタンスの脆弱性を検出します。Amazon Kinesis Agent をインストールしてシステムログをキャプチャし、Amazon S3 に配信します。,FALSE,AWS Systems Manager を使用して EC2 インスタンスの脆弱性を検出します。Systems Manager エージェントをインストールしてシステムログをキャプチャし、CloudTrail コンソールでログインアクティビティを表示します。,FALSE,Amazon CloudWatch を設定して、EC2 インスタンスの脆弱性を検出します。AWS Config デーモンをインストールしてシステムログをキャプチャし、AWS Config コンソールで表示します。,FALSE,Amazon Inspector を設定して EC2 インスタンスの脆弱性を検出します。Amazon CloudWatch エージェントをインストールしてシステムログをキャプチャし、Amazon CloudWatch Logs に記録します。,TRUE,,,,,"正解：D

脆弱性検出は Amazon Inspector が適任（EC2/AMIの継続スキャンと通知）。

ログイン監査は CloudWatch エージェントで /var/log/secure（Amazon Linux）や /var/log/auth.log（Ubuntu）等をCloudWatch Logsへ集約し、Insightsで検索・アラート化。

他選択肢は脆弱性検出や監査の手段が不適切（SSM/CloudWatch/Configでは代替にならない、CloudTrailはSSH等のOSログインを記録しない）。",,,2025-11-21
DOP-C02-Q098,"ある企業は、Auto ScalingグループのAmazon EC2インスタンス上でアプリケーションを実行しています。最近、EC2インスタンスが正常に起動しない問題が発生し、サポートチームが問題を発見するまでに数時間かかりました。サポートチームは、EC2インスタンスが正常に起動しない場合にメールで通知を受け取りたいと考えています。

この要件を満たすには、どのようなアクションが必要ですか？",FALSE,Auto Scaling グループにヘルスチェックを追加して、インスタンスのステータスに障害が発生したときに AWS Lambda 関数を呼び出します。,FALSE,インスタンスの起動に失敗するたびに Amazon SNS トピックに通知を送信するように Auto Scaling グループを設定します。,FALSE,AttachInstances Auto Scaling API 呼び出しが失敗したときに AWS Lambda 関数を呼び出す Amazon CloudWatch アラームを作成します。,FALSE,ステータスチェックの失敗が発生するたびに Amazon SNS トピックに通知を送信するように、Amazon EC2 でステータスチェックアラームを作成します。,TRUE,,,,,"正解：D

理由：
インスタンスが「起動はしたが正常稼働しない」ケースは、EC2のステータスチェック失敗（StatusCheckFailed）で検出できます。各インスタンスに対してCloudWatchのステータスチェックアラームを作成し、SNSへ通知すれば、メールで即時に把握可能です。

BはASGの「起動失敗（Launch Error）」通知で、容量不足等の起動前失敗が対象。OSブート後の不調は拾いにくい。

A/Cは不適切または関係薄。",,,2025-11-21
DOP-C02-Q099,"ある企業は、AWS Organizations を使用して AWS アカウントを一元管理しています。AWS CloudFormation StackSets を使用して、各メンバーアカウントで AWS Config を有効にしています。Organizations で AWS Config の信頼されたアクセスを設定し、メンバーアカウントを AWS Config の委任管理者アカウントとして設定しました。DevOps

エンジニアは、新しいセキュリティポリシーを実装する必要があります。このポリシーでは、現在および将来のすべての AWS メンバーアカウントに、中央アカウントから管理される修復アクションを含む AWS Config ルールの共通ベースラインの使用を義務付ける必要があります。メンバーアカウントにアクセスできる管理者以外のユーザーは、各メンバーアカウントに展開されているこの AWS Config ルールの共通ベースラインを変更できないようにする必要があります。

これらの要件を満たすソリューションはどれですか？",FALSE,AWS Config ルールと修復アクションを含む CloudFormation テンプレートを作成します。CloudFormation StackSets を使用して、Organizations 管理アカウントからテンプレートをデプロイします。,FALSE,AWS Config ルールと修復アクションを含む AWS Config 適合パックを作成します。このパックは、CloudFormation StackSets を使用して Organizations 管理アカウントからデプロイします。,FALSE,AWS Config ルールと修復アクションを含む CloudFormation テンプレートを作成します。委任された管理者アカウントから AWS Config を使用してテンプレートをデプロイします。,FALSE,AWS Config ルールと修復アクションを含む AWS Config 適合パックを作成します。委任された管理者アカウントから AWS Config を使用してパックをデプロイします。,TRUE,,,,,"正解：D
理由
共有ベースライン＋自動修復は AWS Config 適合パック（Conformance Pack） が最適。

Organizations の信頼されたアクセス＋委任管理者から組織単位でデプロイ（Organization Conformance Packs）すれば、既存＆将来追加の全アカウントに適用可能。

パックは中央管理され、メンバー側の管理者以外のユーザーが勝手に変更できない運用にできる。

他選択肢が劣る理由
A/B：StackSets配布は可能だが、変更防止の統制や将来アカウントへの自動適用は Configの組織機能の方が適切。BはそもそもConformance PackをStackSetsで配る前提が不自然。
C：AWS ConfigはCloudFormationテンプレートを直接デプロイするサービスではない。",,,2025-11-21
DOP-C02-Q100,"DevOps エンジニアは、Amazon EC2 上で稼働する大規模な商用ウェブサイトを管理しています。このウェブサイトでは、Amazon Kinesis Data Streams を使用してウェブログを収集・処理しています。DevOps エンジニアは、同じく Amazon EC2 上で稼働する Kinesis コンシューマーアプリケーションを管理しています。

データの急増により、Kinesis コンシューマーアプリケーションの処理が遅延し、Kinesis データストリームはレコードを処理できる前に破棄してしまいます。DevOps エンジニアは、ストリーム処理を改善するためのソリューションを実装する必要があります。

これらの要件を最も効率的に満たすソリューションはどれでしょうか？",FALSE,Kinesis コンシューマーアプリケーションを修正し、ログを Amazon S3 に永続的に保存します。Amazon EMR を使用して Amazon S3 上で直接データを処理し、顧客インサイトを導き出します。結果を Amazon S3 に保存します。,FALSE,Amazon CloudWatchのGetRecords.IteratorAgeMillisecondsメトリクスに基づいてEC2インスタンスを追加することで、Kinesisコンシューマーアプリケーションを水平方向にスケールします。Kinesisデータストリームの保持期間を延長します。,TRUE,Kinesis コンシューマーアプリケーションを AWS Lambda 関数として実行するように変換します。Kinesis データストリームを Lambda 関数のイベントソースとして設定し、データストリームを処理します。,FALSE,Kinesis データ ストリーム内のシャードの数を増やして全体的なスループットを向上させ、コンシューマー アプリケーションがデータをより速く処理できるようにします。,FALSE,,,,,"正解：B

理由
バックログで処理が追いつかない→IteratorAgeMilliseconds が増加。このメトリクスに連動してEC2のコンシューマーを水平スケールするのが最短。
さらに保持期間を延長してレコードが破棄されるのを防ぐ（処理追いつくまでのバッファ）。

他案が弱い理由
D シャード増はスループット向上には有効だが、コンシューマー側の並列数/処理能力も増やさないと遅延は解消しにくい。
C Lambda への全面移行は再実装コストが高い。
A S3＋EMRはバッチ寄りでリアルタイム要件を外す。",,,2025-11-21
DOP-C02-Q101,"ある企業は最近、AWS Organizations 内の新しい組織に新しい AWS Control Tower ランディングゾーンを作成しました。このランディングゾーンは、Center for Internet Security (CIS) の AWS Foundations ベンチマークへのコンプライアンスを実証できる必要があります。

同社のセキュリティチームは、AWS Security Hub を使用してすべてのアカウントのコンプライアンスを確認したいと考えています。Security Hub の集約された検出結果を表示できるのは、セキュリティチームのみです。さらに、特定のユーザーが組織内の自分のアカウントから検出結果を表示できるようにする必要があります。アカウント作成後、すべてのアカウントを Security Hub に登録する必要があります。

これらの要件を最も自動化された方法で満たす手順の組み合わせはどれですか (3 つ選択してください)。",TRUE,組織の管理アカウントで Security Hub への信頼されたアクセスを有効にします。AWS Control Tower を使用して新しいセキュリティアカウントを作成します。新しいセキュリティアカウントを Security Hub の委任管理者アカウントとして設定します。新しいセキュリティアカウントで、Security Hub に AWS Foundations 標準の CIS ベンチマークを提供します。,TRUE,組織の管理アカウントで Security Hub への信頼されたアクセスを有効にします。管理アカウントから、Security Hub に AWS Foundations 標準の CIS ベンチマークを提供します。,FALSE,必要な権限を含むAWS IAM Identity Center（AW​​S Single Sign-On）権限セットを作成します。CreateAccountAssignment APIオペレーションを使用して、セキュリティチームのユーザーを権限セットと委任されたセキュリティアカウントに関連付けます。,TRUE,セキュリティ チームに所属していないユーザーによる Security Hub へのアクセスを明示的に拒否する SCP を作成します。,FALSE,Security Hub で自動有効化をオンにします。,TRUE,組織の管理アカウントで、CreateManagedAccount イベントに反応する Amazon EventBridge ルールを作成します。Security Hub の CreateMembers API オペレーションを使用して Security Hub に新しいアカウントを追加する AWS Lambda 関数を作成します。Lambda 関数を呼び出すように EventBridge ルールを設定します。,FALSE,"正解：A・C・E

A：Security Hubの信頼されたアクセスを有効化し、セキュリティアカウントを委任管理者に設定。委任管理者からCIS AWS Foundations標準を有効化して全体を一元管理。
C：IAM Identity Centerの権限セットで、セキュリティチームを委任管理者アカウントに割り当て → 集約結果をセキュリティのみ閲覧可能に。各ユーザーには自アカウント側で適切権限セットを割当てれば自分の検出結果だけ閲覧可。
E：Security Hubの自動有効化をオン → 新規作成アカウントを自動登録し、標準・メンバー化を継続適用。

不正解の要点
B 管理アカウントで標準を直接有効化は管轄が分散し、委任管理と矛盾。
D SCPで一律拒否は「自分のアカウントだけ見たいユーザー」も塞いでしまう。
F EventBridge+Lambdaでの手動会員追加は、自動有効化(E) があれば不要で複雑化。",,,2025-11-21
DOP-C02-Q102,"ある企業は、AWS Organizations 内の組織内にある AWS アカウントでアプリケーションを実行しています。アプリケーションは Amazon EC2 インスタンスと Amazon S3 を使用しています。

同社は、既存の AWS アカウントおよび将来作成するすべての AWS アカウントにおいて、侵害の可能性がある EC2 インスタンス、不審なネットワークアクティビティ、異常な API アクティビティを検出したいと考えています。これらのイベントのいずれかを検出した場合、既存の Amazon Simple Notification Service (Amazon SNS) トピックを使用して、運用サポートチームに通知を送信し、調査と修復を依頼したいと考えています。AWS

のベストプラクティスに従って、これらの要件を満たすソリューションはどれですか？",FALSE,組織の管理アカウントで、AWS アカウントを Amazon GuardDuty 管理者アカウントとして設定します。GuardDuty 管理者アカウントで、社内の既存の AWS アカウントを GuardDuty にメンバーとして追加します。GuardDuty 管理者アカウントで、GuardDuty イベントに一致し、一致したイベントを SNS トピックに転送するイベントパターンを含む Amazon EventBridge ルールを作成します。,TRUE,組織の管理アカウントで、Amazon GuardDuty を設定し、新規作成された AWS アカウントを招待によって追加し、既存の AWS アカウントに招待を送信します。GuardDuty の招待を受け入れ、Amazon EventBridge ルールを作成する AWS CloudFormation スタックセットを作成します。GuardDuty イベントに一致するイベントパターンを使用してルールを設定し、一致したイベントを SNS トピックに転送します。組織内のすべての AWS アカウントにデプロイされるように、CloudFormation スタックセットを設定します。,FALSE,組織の管理アカウントで、AWS CloudTrail 組織証跡を作成します。組織内のすべての AWS アカウントで組織証跡を有効化します。組織内の各アカウントで VPC フローログを有効にする SCP を作成します。組織の AWS Security Hub を設定します。Security Hub イベントに一致し、一致するイベントを SNS トピックに転送するイベントパターンを含む Amazon EventBridge ルールを作成します。,FALSE,組織の管理アカウントで、AWS アカウントを AWS CloudTrail 管理者アカウントとして設定します。CloudTrail 管理者アカウントで、CloudTrail 組織証跡を作成します。会社の既存の AWS アカウントを組織証跡に追加します。組織内の各アカウントで VPC フローログを有効にする SCP を作成します。組織の AWS Security Hub を設定します。Security Hub イベントに一致し、一致するイベントを SNS トピックに転送するイベントパターンを含む Amazon EventBridge ルールを作成します。,FALSE,,,,,"正解：A

理由：
侵害の兆候（EC2/ネットワーク/APIの異常）は Amazon GuardDuty が最適。

Organizations の委任管理者(セキュリティ/管理アカウント) を GuardDuty 管理者に設定し、既存アカウントをメンバー追加＋新規アカウントの自動有効化をオンにすれば、現在/将来の全アカウントを一元管理。

検出結果は EventBridge ルールで捕捉し、既存の SNS トピックへ通知すれば要件を満たす。

他の選択肢が不適な理由：
B 招待ベース＋各アカウントにStackSets配布は冗長で自動化が弱い。
C/D CloudTrail組織証跡やVPCフローログ＋Security Hubだけでは、GuardDuty相当の行動分析検出を代替できない。",,,2025-11-21
DOP-C02-Q103,ある企業のDevOpsエンジニアは、マルチアカウント環境で作業しています。この企業はAWS Transit Gatewayを使用して、すべてのアウトバウンドトラフィックをネットワークオペレーションアカウント経由でルーティングしています。ネットワークオペレーションアカウントでは、すべてのアカウントトラフィックがインターネットゲートウェイに向かう前に、ファイアウォールアプライアンスで検査を受けます。 ファイアウォールアプライアンスはAmazon CloudWatch Logsにログを送信し、イベントの重大度（CRITICAL、HIGH、MEDIUM、LOW、INFO）を記録します。セキュリティチームは、CRITICALイベントが発生した場合にアラートを受信したいと考えています。DevOps エンジニアはこれらの要件を満たすために何をすべきでしょうか？,FALSE,Amazon CloudWatch Synthetics のカナリアを作成し、ファイアウォールの状態を監視します。ファイアウォールが CRITICAL 状態に達した場合、または CRITICAL イベントがログに記録された場合は、CloudWatch アラームを使用して Amazon Simple Notification Service (Amazon SNS) トピックに通知を送信します。セキュリティチームのメールアドレスをトピックに登録します。,FALSE,CRITICALイベントの検索を使用して、Amazon CloudWatchメトリクスフィルターを作成します。検出結果のカスタムメトリクスを公開します。カスタムメトリクスに基づくCloudWatchアラームを使用して、Amazon Simple Notification Service (Amazon SNS)トピックに通知を公開します。セキュリティチームのメールアドレスをトピックに登録します。,TRUE,ネットワークオペレーションアカウントで Amazon GuardDuty を有効にします。フローログを監視するように GuardDuty を設定します。GuardDuty の重要なイベントによって呼び出される Amazon EventBridge イベントルールを作成します。Amazon Simple Notification Service (Amazon SNS) トピックをターゲットとして定義します。セキュリティチームのメールアドレスをトピックに登録します。,FALSE,AWS Firewall Manager を使用して、すべてのアカウントに一貫したポリシーを適用します。Firewall Manager の重要なイベントによって呼び出される Amazon EventBridge イベントルールを作成します。Amazon Simple Notification Service (Amazon SNS) トピックをターゲットとして定義します。セキュリティチームのメールアドレスをトピックに登録します。,FALSE,,,,,"正解：B

CloudWatch Logsのファイアウォールログに対してメトリクスフィルター（""CRITICAL"" 検索）を作成 → そのカスタムメトリクスにCloudWatchアラームを設定 → SNS通知でセキュリティチームにメール送付。
最短・標準パターンで要件（CRITICAL発生時の即時アラート）を満たします。",,,2025-11-21
DOP-C02-Q104,ある会社が複数のチームに分かれています。各チームはAWSアカウントを持ち、すべてのアカウントはAWS Organizations内の組織に属しています。各チームはAWSアカウントに対する完全な管理者権限を保持する必要があります。また、各チームは会社が使用を承認したAWSサービスのみにアクセスできる必要があります。AWSサービスは、リクエストと承認のプロセスを経て承認を得る必要があります。DevOpsエンジニアは、これらの要件を満たすためにアカウントをどのように設定すればよいでしょうか？,FALSE,AWS CloudFormation StackSets を使用して、各アカウントに IAM ポリシーをプロビジョニングし、制限された AWS サービスへのアクセスを拒否します。各アカウントで、ポリシーがアカウントの IAM プリンシパルにアタッチされるように AWS Config ルールを設定します。,FALSE,AWS Control Tower を使用して、組織内のOUにアカウントをプロビジョニングします。AWS Control Tower を設定して、AWS IAM Identity Center（AW​​S Single Sign-On）を有効にします。IAM Identity Center を設定して管理アクセスを提供します。制限されたAWSサービスに対するユーザーロールに拒否ポリシーを含めます。,FALSE,すべてのアカウントを組織内の新しい最上位OUに配置します。制限されたAWSサービスへのアクセスを拒否するSCPを作成し、そのOUにアタッチします。,TRUE,承認されたAWSサービスへのアクセスのみを許可するSCPを作成します。このSCPを組織のルートOUにアタッチします。FullAWSAccess SCPを組織のルートOUから削除します。,FALSE,,,,,"正解：C

理由：
各チームにアカウント内の管理者権限は維持しつつ、会社が未承認のサービスを使わせないには、組織単位(OU)にSCPを適用するのが最適。
SCPはアカウント内のどのIAMロール/ユーザーよりも強いガードレールなので、管理者でも未承認サービスは使えません。

A/B：IAMポリシーやIdCのロール拒否は、アカウント管理者が変更・迂回可能。

D：ルートOUに許可リストSCPを当て、FullAWSAccessを削除はリスク大（管理アカウント含め組織全体を縛り、運用を壊しやすい）。",,,2025-11-21
DOP-C02-Q105,"DevOpsエンジニアがAWS CloudFormationカスタムリソースを使用してAD Connectorをセットアップしました。AWS Lambda関数が実行され、AD Connectorが作成されましたが、CloudFormationがCREATE_IN_PROGRESSからCREATE_COMPLETEに遷移しません。

この問題を解決するには、エンジニアはどのようなアクションを取るべきでしょうか？",FALSE,Lambda 関数コードが正常に終了したことを確認します。,FALSE,Lambda 関数コードが事前に署名された URL に応答を返すことを確認します。,TRUE,Lambda 関数の IAM ロールに、スタック ARN に対する cloudformation:UpdateStack 権限があることを確認します。,FALSE,Lambda 関数の IAM ロールに AWS アカウントの ds:ConnectDirectory 権限があることを確認します。,FALSE,,,,,"正解：B
理由
CloudFormation のカスタムリソースは、Lambda 関数が終了後にCloudFormation から渡された事前署名付き URLへ「成功／失敗の結果」を HTTP PUT で返す必要があります。
この応答がないと、スタックはずっと CREATE_IN_PROGRESS のまま停止します。

A：Lambdaが終了しても、応答を返さなければCloudFormationは完了と認識しない。
C/D：権限の問題ではなく、CloudFormation側へのレスポンス欠如が原因。",,,2025-11-21
DOP-C02-Q106,ある企業は、ソースコード管理にAWS CodeCommitを使用しています。開発者は、様々な機能ブランチに変更を適用し 、本番環境への導入準備が整った時点で、プルリクエストを作成してメインブランチに変更をプッシュします。開発者がメインブランチに直接変更をプッシュすることは許可されていません。そこで、開発者のIAMロールにAWSCodeCommitPowerUserマネージドポリシーを適用したところ、AWSアカウント内のすべてのリポジトリで、開発者がメインブランチに直接変更をプッシュできるようになりました。 開発者がメインブランチに直接変更をプッシュする権限を制限するには、どうすればよいでしょうか？,FALSE,GitPushおよびPutFileアクションに拒否ルールを追加するポリシーを作成します。ポリシーステートメントに、メインブランチを参照する条件を含む特定のリポジトリに対する制限を追加します。,FALSE,IAMポリシーを削除し、AWSCodeCommitReadOnlyマネージドポリシーを追加します。ポリシーステートメント内の特定のリポジトリのGitPushおよびPutFileアクションに、メインブランチを参照する条件を含む許可ルールを追加します。,FALSE,IAMポリシーを変更します。ポリシーステートメントに、特定のリポジトリのGitPushおよびPutFileアクションに対する拒否ルールを追加し、メインブランチを参照する条件を設定します。,TRUE,GitPushおよびPutFileアクションの許可ルールを含む追加ポリシーを作成します。ポリシーステートメントに、フィーチャーブランチを参照する条件を含む、特定のリポジトリに対する制限を追加します。,FALSE,,,,,"正解：C

理由
既に AWSCodeCommitPowerUser により push 権限があるため、
→ 「メインブランチだけ拒否」する明示的 Deny ポリシー を追加するのが最も適切。
aws:Referer ではなく、codecommit:References 条件キーを使って refs/heads/main を指定できます。

他選択肢：
A：ほぼ正しいが、既存ポリシーを明示的に修正せず「追加」としている点が曖昧。Cがより正確。
B：ReadOnlyではプッシュもPRも不可になる。
D：「許可ルール追加」だけでは main への push を防げない。",,,2025-11-21
DOP-C02-Q107,ある企業は、Application Load Balancer (ALB) の背後にある Amazon EC2 インスタンス上で実行されるウェブアプリケーションを管理しています。EC2 インスタンスは、複数のアベイラビリティゾーンにまたがる Auto Scaling グループで実行されています。アプリケーションは、Amazon RDS for MySQL DB インスタンスを使用してデータを保存しています。同社は Amazon Route 53 に、ALB を指すエイリアスレコードを設定しました。 会社の新しいガイドラインでは、地理的に隔離された災害復旧 (DR) サイトを、RTO 4 時間、RPO 15 分に設定する必要があります。 アプリケーションスタックへの変更を最小限に抑えながら、これらの要件を満たす DR 戦略はどれでしょうか？,FALSE,Amazon RDS を除くすべてのレプリカ環境を別のアベイラビリティゾーンに作成します。新しいアベイラビリティゾーンに RDS リードレプリカを作成し、新しいスタックがローカル RDS DB インスタンスを指すように設定します。ヘルスチェックを使用してフェイルオーバールーティングポリシーを設定し、新しいスタックを Route 53 レコードセットに追加します。,FALSE,Amazon RDS を除くすべてのレプリカ環境を別の AWS リージョンで起動します。新しいリージョンに RDS リードレプリカを作成し、新しいスタックがローカル RDS DB インスタンスを指すように設定します。ヘルスチェックを使用してレイテンシールーティングポリシーを設定し、新しいスタックを Route 53 レコードセットに追加します。,FALSE,Amazon RDS を除くすべてのレプリカ環境を別の AWS リージョンに起動します。障害が発生した場合は、プライマリリージョンから最新の RDS スナップショットをコピーして DR リージョンに復元します。Route 53 レコードセットを調整して、DR リージョンの ALB を参照するようにします。,FALSE,Amazon RDS を除くすべてのレプリカ環境を別の AWS リージョンに作成します。新しいリージョンに RDS リードレプリカを作成し、ローカルの RDS DB インスタンスを参照するように新しい環境を設定します。ヘルスチェックを使用してフェイルオーバールーティングポリシーを設定し、新しいスタックを Route 53 レコードセットに追加します。障害が発生した場合は、リードレプリカをプライマリに昇格します。,TRUE,,,,,"正解：D

理由：
地理的に隔離＝別リージョン。RPO 15分は RDS クロスリージョンRead Replica が適合し、障害時に 昇格（Promote） して RTO 4時間内に切替可能。
Route 53 は フェイルオーバールーティング＋ヘルスチェック を使い、ALB 切替。
Aは同一リージョン（地理的隔離NG）、BはレイテンシーでDR要件に不適、Cはスナップショット復元でRPO/RTOが厳しい。",,,2025-11-21
DOP-C02-Q108,"ある大企業がAWS上にウェブアプリケーションをデプロイしています。アプリケーションは、Application Load Balancer の背後にあるAmazon EC2インスタンス上で実行されます。インスタンスは、複数のアベイラビリティゾーンにまたがるAuto Scalingグループで実行されます。アプリケーションは、Amazon RDS for Oracle DBインスタンスとAmazon DynamoDBにデータを保存しています。開発環境、テスト環境、本番環境はそれぞれ独立しています。

デプロイ中にパスワード認証情報を取得する最も安全かつ柔軟な方法は何でしょうか？",FALSE,AWS Systems Manager の SecureString パラメータからアクセスキーを取得し、AWS サービスにアクセスします。Systems Manager の SecureString パラメータからデータベース認証情報を取得します。,FALSE,EC2 IAM ロールを使用して EC2 インスタンスを起動し、AWS サービスにアクセスします。AWS Secrets Manager からデータベース認証情報を取得します。,TRUE,AWS Systems Manager のプレーンテキストパラメータからアクセスキーを取得し、AWS サービスにアクセスします。Systems Manager の SecureString パラメータからデータベース認証情報を取得します。,FALSE,AWSサービスにアクセスするために、EC2 IAMロールを使用してEC2インスタンスを起動します。データベースのパスワードは、アプリケーションアーティファクトとともに暗号化された設定ファイルに保存します。,FALSE,,,,,"正解：B

AWSサービスアクセスはEC2にIAMロールを付与（アクセスキー配布はNG）。
DB認証情報はAWS Secrets Managerで管理・取得（自動ローテーション、環境別シークレット、細粒度IAMで柔軟）。
A/Cはアクセスキー配布前提で非推奨、Dはアーティファクト同梱でリスク高。",,,2025-11-21
DOP-C02-Q109,"セキュリティチームは、社内のAWSアカウントにおける機密性の高いセキュリティ問題を検出するためにAWS CloudTrailを利用しています。DevOpsエンジニアは、AWSアカウントでCloudTrailが無効化された場合に自動修復するソリューションを必要としています。CloudTrail

ログ配信のダウンタイムを最小限に抑えるソリューションはどれでしょうか？",FALSE,CloudTrail の StopLogging イベント用の Amazon EventBridge ルールを作成します。AWS SDK を使用して、StopLogging が呼び出されたリソースの ARN に対して StartLogging を呼び出す AWS Lambda 関数を作成します。Lambda 関数の ARN を EventBridge ルールのターゲットとして追加します。,TRUE,AWS マネージド CloudTrail 対応 AWS Config ルールをデプロイし、1 時間間隔で定期的に実行するように設定しました。AWS Config ルールのコンプライアンス変更に関する Amazon EventBridge ルールを作成します。AWS SDK を使用して、StopLogging が呼び出されたリソースの ARN に対して StartLogging を呼び出す AWS Lambda 関数を作成します。Lambda 関数の ARN を EventBridge ルールのターゲットとして追加します。,FALSE,5分ごとにスケジュールされたイベントを実行するAmazon EventBridgeルールを作成します。AWS SDKを使用してAWSアカウントのCloudTrail証跡でStartLoggingを呼び出すAWS Lambda関数を作成します。Lambda関数のARNをEventBridgeルールのターゲットとして追加します。,FALSE,t2.nanoインスタンスを起動し、AWS SDKを使用して現在のアカウントのCloudTrailを5分ごとにクエリするスクリプトを実行します。CloudTrailの証跡が無効になっている場合は、スクリプトで証跡を再度有効にします,FALSE,,,,,"正解：A

理由：
StopLogging イベントを EventBridge で即検知し、ターゲットの Lambda が直ちに StartLogging を実行 → ダウンタイムを最小化できます。
B/C/D はポーリングや評価間隔があり復旧が遅れがちです。",,,2025-11-21
DOP-C02-Q110,"ある会社では、AWS CodeArtifact を使用して Python パッケージを一元的に保存しています。CodeArtifact リポジトリは、次のリポジトリポリシーで設定されています。 

{
  ""Version"": ""2012-10-17"",
  ""Statement"": [
    {
      ""Action"": [
        ""codeartifact:DescribePackageVersion"",
        ""codeartifact:DescribeRepository"",
        ""codeartifact:GetPackageVersionReadme"",
        ""codeartifact:GetRepositoryEndpoint"",
        ""codeartifact:ListPackageVersionAssets"",
        ""codeartifact:ListPackageVersionDependencies"",
        ""codeartifact:ListPackageVersions"",
        ""codeartifact:ListPackages"",
        ""codeartifact:ReadFromRepository""
      ],
      ""Effect"": ""Allow"",
      ""Resource"": ""*"",
      ""Principal"": ""*"",
      ""Condition"": {
        ""StringEquals"": {
          ""aws:PrincipalOrgID"": [
            ""o-xxxxxxxxxxx""
          ]
        }
      }
    }
  ]
}

開発チームは、AWS Organizations の組織にあるアカウントで新しいプロジェクトを構築しています。開発チームは、組織内の CodeArtifact リポジトリにすでに保存されている Python ライブラリを使用したいと考えています。開発チームは、AWS CodePipeline と AWS CodeBuild を使用して新しいアプリケーションを構築します。開発チームがアプリケーションの構築に使用する CodeBuild ジョブは、VPC で実行するように設定されています。コンプライアンス要件のため、VPC にはインターネット接続がありません。 開発チームは、CodeArtifact 用の VPC エンドポイントを作成し、CodeBuild の buildspec.yaml ファイルを更新します。ただし、開発チームはリポジトリから Python ライブラリをダウンロードできません。開発チーム が CodeArtifact を使用できるようにするために、DevOps エンジニアが実行する必要がある手順の組み合わせはどれですか (2 つ選択してください)。",TRUE,Amazon S3 ゲートウェイエンドポイントを作成します。CodeBuild ジョブを実行しているサブネットのルートテーブルを更新します。,TRUE,リポジトリポリシーの Principal ステートメントを更新して、CodeBuild プロジェクトが使用するロールの ARN を含めます。,FALSE,AWS Resource Access Manager (AWS RAM) を使用して、CodeArtifact リポジトリを組織と共有します。,FALSE,CodeBuild プロジェクトが使用するロールを更新して、そのロールに CodeArtifact リポジトリを使用するのに十分な権限が付与されるようにします。,TRUE,組織内の CodeArtifact の委任管理者としてリポジトリをホストするアカウントを指定します。,FALSE,,,"正解：A と D

A. S3 ゲートウェイエンドポイントを作成
CodeArtifact のパッケージ実体は S3 に保存されます。VPC にインターネットが無い場合、CodeArtifactに接続できても S3 へ到達できず取得失敗します。S3 の Gateway VPC Endpoint を作成し、CodeBuild サブネットのルートテーブルに関連付けて私設経路で取得できるようにします。
D. CodeBuild ロールに CodeArtifact 利用権限を付与
リポジトリポリシーは「組織内からのアクセスを許可」するガードレールですが、呼び出し元 IAM にも
codeartifact:GetAuthorizationToken, codeartifact:GetRepositoryEndpoint,
codeartifact:ReadFromRepository, （必要に応じて）sts:GetServiceBearerToken などの許可が必要です。ロールにこれらを付与します。

不要なもの
B：Org 条件付きのリポジトリポリシーで十分。個別ロールを列挙する必要なし。
C：CodeArtifact は RAM 共有不要（リポジトリポリシーでクロスアカウント可）。
E：委任管理者は管理用で、パッケージ取得には不要。",,,2025-11-21
DOP-C02-Q111,"ある企業は、マルチリージョンアプリケーションをデプロイするために、一連の個別のAmazon CloudFormationテンプレートを使用しています。これらのテンプレートは特定の順序でデプロイする必要があります。同社は当初の予想よりも多くのテンプレートの変更を行っており、新しいテンプレートをより効率的にデプロイしたいと考えています。さらに、データエンジニアリングチームにテンプレートへのすべての変更を通知する必要があります。

これらの目標を達成するために、同社は何をすべきでしょうか？",FALSE,CloudFormationテンプレートを必要な順序でデプロイするためのAWS Lambda関数を作成します。スタックポリシーを使用して、データエンジニアリングチームに通知します。,FALSE,CloudFormation テンプレートを Amazon S3 でホストします。Amazon S3 イベントを使用して、CloudFormation の更新と Amazon SNS 通知を直接トリガーします。,FALSE,CloudFormation StackSets を実装し、ドリフト検出を使用してデータ エンジニアリング チームへの更新アラートをトリガーします。,FALSE,CloudFormation のネストされたスタックとスタックセットをデプロイに活用します。Amazon SNS を使用してデータエンジニアリングチームに通知します。,TRUE,,,,,"正解：D

順序制御：ネストされたスタックで依存関係を表現すれば、所定の順序で自動展開できます。

マルチリージョン展開：StackSets を使えば複数リージョンへ一括デプロイ・更新が可能。

変更通知：CloudFormation（スタック/StackSet）イベントを SNS に流せば、テンプレートの更新・失敗などをデータエンジニアリングチームへ通知できます。

A/B/C は順序管理や通知の仕組みが適切でなかったり用途がずれているため不適です。",,,2025-11-21
DOP-C02-Q112,"DevOps エンジニアは、Web アプリケーションをプロビジョニングする AWS CloudFormation テンプレートをデプロイするための CI/CD パイプラインを実装しました。この Web アプリケーションは、Application Load Balancer (ALB)、ターゲットグループ、Amazon Linux 2 AMI を使用する起動テンプレート、Amazon EC2 インスタンスの Auto Scaling グループ、セキュリティグループ、および Amazon RDS for MySQL データベースで構成されています。起動テンプレートには、アプリケーションをインストールして起動するスクリプトを指定するユーザーデータが含まれています。

アプリケーションの初期デプロイは成功しました。DevOps エンジニアは、ユーザーデータを使用してアプリケーションのバージョンを更新するための変更を加えました。CI/CD パイプラインはテンプレートの新しいバージョンをデプロイしました。ただし、ALB のヘルスチェックが失敗しています。ヘルスチェックでは、すべてのターゲットが異常とマークされています。

調査中、DevOps エンジニアは、CloudFormation スタックのステータスが UPDATE_COMPLETE であることに気付きました。しかし、DevOpsエンジニアがEC2インスタンスの1つに接続し、/var/log/messagesを確認すると、Apacheウェブサーバーが設定エラーのために正常に起動できなかったことがわかります。

ユーザーデータの実行が正常に完了しなかった場合に、CloudFormationのデプロイが失敗することをDevOpsエンジニアはどのように保証できるでしょうか？",FALSE,cfn-signal ヘルパースクリプトを使用して、CloudFormation に成功または失敗を通知します。CloudFormation テンプレート内で WaitOnResourceSignals 更新ポリシーを使用します。更新ポリシーに適切なタイムアウトを設定します。,FALSE,UnhealthyHostCount メトリクス用の Amazon CloudWatch アラームを作成します。ターゲットグループに適切なアラームしきい値を設定します。CloudFormation に成功または失敗を通知するためのターゲットとして、Amazon Simple Notification Service (Amazon SNS) トピックを作成します。,FALSE,AWS::AutoScaling::LifecycleHook リソースを使用して、Auto Scaling グループにライフサイクルフックを作成します。CloudFormation に成功または失敗を通知するためのターゲットとして、Amazon Simple Notification Service (Amazon SNS) トピックを作成します。ライフサイクルフックに適切なタイムアウトを設定します。,FALSE,Amazon CloudWatchエージェントを使用して、cloud-initログをストリーミングします。適切な呼び出しタイムアウトを設定したAWS Lambda関数を含むサブスクリプションフィルターを作成します。Lambda関数がSignalResource APIオペレーションを使用してCloudFormationに成功または失敗を通知するように設定します。,TRUE,,,,,"正解：A

理由：
ユーザーデータ（cfn-init 等）完了可否を cfn-signal で CloudFormation に送信し、ASG（または対象リソース）に UpdatePolicy: AutoScalingRollingUpdate の WaitOnResourceSignals: true と Timeout を設定します。
所定時間内に成功シグナルが届かなければ スタック更新を失敗としてロールバック します。",,,2025-11-21
DOP-C02-Q113,"ある企業には、複数の AWS アカウントで実行されるデータ取り込みアプリケーションがあります。アカウントは AWS Organizations 内の組織に属しています。企業はアプリケーションを監視し、アプリケーションへのアクセスを統合する必要があります。現在、企業は複数の Auto Scaling グループの Amazon EC2 インスタンスでアプリケーションを実行しています。データは機密情報であるため、EC2 インスタンスはインターネットにアクセスできません。エンジニアは必要な VPC エンドポイントをデプロイしました。EC2 インスタンスは、アプリケーション専用に構築されたカスタム AMI を実行します。

アプリケーションを保守およびトラブルシューティングするために、システム管理者は EC2 インスタンスにログインできる必要があります。このアクセスは自動化され、一元的に制御される必要があります。企業のセキュリティチームは、インスタンスがアクセスされるたびに通知を受け取る必要があります。

これらの要件を満たすソリューションはどれですか。",FALSE,ユーザーがEC2インスタンスにログインするたびにセキュリティチームに通知を送信するAmazon EventBridgeルールを作成します。EC2 Instance Connectを使用してインスタンスにログインします。AWS CloudFormationを使用してAuto Scalingグループをデプロイします。cfn-initヘルパースクリプトを使用して、外部アクセス用の適切なVPCルートをデプロイします。カスタムAMIを再構築し、AWS Systems Manager Agentを追加します。,FALSE,NATゲートウェイとインターネットアクセス可能な要塞ホストをデプロイします。要塞ホストからすべてのEC2インスタンスへの着信トラフィックを許可するセキュリティグループを作成します。すべてのEC2インスタンスにAWS Systems Managerエージェントをインストールします。アクセスの監視と監査には、Auto Scalingグループのライフサイクルフックを使用します。Systems Managerセッションマネージャーを使用してインスタンスにログインします。Amazon CloudWatch Logsのロググループにログを送信します。監査のためにデータをAmazon S3にエクスポートします。S3イベント通知を使用して、セキュリティチームに通知を送信します。,FALSE,EC2 Image Builder を使用してカスタム AMI を再構築します。イメージには AWS Systems Manager Agent の最新バージョンを含めます。Auto Scaling グループを設定して、すべての EC2 インスタンスに AmazonSSMManagedInstanceCore ロールをアタッチします。Systems Manager Session Manager を使用してインスタンスにログインします。Amazon S3 へのセッション詳細のログ記録を有効にします。新しいファイルのアップロードに関する S3 イベント通知を作成し、Amazon Simple Notification Service (Amazon SNS) トピックを通じてセキュリティチームにメッセージを送信します。,TRUE,AWS Systems Manager Automation を使用して、カスタム AMI に Systems Manager Agent を組み込みます。AWS Config を設定して SCP をルート組織アカウントにアタッチし、EC2 インスタンスが Systems Manager に接続できるようにします。Systems Manager Session Manager を使用してインスタンスにログインします。Amazon S3 へのセッション詳細のログ記録を有効にします。新しいファイルのアップロードに関する S3 イベント通知を作成し、Amazon Simple Notification Service (Amazon SNS) トピックを通じてセキュリティチームにメッセージを送信します。,FALSE,,,,,"正解：C
理由：

Session Managerならインターネット不要（VPCエンドポイント経由）で、アクセスを一元管理・自動化できます。

AMIにSSM Agentを組み込み、インスタンスにAmazonSSMManagedInstanceCoreロールを付与すれば即利用可能。

S3へのセッション記録を有効化し、S3イベント→SNS通知で「アクセス発生時にセキュリティチームへ通知」を実現。

他案が不適な点

A EC2 Instance Connectや外部ルートは要件（非インターネット）と合わない。

B NAT/踏み台はインターネット経路を前提としており不要・過剰。

D SCPはOrganizationsで管理し、AWS Configでは扱わないため設定が不正確。",,,2025-11-21
DOP-C02-Q114,"ある企業は、Amazon S3 を使用して機密情報を保管しています。開発チームは、新しいプロジェクト用に毎日バケットを作成しています。セキュリティチームは、既存および将来のすべてのバケットで暗号化、ログ記録、バージョン管理が有効になっていることを保証したいと考えています。さらに、バケットへの読み取りまたは書き込みアクセスは、パブリックに許可してはなりません。DevOps

エンジニアはこれらの要件を満たすために何をすべきでしょうか？",FALSE,AWS CloudTrail を有効にし、AWS Lambda を使用して自動修復を設定します。,FALSE,AWS Config ルールを有効にし、AWS Systems Manager ドキュメントを使用して自動修復を設定します。,TRUE,AWS Trusted Advisor を有効にし、Amazon EventBridge を使用して自動修復を設定します。,FALSE,AWS Systems Manager を有効にし、Systems Manager ドキュメントを使用して自動修復を設定します。,FALSE,,,,,"正解：B
理由：

AWS Config ルールで S3 の暗号化／バージョニング／アクセス制御／ログ記録（サーバーアクセスログ）を継続評価。

**自動修復（オートリメディエーション）**を SSM ドキュメントで紐付ければ、違反バケットに対して自動で設定を有効化（例：デフォルト暗号化ON、バージョニングON、ブロックパブリックアクセスON、ログ記録設定）。

既存・将来のバケットともに検出→是正を自動で満たせます。

A/C/D は検出や修復の両方を一貫して担えず、実装負荷や検知遅延が大きいです。",,,2025-11-21
DOP-C02-Q115,"DevOpsエンジニアが、AWS上でイメージバッチ処理クラスターを実装する最も安価な方法を調査しています。アプリケーションはDockerコンテナでは実行できないため、Amazon EC2上で実行する必要があります。バッチジョブはチェックポイントデータをNFSボリュームに保存し、中断を許容します。汎用EC2 Linuxイメージからクラスターソフトウェアを構成するのに30分かかります。

最も費用対効果の高いソリューションは何でしょうか？",FALSE,チェックポイントデータにはAmazon EFSを使用します。ジョブを完了するには、EC2 Auto Scalingグループとオンデマンド料金モデルを使用して、EC2インスタンスを一時的にプロビジョニングします。,FALSE,チェックポイントデータにはEC2インスタンス上のGlusterFSを使用します。バッチジョブを実行するには、EC2インスタンスを手動で設定します。ジョブが完了したら、インスタンスを手動でシャットダウンします。,FALSE,チェックポイントデータにはAmazon EFSを使用します。EC2フリートを使用してEC2スポットインスタンスを起動し、ユーザーデータを利用して起動時にEC2 Linuxインスタンスを設定します。,FALSE,チェックポイントデータにはAmazon EFSを使用します。EC2スポットインスタンスを起動するにはEC2フリートを使用します。クラスター用のカスタムAMIを作成し、インスタンス作成時には最新のAMIを使用します。,TRUE,,,,,"正解：D

EFSでNFSチェックポイントを共有（中断に強い）。

EC2 Fleet + Spotでコスト最小化＆キャパ確保。

カスタムAMIで事前にソフトを焼き込み、起動時の30分セットアップを排除（Spot中断時の無駄を減らす）。

Aはオンデマンドで高コスト、Cは毎回30分の初期化が無駄、Bは手作業かつ可用性/運用性が低い。",,,2025-11-21
DOP-C02-Q116,"ある企業は最近、オンプレミスからAWSへレガシーアプリケーションを移行しました。アプリケーションは、Amazon API Gatewayの背後にあるApplication Load Balancerを介してAmazon EC2インスタンス上にホストされています。同社は、アプリケーションの新バージョンをデプロイする際のユーザーへの影響を最小限に抑えたいと考えています。また、問題が発生した場合には、更新を迅速にロールバックできるようにしたいと考えています。

アプリケーションへの変更を最小限に抑えながら、これらの要件を満たすソリューションはどれでしょうか？",FALSE,既存の環境とは別の環境として変更を導入します。API Gateway を設定して、カナリアリリースのデプロイメントを使用して、ユーザートラフィックの一部のサブセットを新しい環境に送信します。,TRUE,既存の環境とは別の環境として変更を導入します。アプリケーションのDNSエイリアスレコードを更新し、新しい環境を参照するようにします。,FALSE,既存のApplication Load Balancerの背後に別のターゲットグループを作成し、変更を導入します。API Gatewayを設定して、ユーザートラフィックを段階的に新しいターゲットグループにルーティングします。,FALSE,既存のApplication Load Balancerの背後に別のターゲットグループを作成し、変更を導入します。API Gatewayを設定して、すべてのトラフィックをApplication Load Balancerにルーティングし、Application Load Balancerが新しいターゲットグループにトラフィックを送信します。,FALSE,,,,,"正解：A

理由：
API Gateway にはステージ単位のカナリアリリース機能があり、ステージ変数を切り替えてトラフィックの一部だけを新環境（別ALB/別スタック）へ段階的に転送できます。問題時は割合を0%に戻すだけで即ロールバック。
C/D は「API GatewayからALB配下のターゲットグループを直接振り分ける」前提ですが、TGの重み付けはALB側で制御するもので、API GatewayからTGを選べません。Bは一括切替で影響が大きいです。",,,2025-11-21
DOP-C02-Q117,"ある企業が Amazon S3 バケットに 100GB のログデータを .csv 形式で保存しています。SQL 開発者は、このデータをクエリし、グラフを生成して視覚化したいと考えています。また、.csv ファイルからメタデータを効率的かつ自動的に保存する方法も必要です。

これらの要件を最も少ない労力で満たす手順の組み合わせはどれですか（3 つ選択してください）。",TRUE,AWS X-Ray でデータをフィルタリングしてデータを視覚化します。,FALSE,Amazon QuickSight でデータをフィルタリングしてデータを視覚化します。,TRUE,Amazon Athena を使用してデータをクエリします。,TRUE,Amazon Redshift を使用してデータをクエリします。,FALSE,AWS Glue データカタログを永続的なメタデータストアとして使用します。,TRUE,永続的なメタデータストアとして Amazon DynamoDB を使用します。,FALSE,"正解：B・C・E

C. Amazon Athena：S3上のCSVをそのままサーバーレスでSQLクエリ。ETLやロード不要で手間最小。

E. AWS Glue データカタログ：GlueクローラーでCSVのスキーマを自動推論・登録し、永続メタデータストアとしてAthena/QuickSightから参照。

B. Amazon QuickSight：Athenaをデータソースにしてダッシュボード・グラフを作成し可視化。

※X-Rayは分散トレース用、RedshiftはDWHで準備が重い、DynamoDBはメタストア用途に不適。",,,2025-11-21
DOP-C02-Q118,"ある企業が、複数の AWS リージョンとアベイラビリティーゾーンにまたがって AWS 上に企業インフラストラクチャを展開しています。インフラストラクチャは Amazon EC2 インスタンスに展開され、AWS IoT Greengrass デバイスに接続されています。企業は、本社にあるオンプレミスサーバーに追加のリソースを展開しています。

企業は、リソースの保守と更新に伴うオーバーヘッドを削減したいと考えています。企業の DevOps チームは、AWS Systems Manager を使用して、パッチの自動管理と適用を実装する予定です。DevOps チームは、リソースが展開されているリージョンで Systems Manager が利用できることを確認しています。Systems Manager は、本社に近いリージョンでも利用できます。企業

の EC2 インスタンス、IoT デバイス、オンプレミスインフラストラクチャ全体に自動パッチ管理と構成管理を実装するには、DevOps チームが実行する必要がある手順の組み合わせはどれですか (3 つ選択してください)。",TRUE,すべてのEC2インスタンス、AWS IoT Greengrassデバイス、オンプレミスサーバーにタグを適用します。Systems Managerのセッションマネージャーを使用して、タグ付けされたすべてのデバイスにパッチをプッシュします。,FALSE,Systems Manager Run Command を使用して、EC2 インスタンス、AWS IoT Greengrass デバイス、オンプレミス サーバーのパッチ適用をスケジュールします。,FALSE,Systems Manager Patch Manager を使用して、EC2 インスタンス、AWS IoT Greengrass デバイス、オンプレミス サーバーのパッチ適用を Systems Manager メンテナンス ウィンドウ タスクとしてスケジュールします。,TRUE,Amazon EventBridge を設定して、Systems Manager Patch Manager のパッチベースライン更新を監視します。Systems Manager Run Command をイベントに関連付け、すべての EC2 インスタンス、AWS IoT Greengrass デバイス、オンプレミスサーバーに対してパッチアクションを開始します。,FALSE,Systems Manager用のIAMインスタンスプロファイルを作成します。AWSアカウント内のすべてのEC2インスタンスにインスタンスプロファイルをアタッチします。AWS IoT Greengrassデバイスとオンプレミスサーバーには、Systems Manager用のIAMサービスロールを作成します。,TRUE,マネージドインスタンスのアクティベーションを生成します。アクティベーションコードとアクティベーションIDを使用して、オンプレミス環境の各サーバーに Systems Manager Agent (SSM Agent) をインストールします。AWS IoT Greengrass IAM トークン交換ロールを更新します。このロールを使用して、すべての IoT デバイスに SSM Agent をデプロイします。,TRUE,"正解：C・E・F

C. Patch Manager＋メンテナンスウィンドウ
パッチを自動適用する標準のやり方。ウィンドウに Patch Manager タスクを登録して定期運用。

E. 必要なIAMロール/プロファイル
EC2 には AmazonSSMManagedInstanceCore を含む インスタンスプロファイル、
Greengrass/オンプレには Systems Manager用サービスロール が必要。

F. ハイブリッドアクティベーション＆Greengrass連携
オンプレは アクティベーションID/コード＋SSM Agent で マネージドインスタンス化。
Greengrass は トークン交換ロール(TE role) を更新し、SSM Agent をデプロイして管理下へ。

A（Session Managerでパッチ配布）は用途違い、B/D（Run Command直叩きやEventBridge連携）は運用が複雑で、Patch Manager＋Maintenance Windowに劣ります。",,,2025-11-21
DOP-C02-Q119,"ある企業が、Application Load Balancer の背後にある Amazon EC2 インスタンス上で実行されるウェブアプリケーションのテストを行っています。これらのインスタンスは、複数のアベイラビリティゾーンにまたがる Auto Scaling グループで実行されています。この企業では、新しいソフトウェアをデプロイする際に、イミュータブルインスタンスを使用した Blue/Green デプロイプロセスを使用しています。

テスト中、ユーザーがアプリケーションからランダムなタイミングで自動的にログアウトされるという問題が発生しています。また、テスターからは、アプリケーションの新バージョンをデプロイすると、すべてのユーザーがログアウトされるという報告も寄せられています。開発チームは、スケーリングイベントやアプリケーションのデプロイをまたいで、ユーザーのログイン状態を維持するためのソリューションを必要としています。

ユーザーのログイン状態を維持するための、最も運用効率の高い方法は何でしょうか？",FALSE,ロード バランサーでスマート セッションを有効にし、既存のセッションを確認するようにアプリケーションを変更します。,FALSE,ロード バランサーでセッション共有を有効にし、セッション ストアから読み取るようにアプリケーションを変更します。,FALSE,ユーザーセッション情報を Amazon S3 バケットに保存し、バケットからセッション情報を読み取るようにアプリケーションを変更します。,FALSE,ユーザーセッション情報を Amazon ElastiCache クラスターに保存するようにアプリケーションを変更します。,TRUE,,,,,"正解：D

理由：
ログイン状態が消えるのは、セッションをEC2インスタンス内に保持しているためです。スケールアウト/置き換え（Blue/Green）やインスタンス再起動でセッションが失われます。
ElastiCache（Redis/Memcached）をセッションストアにすると、全インスタンスから共有でき、AZやデプロイをまたいでも継続します。

A/B：ALBにはそのような“セッション共有/スマートセッション”機能はなく、スティッキーでもインスタンス置き換えで失効しがち。

C：S3はレイテンシ・更新頻度の面でセッション用途に不向き。",,,2025-11-21
DOP-C02-Q120,"DevOps エンジニアは、既存の 3 層アプリケーション用にブルー/グリーン デプロイメントを構成する必要があります。アプリケーションは Amazon EC2 インスタンス上で実行され、Amazon RDS データベースを使用します。EC2 インスタンスは Application Load Balancer (ALB) の背後で実行され、Auto Scaling グループに属しています。DevOps

エンジニアは、ブルー環境用の起動テンプレートと Auto Scaling グループを作成しました。また、グリーン環境用の起動テンプレートと Auto Scaling グループも作成しました。各 Auto Scaling グループは、対応するブルーまたはグリーンのターゲットグループにデプロイされます。ターゲットグループは、EC2 インスタンスにロードされるソフトウェア (ブルーまたはグリーン) も指定します。ALB は、トラフィックをブルー環境のターゲットグループまたはグリーン環境のターゲットグループに送信するように構成できます。www.example.com の Amazon Route 53 レコードは ALB を指しています。

このデプロイメントでは、ブルー環境の EC2 インスタンス上のソフトウェアと、グリーン環境の EC2 インスタンスに新しくデプロイされたソフトウェアの間で、トラフィックを一度に移動する必要があります。

これらの要件を満たすために DevOps エンジニアは何をすべきでしょうか?",FALSE,Green環境のAuto Scalingグループのローリング再起動を開始し、Green環境のEC2インスタンスに新しいソフトウェアをデプロイします。ローリング再起動が完了したら、AWS CLIコマンドを使用してALBを更新し、Green環境のターゲットグループにトラフィックを送信するようにします。,TRUE,AWS CLI コマンドを使用して ALB を更新し、トラフィックを Green 環境のターゲットグループに送信するようにします。次に、Green 環境の Auto Scaling グループのローリング再起動を開始し、Green 環境の EC2 インスタンスに新しいソフトウェアをデプロイします。,FALSE,起動テンプレートを更新し、グリーン環境のソフトウェアをブルー環境のEC2インスタンスにデプロイします。両環境のターゲットグループとAuto Scalingグループは変更せず、ブルー環境のEC2インスタンスをローリング再起動します。,FALSE,Green環境のAuto Scalingグループのローリング再起動を開始し、Green環境のEC2インスタンスに新しいソフトウェアをデプロイします。ローリング再起動が完了したら、Route 53 DNSを更新し、ALB上のGreen環境のエンドポイントを参照するようにします。,FALSE,,,,,"正解：A

グリーン側を先にローリングで展開して準備完了にし、ALBの転送先ターゲットグループをブルー→グリーンへ一括切替するのが正しい手順です。
Bは切替を先に行うため未準備のグリーンにトラフィックが流れる恐れ。Cは色分離を崩すためNG。DはDNS切替で伝播遅延が発生し、一括切替になりにくい上に不要です。",,,2025-11-21
DOP-C02-Q121,ある企業が、ビルドアカウントで AWS CodePipeline と AWS CodeBuild を使用して新しいパイプラインを構築しています。パイプラインは 2 つのステージで構成されています。最初のステージは、AWS Lambda 関数をビルドおよびパッケージ化する CodeBuild ジョブです。2 番目のステージは、開発環境アカウントと本番環境アカウントという 2 つの異なる AWS アカウントで実行されるデプロイメントアクションで構成されています。デプロイメントステージでは、CodePipeline が呼び出す AWS CloudFormation アクションを使用して、Lambda 関数に必要なインフラストラクチャをデプロイします。DevOps エンジニアは CodePipeline パイプラインを作成し、Amazon S3 用の AWS Key Management Service (AWS KMS) AWS 管理キー (aws/s3 キー) を使用してビルド成果物を暗号化するようにパイプラインを設定します。成果物は S3 バケットに保存されます。パイプラインを実行すると、CloudFormation アクションがアクセス拒否エラーで失敗します。 このエラーを解決するために、DevOps エンジニアはどのアクションの組み合わせを実行する必要がありますか (2 つ選択してください)。,TRUE,各AWSアカウントにアーティファクト用のS3バケットを作成します。パイプラインがS3バケットに書き込めるようにします。CodePipelineのS3アクションを作成し、各AWSアカウントのS3バケットにアーティファクトをコピーします。CloudFormationアクションを更新し、本番環境アカウントのアーティファクトS3バケットを参照するようにします。,FALSE,カスタマー管理のKMSキーを作成します。KMSキーポリシーを設定し、CloudFormationアクションで使用されるIAMロールが復号化操作を実行できるようにします。パイプラインを変更し、カスタマー管理のKMSキーを使用してアーティファクトを暗号化します。 C. AWS 管理の KMS キーを作成します。開発アカウントと本番アカウントが復号化操作を実行できるように KMS キーポリシーを設定します。パイプラインを変更し、KMS キーを使用してアーティファクトを暗号化します。,TRUE,AWS 管理の KMS キーを作成します。開発アカウントと本番アカウントが復号化操作を実行できるように KMS キーポリシーを設定します。パイプラインを変更し、KMS キーを使用してアーティファクトを暗号化します。,FALSE,開発アカウントと本番アカウントで、CodePipeline 用の IAM ロールを作成します。これらのロールには、CloudFormation オペレーションを実行する権限と、アーティファクトの S3 バケットからオブジェクトを取得および復号化する権限を設定します。CodePipeline アカウントでは、これらのロールを使用するように CodePipeline CloudFormation アクションを設定します。,FALSE,開発アカウントと本番アカウントで、CodePipeline 用の IAM ロールを作成します。これらのロールに、CloudFormation オペレーションを実行する権限と、アーティファクトの S3 バケットからオブジェクトを取得および復号化する権限を設定します。CodePipeline アカウントで、アーティファクトの S3 バケットポリシーを変更し、ロールがアクセスできるようにします。これらのロールを使用するように、CodePipeline の CloudFormation アクションを設定します。,TRUE,,,"正解：B と E

B（CMKを作成して使用）
クロスアカウントの CloudFormation アクションが成果物を復号するには、カスタマー管理の KMS キー（CMK）が必要です。キー ポリシーにデプロイ先アカウントのロールを明示許可し、CodePipeline の暗号化キーをこの CMK に変更します。
※AWS管理キー（aws/s3）はキー ポリシーを編集できず、クロスアカウント復号の制御ができません。

E（デプロイ先ロール＋S3バケットポリシー）
開発/本番アカウントに、CloudFormation実行＆S3取得＋KMS復号を行えるロールを作成。ビルドアカウント側のアーティファクトS3バケットポリシーを更新し、そのロールからの s3:GetObject を許可。CodePipeline の CloudFormation アクションでこれらのロールを Assumeして実行します。

これで、S3（バケットポリシー） と KMS（キー ポリシー） の両方でクロスアカウントアクセスが許可され、アクセス拒否が解消されます。",,,2025-11-21
DOP-C02-Q122,"ある会社では、AWS Organizations の組織を使用して複数の AWS アカウントを管理しています。会社の開発チームは、回復力要件を満たすために AWS Lambda 関数を使用したいと考えています。そのため、すべてのアプリケーションを、VPC にデプロイされた Lambda 関数で動作するように書き換えています。開発チームは、組織内のアカウント A で Amazon Elastic File System (Amazon EFS) を共有ストレージとして使用しています。

会社は、Lambda で Amazon EFS を引き続き使用したいと考えています。会社のポリシーでは、すべてのサーバーレスプロジェクトをアカウント B にデプロイする必要があります。DevOps

エンジニアは、既存の EFS ファイルシステムを再構成して、Lambda 関数が既存の EFS アクセスポイントを介してデータにアクセスできるようにする必要があります。

これらの要件を満たすために、DevOps エンジニアが実行する必要がある手順の組み合わせはどれですか (3 つ選択してください)。",TRUE,EFS ファイル システム ポリシーを更新して、アカウント B にアカウント A の EFS ファイル システムをマウントして書き込むためのアクセス権を付与します。,TRUE,SCP を作成し、Amazon EFS のきめ細かな制御を可能にする権限ガードレールを設定します。,FALSE,アカウント B に新しい EFS ファイルシステムを作成します。AWS Database Migration Service (AWS DMS) を使用して、アカウント A とアカウント B のデータを同期させます。,FALSE,VPC および EFS ファイルシステムにアクセスする権限を持つ Lambda 実行ロールを更新します。,TRUE,アカウント A をアカウント B に接続するための VPC ピアリング接続を作成します。,TRUE,アカウント B の Lambda 関数を設定して、アカウント A の既存の IAM ロールを引き継ぎます。,FALSE,"正解：A・D・E

A. EFSファイルシステムポリシーを更新
アカウントAのEFSにリソースベースポリシーを設定し、アカウントBのIAMプリンシパル（Lambda実行ロール）に対して
elasticfilesystem:ClientMount / elasticfilesystem:ClientWrite を アクセスポイント経由で許可します。

D. Lambda実行ロールを更新
アカウントBのLambda実行ロールに、VPC接続用の基本権限（ENI作成など）に加え、EFSのIAM認可を使う場合は
elasticfilesystem:ClientMount / ClientWrite（対象APのARN）を付与します。

E. VPC間接続を用意
アカウントBのLambdaが、アカウントAのEFSマウントターゲット(同AZ)へ到達できるようにVPCピアリング（またはTGW）を作成。
ルート／SGでNFS(2049/TCP)を許可します。

B（SCP）は目的外、C（新規EFS＋DMS）は不要、F（アカウントAのロールを引き継ぐ）は必須ではなく、EFS側のリソースポリシーでクロスアカウント許可するのがシンプルです。",,,2025-11-21
DOP-C02-Q123,"あるメディア企業は、AWSアカウントに数千のAmazon EC2インスタンスを保有しています。同社は、チームのコミュニケーションや重要な更新情報の管理にSlackと共有受信トレイを使用しています。DevOpsエンジニアは、AWSがスケジュールするすべてのEC2メンテナンス通知をSlackチャンネルと共有受信トレイに送信する必要があります。このソリューションには、インスタンスの名前と所有者のタグを含める必要があります。

これらの要件を満たすソリューションはどれでしょうか？",FALSE,AWS Trusted Advisor を AWS Config と統合します。カスタム AWS Config ルールを設定して AWS Lambda 関数を呼び出し、Amazon Simple Notification Service (Amazon SNS) トピックに通知を発行します。Slack チャンネルのエンドポイントと共有受信トレイをトピックにサブスクライブします。,FALSE,Amazon EventBridge を使用して AWS Health イベントを監視します。メンテナンスイベントを Amazon Simple Notification Service (Amazon SNS) トピックをターゲットに設定し、AWS Lambda 関数を SNS トピックにサブスクライブして、Slack チャンネルと共有受信トレイに通知を送信します。,TRUE,EC2 メンテナンス通知を Slack チャンネルと共有受信トレイに送信する AWS Lambda 関数を作成します。Amazon CloudWatch メトリクスを使用して EC2 ヘルスイベントを監視します。メンテナンス通知を受信したときに Lambda 関数を呼び出す CloudWatch アラームを設定します。,FALSE,AWS サポートと AWS CloudTrail の統合を設定します。CloudTrail ルックアップイベントを作成し、AWS Lambda 関数を呼び出して EC2 メンテナンス通知を Amazon Simple Notification Service (Amazon SNS) に渡します。Amazon SNS を Slack チャンネルと共有受信トレイをターゲットに設定するように設定します。,FALSE,,,,,"正解：B

AWS Health に AWS 予定メンテのイベントが出ます。これを EventBridge で捕捉。

ルールのターゲットを SNS にして、そこに購読した Lambda でイベントを受け取り、DescribeInstances などで EC2 の Name/Owner タグを付与して整形 → Slack Webhook と 共有受信トレイ（メール） へ送信。

A/Dは対象のイベント源が不適切、CはCloudWatchメトリクスではAWSスケジュールメンテの検知に向きません。",,,2025-11-21
DOP-C02-Q124,AWS CodePipeline パイプラインにコードリリースプロセスが実装されています。このパイプラインは AWS CodeDeploy と統合されており、CodePipeline の各ステージで複数の Amazon EC2 インスタンスにアプリケーションのバージョンをデプロイします。 最近のデプロイ中に、CodeDeploy の問題によりパイプラインが失敗しました。DevOps チームは、デプロイ中の監視と通知を改善し、解決時間を短縮したいと考えています。 問題が発見された際に通知を作成するには、DevOps エンジニアはどのようにすればよいでしょうか。,FALSE,CodePipeline および CodeDeploy に Amazon CloudWatch Logs を実装し、コードデプロイメントの問題を評価するための AWS Config ルールを作成し、デプロイメントの問題を関係者に通知するための Amazon Simple Notification Service (Amazon SNS) トピックを作成します。,FALSE,CodePipeline および CodeDeploy 用の Amazon EventBridge を実装し、コードデプロイメントの問題を評価するための AWS Lambda 関数を作成し、デプロイメントの問題を関係者に通知するための Amazon Simple Notification Service (Amazon SNS) トピックを作成します。,TRUE,AWS CloudTrail を実装して CodePipeline および CodeDeploy API 呼び出し情報を記録し、コードデプロイメントの問題を評価する AWS Lambda 関数を作成し、デプロイメントの問題を関係者に通知する Amazon Simple Notification Service (Amazon SNS) トピックを作成します。,FALSE,CodePipeline および CodeDeploy 用の Amazon EventBridge を実装し、コードデプロイメントの問題を評価するための Amazon Inspector 評価ターゲットを作成し、デプロイメントの問題を関係者に通知するための Amazon Simple Notification Service (Amazon SNS) トピックを作成します。,FALSE,,,,,"正解：B

理由：
CodePipeline/CodeDeploy の失敗イベントを Amazon EventBridge で即検知 → ルールのターゲットで Lambda が詳細整形・補足調査 → SNS へ通知。リアルタイム性と柔軟な通知内容の両立ができます。
A/Cは検知が遅い・用途違い、DのInspectorは無関係です。",,,2025-11-21
DOP-C02-Q125,"あるグローバル企業が AWS Control Tower を使用して複数の AWS アカウントを管理しています。この企業では、社内アプリケーションとパブリックアプリケーションをホストしています。

社内の各アプリケーションチームには、アプリケーションホスティング用の独自の AWS アカウントがあります。これらのアカウントは、AWS Organizations の組織に統合されています。AWS Control Tower メンバーアカウントの 1 つは、アプリケーションチームがそれぞれのターゲット AWS アカウントにアプリケーションをデプロイするために使用する CI/CD パイプラインを備えた集中型 DevOps アカウントとして機能します。デプロイ用の IAM ロールは、集中型 DevOps アカウントに存在します。

アプリケーションチームは、アプリケーション AWS アカウントの Amazon Elastic Kubernetes Service (Amazon EKS) クラスターにアプリケーションをデプロイしようとしています。デプロイ用の IAM ロールは、アプリケーション AWS アカウントに存在します。デプロイは、集中型 DevOps アカウントに設定された AWS CodeBuild プロジェクトを介して行われます。CodeBuild プロジェクトは、CodeBuild に IAM サービスロールを使用します。CodeBuild からクロスアカウント EKS クラスターに接続しようとしたときに、Unauthorized エラーが発生してデプロイが失敗します。

このエラーを解決するにはどのソリューションを使用しますか?",FALSE,アプリケーションアカウントのデプロイメントIAMロールを、一元管理されたDevOpsアカウントとの信頼関係に設定します。sts:AssumeRoleアクションを許可するように信頼関係を設定します。アプリケーションアカウントのデプロイメントIAMロールに、EKSクラスターへの必要なアクセス権限を設定します。EKSクラスターのaws-auth ConfigMapを設定して、ロールを適切なシステム権限にマッピングします。,TRUE,集中管理型DevOpsアカウントのデプロイメントIAMロールを、アプリケーションアカウントとの信頼関係に設定します。sts:AssumeRoleアクションを許可するように信頼関係を設定します。集中管理型DevOpsアカウントのデプロイメントIAMロールを、CodeBuildへの必要なアクセスを許可するように設定してください。,FALSE,集中管理型DevOpsアカウントのデプロイメントIAMロールを、アプリケーションアカウントとの信頼関係に設定します。sts:AssumeRoleWithSAMLアクションを許可するように信頼関係を設定します。集中管理型DevOpsアカウントのデプロイメントIAMロールを、CodeBuildへの必要なアクセスを許可するように設定してください。,FALSE,アプリケーションアカウントのデプロイメントIAMロールを、AWS Control Tower管理アカウントとの信頼関係に設定します。sts:AssumeRoleアクションを許可するように信頼関係を設定します。アプリケーションアカウントのデプロイメントIAMロールに、EKSクラスターへの必要なアクセス権限を設定します。EKSクラスターのaws-auth ConfigMapを設定して、ロールを適切なシステム権限にマッピングします。,FALSE,,,,,"✅ 正解：A

理由

CodeBuild は 集中型 DevOps アカウントで動作。
実際に EKS にデプロイするのは アプリケーションアカウントのロール。
したがって、CodeBuild のサービスロールが sts:AssumeRole で
アプリケーションアカウントの「デプロイメントロール」を引き受ける必要があります。

このロールに、
EKS クラスター操作権限（eks:DescribeCluster, kubectl相当操作など）
EKS クラスターの aws-auth ConfigMap にマッピング設定（system:mastersなど）
を付与することで、EKS へのアクセスが可能になります。

誤りの選択肢
B：信頼方向が逆（アプリケーション側ではなくDevOps側で信頼を設定している）
C：AssumeRoleWithSAML は不要（SAML認証は関係なし）
D：Control Tower 管理アカウントは関係ない（デプロイ元は DevOps アカウント）

💡まとめ
CodeBuild（DevOpsアカウント） → sts:AssumeRole → デプロイロール（アプリケーションアカウント）
→ EKSクラスターの aws-auth にロールを登録して認証許可。",,,2025-11-21
DOP-C02-Q126,"規制の厳しい企業では、DevOpsエンジニアは緊急時を除きAmazon EC2インスタンスにログインしてはならないというポリシーがあります。DevOpsエンジニアがログインした場合、発生から15分以内にセキュリティチームに通知する必要があります。

これらの要件を満たすソリューションはどれでしょうか？",FALSE,各EC2インスタンスにAmazon Inspectorエージェントをインストールします。Amazon EventBridgeの通知をサブスクライブします。AWS Lambda関数を呼び出して、メッセージがユーザーログインに関するものかどうかを確認します。そうであれば、Amazon SNSを使用してセキュリティチームに通知を送信します。,FALSE,各EC2インスタンスにAmazon CloudWatchエージェントをインストールします。エージェントを設定して、すべてのログをAmazon CloudWatch Logsにプッシュし、ユーザーログインを検索するCloudWatchメトリクスフィルターを設定します。ログインが見つかった場合は、Amazon SNSを使用してセキュリティチームに通知を送信します。,TRUE,Amazon CloudWatch Logs で AWS CloudTrail を設定します。CloudWatch Logs を Amazon Kinesis にサブスクライブします。AWS Lambda を Kinesis にアタッチして、ログにユーザーログインが含まれているかどうかを解析・判断します。含まれている場合は、Amazon SNS を使用してセキュリティチームに通知を送信します。,FALSE,各 Amazon EC2 インスタンスにスクリプトを設定し、すべてのログを Amazon S3 にプッシュします。S3 イベントを設定して AWS Lambda 関数を呼び出し、Amazon Athena クエリを実行します。Athena クエリはログインを確認し、出力を Amazon SNS を使用してセキュリティチームに送信します。,FALSE,,,,,"正解：B

理由：
OSのログインは /var/log/secure（Amazon Linux）や /var/log/auth.log（Ubuntu）に出るので、CloudWatch エージェントで CloudWatch Logs へ送信 → メトリクスフィルターでログインパターンを検出 → SNS 通知が最短・確実。15分以内の通知要件もアラームしきい値/評価期間で満たせます。

A（Inspector）は脆弱性評価用、C（CloudTrail）はSSH等のOSログインを記録しない、D（S3+Athena）はバッチ寄りで遅延が大きいです。",,,2025-11-21
DOP-C02-Q127,"ある企業が、重要なビジネスアプリケーション用のAWS CloudFormationテンプレートを更新しました。更新されたテンプレートのエラーによりスタックの更新プロセスが失敗し、AWS CloudFormationは自動的にスタックのロールバックプロセスを開始しました。その後、DevOpsエンジニアは、アプリケーションがまだ利用できず、スタックがUPDATE_ROLLBACK_FAILED状態であることを発見しました。スタックの

ロールバックを正常に完了させるために、DevOpsエンジニアはどのようなアクションの組み合わせを実行する必要がありますか？（2つ選択してください。）",TRUE,AWSCloudFormationFullAccess IAM ポリシーを AWS CloudFormation ロールにアタッチします。,FALSE,AWS CloudFormation ドリフト検出を使用してスタックリソースを自動的に回復します。,FALSE,AWS CloudFormation コンソールまたは AWS CLI から ContinueUpdateRollback コマンドを発行します。,TRUE,スタックの期待値に合わせてリソースを手動で調整します。,TRUE,元のテンプレートを使用して、既存の AWS CloudFormation スタックを更新します。,FALSE,,,"✅ 正解：C と D

理由
スタックが UPDATE_ROLLBACK_FAILED 状態になるのは、
CloudFormation がロールバック中にリソース更新を完了できなかったため。

対応手順
(D) 手動で問題のリソースを修正（例：削除・依存関係修正など）
　→ CloudFormation が再度ロールバックできるようにする。
(C) aws cloudformation continue-update-rollback
　またはコンソールの「ロールバックの続行」を実行して、
　ロールバックを完了させる。

他の選択肢が誤りな理由
A：IAM ポリシー付与では問題は解決しない。
B：ドリフト検出は状態差分の検出であって、ロールバック修復ではない。
E：UPDATE_ROLLBACK_FAILED 状態では新しい更新を開始できない。

📘 まとめ
🔧 手動修正（D） → continue-update-rollback 実行（C）
これが AWS 公式推奨の復旧フローです。",,,2025-11-21
DOP-C02-Q128,開発チームは、ローカルで手動でアーティファクトを作成し、Amazon S3 バケットに配置します。アプリケーションにはローカルキャッシュがあり、デプロイ時にクリアする必要があります。チームは、このクリアを行うコマンドを実行し、Amazon S3 からアーティファクトをダウンロードして解凍し、デプロイを完了します。DevOps チームは、CI/CD プロセスに移行し、障害発生時にデプロイを停止してロールバックするためのチェック機能を組み込むことを検討しています。そのためには、デプロイの進行状況を追跡する必要があります。 この目的を達成するために、どのアクションの組み合わせが適切でしょうか（3 つ選択してください）。,TRUE,開発者がコードをコードリポジトリにチェックインできるようにします。Amazon EventBridge を使用して、メインブランチへのプルごとに AWS Lambda 関数を呼び出してアーティファクトをビルドし、Amazon S3 に保存します。,FALSE,キャッシュをクリアするためのカスタムスクリプトを作成します。AppSpecファイルのBeforeInstallライフサイクルフックにスクリプトを指定します。,TRUE,キャッシュクリアスクリプトを含む各Amazon EC2インスタンスのユーザーデータを作成します。デプロイしたら、アプリケーションをテストします。成功しない場合は、再度デプロイしてください。,FALSE,アプリケーションをデプロイするためにAWS CodePipelineを設定します。開発者がパイプラインのソースとしてコードをコードリポジトリにチェックインできるようにします。,TRUE,AWS CodeBuild を使用してアーティファクトをビルドし、Amazon S3 に配置します。AWS CodeDeploy を使用して、アーティファクトを Amazon EC2 インスタンスにデプロイします。,TRUE,AWS Systems Manager を使用して、Amazon S3 からアーティファクトを取得し、すべてのインスタンスにデプロイします。,FALSE,"正解：B・D・E
D. CodePipelineを作成し、リポジトリをソースにして進行状況を可視化＆失敗で停止/ロールバックを標準化。
E. CodeBuild + CodeDeployで、ビルド→S3配置→EC2へデプロイを自動化。CodeDeployはデプロイ失敗時のロールバックやヘルスチェック連携が可能。
B. AppSpecのBeforeInstallにキャッシュクリア用スクリプトを指定し、デプロイごとに確実に実行。

A/C/Fは独自実装や手動要素が残り、可観測性やロールバック統合が弱いです。",,,2025-11-21
DOP-C02-Q129,"DevOpsエンジニアがAmazon Linuxでホストされているプロジェクトに取り組んでいますが、セキュリティレビューに不合格となりました。DevOpsマネージャーは、AWS CodeBuildプロジェクトのbuildspec.yamlファイルをレビューし、推奨事項を提示するよう依頼されました。buildspec.yamlファイルは次のように構成されています。AWSセキュリティのベストプラクティスに準拠するために、どのような変更を推奨しますか？（3つ選択してください。）
env:
  variables:
    AWS_ACCESS_KEY_ID: AKIAJF7JBREFWJBA4GHXNA
    AWS_SECRET_ACCESS_KEY: ORj3ns3at2mIn4O4Atm0+zHxZqz7cNaVMLYRehcI
    AWS_DEFAULT_REGION: us-east-1
    DB_PASSWORD: cuj5RptFa3va
phases:
  build:
    commands:
      - aws s3 cp s3://db-deploy-bucket/my.cnf.template /tmp/my.cnf
      - sed -i '' s/DB_PW/${DB_PASSWORD}/ /tmp/my.cnf
      - aws s3 cp s3://db-deploy-bucket/instance.key /tmp/instance.key
      - chmod 600 /tmp/instance.key
      - scp -i /tmp/instance.key /tmp/my.cnf root@10.25.15.23:/etc/my.cnf
      - ssh -i /tmp/instance.key root@10.25.15.23 /etc/init.d/mysqld restart",TRUE,ビルド後のコマンドを追加して、終了前にコンテナから一時ファイルを削除し、他の CodeBuild ユーザーに表示されないようにします。,FALSE,必要な権限で CodeBuild プロジェクトロールを更新し、環境変数から AWS 認証情報を削除します。,TRUE,DB_PASSWORD を SecureString 値として AWS Systems Manager パラメータストアに保存し、環境変数から DB_PASSWORD を削除します。,TRUE,環境変数を 'db-deploy-bucket' Amazon S3 バケットに移動し、ダウンロードするビルド前ステージを追加して、変数をエクスポートします。,FALSE,インスタンスに対して直接 scp コマンドや ssh コマンドを使用するのではなく、AWS Systems Manager の実行コマンドを使用します。,TRUE,XOR に続いて Base64 を使用して環境変数をスクランブルし、インストールするセクションを追加してから、ビルド フェーズで XOR と Base64 を実行します。,FALSE,"正解：B・C・E

B：CodeBuild のサービスロールに必要最小権限を付与し、環境変数にアクセスキー/シークレットキーを置かない（認証はロールで実行）。

C：DB_PASSWORD は **SSM パラメータストアの SecureString（KMS 暗号化）**に保存し、buildspec の平文環境変数から削除。

E：インスタンスへの操作は Systems Manager Run Command/Session Manager を使用（SSH鍵をS3から取得→scp/sshはNG）。

A は多少の衛生向上だが本質的なリスク対策にならず、D はS3に秘密情報を置く悪手、F はただの難読化でベストプラクティスに反します。",,,2025-11-21
DOP-C02-Q130,"ある企業にはレガシーアプリケーションがあります。DevOpsエンジニアは、レガシーアプリケーションのデプロイ可能なアーティファクトの構築プロセスを自動化する必要があります。このソリューション

では、将来のデプロイメントで参照できるように、デプロイ可能なアーティファクトを既存のAmazon S3バケットに保存する必要があります。これらの要件を、運用効率を最も高く保つソリューションはどれでしょうか？",FALSE,レガシーアプリケーションのすべての依存関係を含むカスタム Docker イメージを作成します。カスタム Docker イメージを新しい Amazon Elastic Container Registry (Amazon ECR) リポジトリに保存します。カスタム Docker イメージを使用してデプロイ可能なアーティファクトをビルドし、S3 バケットに保存するように、新しい AWS CodeBuild プロジェクトを設定します。,TRUE,新しいAmazon EC2インスタンスを起動します。レガシーアプリケーションのすべての依存関係をEC2インスタンスにインストールします。EC2インスタンスを使用して、デプロイ可能なアーティファクトをビルドし、S3バケットに保存します。,FALSE,カスタム EC2 Image Builder イメージを作成します。このイメージに、レガシーアプリケーションのすべての依存関係をインストールします。このイメージから新しい Amazon EC2 インスタンスを起動します。この新しい EC2 インスタンスを使用して、デプロイ可能なアーティファクトをビルドし、S3 バケットに保存します。,FALSE,複数のアベイラビリティゾーンで実行される AWS Fargate プロファイルを使用して、Amazon Elastic Kubernetes Service (Amazon EKS) クラスターを作成します。レガシーアプリケーションのすべての依存関係を含むカスタム Docker イメージを作成します。カスタム Docker イメージを新しい Amazon Elastic Container Registry (Amazon ECR) リポジトリに保存します。EKS クラスター内でカスタム Docker イメージを使用して、デプロイ可能なアーティファクトを構築し、S3 バケットに保存します。,FALSE,,,,,"正解：A

理由：
CodeBuildはフルマネージドでスケール/キュー/ログ/失敗リトライまで面倒を見てくれ、運用負荷が最小。

レガシー依存は**カスタムDockerイメージ（ECRに登録）**で再現し、ビルド環境を安定・再現可能に。

buildspec で成果物をS3にアップロードすれば、将来のデプロイで参照可能。

B/CはEC2運用が発生、DはEKS/Fargateで過剰設計。",,,2025-11-21
DOP-C02-Q131,"ある企業が Docker コマンドを実行して AWS CodeBuild プロジェクトでコンテナイメージを構築します。コンテナイメージが構築されると、CodeBuild プロジェクトはコンテナイメージを Amazon S3 バケットにアップロードします。CodeBuild プロジェクトには、S3 バケットへのアクセス許可を持つ IAM サービスロールがあります。DevOps

エンジニアは、コンテナイメージを保存するために、S3 バケットを Amazon Elastic Container Registry (Amazon ECR) リポジトリに置き換える必要があります。DevOps エンジニアは、CodeBuild プロジェクトと同じ AWS リージョンに ECR プライベートイメージリポジトリを作成します。DevOps エンジニアは、新しい ECR リポジトリを操作するために必要なアクセス許可を持つ IAM サービスロールを調整します。DevOps エンジニアは、buildspec.yml ファイルで使用される docker build コマンドと docker push コマンドに新しいリポジトリ情報を配置します。CodeBuild

プロジェクトがビルドジョブを実行すると、ジョブが ECR リポジトリにアクセスしようとするとジョブが失敗します。ECR リポジトリ

へのアクセスに失敗する問題を解決するには、どのソリューションが適していますか?",FALSE,buildspec.yml ファイルを更新し、aws ecr get-login-password AWS CLI コマンドを使用して認証トークンを取得し、ECR リポジトリにログインできるようにします。docker login コマンドを更新し、認証トークンを使用して ECR リポジトリにアクセスできるようにします。,TRUE,CodeBuild プロジェクトに SECRETS_MANAGER タイプの環境変数を追加します。この環境変数には、CodeBuild プロジェクトの IAM サービスロールの ARN を含めます。buildspec.yml ファイルを更新し、新しい環境変数を使用して docker login コマンドでログインし、ECR リポジトリにアクセスできるようにします。,FALSE,ECRリポジトリを公開イメージリポジトリに更新します。IAMサービスロールにアクセスを許可するECRリポジトリポリシーを追加します。,FALSE,AWS CLI を使用してECR操作用のIAMサービスロールを引き受けるように、buildspec.yml ファイルを更新します。IAMサービスロールにアクセスを許可するECRリポジトリポリシーを追加します。,FALSE,,,,,"正解：A

CodeBuild から ECR に push するには、ビルド中に ECR へログインが必要です。
buildspec.yml に以下を追加（リージョンは置き換え）して、aws ecr get-login-password → docker login の順で認証してください。

aws ecr get-login-password --region ap-northeast-1 \
 | docker login --username AWS --password-stdin <account-id>.dkr.ecr.ap-northeast-1.amazonaws.com

その後に docker build と docker push を実行します。
B/C/D は適切な認証フローではありません。",,,2025-11-21
DOP-C02-Q132,"ある企業では、従業員のIAMアクセスを手動でプロビジョニングしています。この手動プロセスを自動化プロセスに置き換えたいと考えています。この企業には、外部のSAML 2.0 IDプロバイダー（IdP）が設定されたActive Directoryシステムが既に存在します。

従業員が既存の社内認証情報を使用してAWSにアクセスできるようにしたいと考えています。既存のActive Directoryシステムのグループは、AWS Identity and Access Management（IAM）の権限管理に使用できる必要があります。DevOpsエンジニアは、この企業のAWSアカウントでAWS IAM Identity Center（AW​​S Single Sign-On）の初期設定を完了しました。

要件を満たすために、DevOpsエンジニアは次に何をすべきでしょうか？",FALSE,外部IdPをアイデンティティソースとして設定します。SCIMプロトコルを使用して、ユーザーとグループの自動プロビジョニングを設定します。,TRUE,AWS Directory Service をアイデンティティソースとして設定します。SAML プロトコルを使用して、ユーザーとグループの自動プロビジョニングを設定します。,FALSE,ADコネクタをアイデンティティソースとして設定します。SCIMプロトコルを使用して、ユーザーとグループの自動プロビジョニングを設定します。,FALSE,外部 IdP を ID ソースとして構成し、SAML プロトコルを使用してユーザーとグループの自動プロビジョニングを構成します。,FALSE,,,,,"✅ 正解：A

🔍 解説
このシナリオでは以下の条件が与えられています：

既存の Active Directory（AD） があり、

外部の SAML 2.0 IdP（AD連携済み）を利用中、AWS IAM Identity Center（旧AWS SSO） の初期設定が完了済み、ADのグループ情報をAWSのアクセス権限管理に使いたい、かつ ユーザーとグループを自動で同期（プロビジョニング）したい。

✅ A. 外部IdPをアイデンティティソースとして設定し、SCIMで自動プロビジョニングこれは AWS 公式が推奨する構成です。
SAML は認証（ログイン）を行い、SCIM はユーザー・グループの同期（プロビジョニング）を行います。

SAML 2.0 → 認証（SSO）

SCIM → ID情報（ユーザー・グループ）の自動同期

例：Okta、Azure AD、Ping Identity などのIdPで「SAML + SCIM」を設定すると、
ADグループをIAM Identity Centerに自動反映し、AWSアカウント側の権限セットにマッピングできます。

❌ 他の選択肢の誤り
選択肢誤りのポイントBAWS Directory Service は AWS 内部用。外部IdPとは別で、SAMLでは自動プロビジョニングできない。CAD Connector は単なるプロキシであり、SCIMによる同期機能を持たない。DSAML は認証用プロトコルであり、自動プロビジョニング（ユーザー同期）には使えない。

💡まとめ
要件推奨手段既存のAD/IdPを使ってSSOSAML 2.0連携ユーザー・グループ自動同期SCIMプロビジョニングAWS側設定IAM Identity Center
➡️ 答え：A",,,2025-11-21
DOP-C02-Q133,ある会社が AWS を使用してデジタルワークロードを実行しています。社内の各アプリケーションチームは、アプリケーションホスティング用に独自の AWS アカウントを持っています。アカウントは AWS Organizations の組織に統合されています。 会社では、組織全体でセキュリティ標準を適用したいと考えています。セキュリティの設定ミスによる非準拠を回避するために、AWS CloudFormation の使用を強制しています。本番サポートチームは、AWS マネジメントコンソールを使用して本番環境のリソースを変更し、アプリケーション関連の問題をトラブルシューティングして解決できます。DevOpsエンジニアは、非準拠につながる AWS サービスの設定ミスをほぼリアルタイムで特定するソリューションを実装する必要があります。ソリューションは、特定から 15 分以内に問題を自動的に修復する必要があります。また、ソリューションは、正確なタイムスタンプを使用して、一元化されたダッシュボードで非準拠のリソースとイベントを追跡する必要があります。 開発オーバーヘッドが最も少ないソリューションはどれですか。,FALSE,CloudFormation のドリフト検出機能を使用して、非準拠のリソースを特定します。CloudFormation のドリフト検出イベントを使用して、AWS Lambda 関数を呼び出し、修復を行います。Lambda 関数を設定して、Amazon CloudWatch Logs のロググループにログを発行します。Amazon CloudWatch ダッシュボードを設定して、ロググループを追跡に使用します。,FALSE,AWSアカウントでAWS CloudTrailを有効にします。Amazon Athenaを使用してCloudTrailログを分析し、コンプライアンス違反のリソースを特定します。AWS Step Functionsを使用してAthenaのクエリ結果を追跡し、ドリフト検出とAWS Lambda関数の呼び出しによる修復を行います。追跡のために、Athenaをデータソースとして使用するAmazon QuickSightダッシュボードを設定します。,FALSE,すべてのAWSアカウントでAWS Configの設定レコーダーをオンにし、非準拠のリソースを特定します。すべてのAWSアカウントで、--no-enable-default-standardsオプションを使用してAWS Security Hubを有効にします。AWS Configのマネージドルールとカスタムルールを設定します。AWS Configコンフォーマンスパックを使用して自動修復を設定します。追跡のために、指定されたSecurity Hub管理者アカウントでSecurity Hubのダッシュボードを設定します。,TRUE,AWSアカウントでAWS CloudTrailを有効にします。Amazon CloudWatch Logsを使用してCloudTrailログを分析し、コンプライアンス違反のリソースを特定します。CloudWatch Logsフィルターを使用してドリフトを検出します。Amazon EventBridgeを使用してLambda関数を呼び出し、修復を行います。フィルタリングされたCloudWatchログをAmazon OpenSearch Serviceにストリーミングします。追跡用にOpenSearch Serviceにダッシュボードを設定します。,FALSE,,,,,"正解：C

AWS Configで全アカウントの設定ミスをほぼリアルタイム検出（変更イベント起点の評価）。

マネージドルール／カスタムルール＋コンフォーマンスパックで**自動修復（SSM Automation）**を15分以内に実行。

Security Hub（委任管理）で検出結果を中央ダッシュボードに集約し、正確なタイムスタンプで追跡。

Organizations前提の運用にフィットし、開発オーバーヘッドが最小。

AはCFnドリフト検出が非リアルタイム/網羅性不足、B/Dは自作分析基盤で過剰かつ保守重。",,,2025-11-21
DOP-C02-Q134,"ある企業は、AWS アカウントの管理に AWS Organizations を使用しています。組織のルートには、「Environments」という名前の OU があります。この Environments OU には、「Development」と「Production」という 2 つの子 OU があります。Environments

OU と子 OU には、デフォルトの FullAWSAccess ポリシーが適用されています。DevOps エンジニアは、Development OU から FullAWSAccess ポリシーを削除し、Amazon EC2 リソースに対するすべてのアクションを許可するポリシーに置き換える予定です。

このポリシーの置き換えによって、どのような結果が得られるでしょうか。",FALSE,開発 OU 内のすべてのユーザーには、すべてのリソースに対するすべての API アクションが許可されます。,FALSE,開発OU内のすべてのユーザーには、EC2リソースに対するすべてのAPIアクションが許可されます。その他のAPIアクションはすべて拒否されます。,TRUE,開発 OU 内のすべてのユーザーは、すべてのリソースに対するすべての API アクションを拒否されます。,FALSE,開発OU内のすべてのユーザーは、EC2リソースに対するすべてのAPIアクションを拒否されます。その他のAPIアクションはすべて許可されます。,FALSE,,,,,"✅ 理由

**SCP（サービスコントロールポリシー）は「最大権限の上限」**であり、
“許可”ではなく **「許可できる範囲を制限するフィルター」**として機能します。

FullAWSAccess を削除し、「EC2 のみ Allow」するSCPを適用した場合：
┌───────────────────────────┐
│  IAM ポリシーで許可されている内容          │
│             　　　　　∩                　　　　      │← SCP がフィルタリング  
│  SCP が許可する内容（EC2のみ）             │ 
└───────────────────────────┘

結果として：
✅ EC2 に対するすべての API アクションは「許可可能」
❌ それ以外のAWSサービスに対するアクションは SCP によってブロックされる

❌ 他の選択肢が誤りな理由
選択肢誤りポイントASCP で「全リソース許可」していないので誤りCSCP は「明示拒否」ではなく「許可の上限」、EC2 はまだ許可されるD逆。EC2 は許可され、他は拒否となるため誤り

📌 要点まとめ
SCP は「Allow を付けても許可しない」、**「Deny ではなく制限」**の仕組み
IAM ポリシーで許可されていても、SCP が許可しなければ実行できない
「EC2 だけ Allow」の SCP → EC2 以外はすべて暗黙的に拒否
➡️ よって回答は B",,,2025-11-21
DOP-C02-Q135,"ある企業は災害復旧能力を検討しており、日常業務をセカンダリAWSリージョンに切り替える機能を求めています。同社はプライマリリージョンのソース管理ツールとしてAWS CodeCommitを使用しています。DevOps

エンジニアは、同社がセカンダリリージョンでコードを開発できるようにする必要があります。セカンダリリージョンを使用する必要がある場合、開発者はローカルGit設定にリモートURLを追加できます。

これらの要件を満たすソリューションはどれでしょうか？",FALSE,セカンダリリージョンに CodeCommit リポジトリを作成します。プライマリリージョンの CodeCommit リポジトリからセカンダリリージョンの CodeCommit リポジトリへの Git ミラーリング操作を実行する AWS CodeBuild プロジェクトを作成します。CodeBuild プロジェクトを呼び出す AWS Lambda 関数を作成します。プライマリリージョンの CodeCommit リポジトリ内のマージイベントに反応する Amazon EventBridge ルールを作成します。Lambda 関数を呼び出すように EventBridge ルールを設定します。,TRUE,セカンダリリージョンに Amazon S3 バケットを作成します。プライマリリージョンの CodeCommit リポジトリの Git ミラー操作を実行し、その結果を S3 バケットにコピーする AWS Fargate タスクを作成します。Fargate タスクを開始する AWS Lambda 関数を作成します。CodeCommit リポジトリ内のマージイベントに反応する Amazon EventBridge ルールを作成します。Lambda 関数を呼び出すように EventBridge ルールを設定します。,FALSE,セカンダリリージョンに AWS CodeArtifact リポジトリを作成します。プライマリリージョンの CodeCommit リポジトリをソースアクションとして使用する AWS CodePipeline パイプラインを作成します。パイプラインにクロスリージョンステージを作成し、CodeCommit リポジトリのコンテンツをパッケージ化して、プルリクエストが CodeCommit リポジトリにマージされたときに CodeArtifact リポジトリに保存します。,FALSE,セカンダリリージョンにAWS Cloud9環境とCodeCommitリポジトリを作成します。プライマリリージョンのCodeCommitリポジトリをAWS Cloud9環境のリモートリポジトリとして設定します。セカンダリリージョンのCodeCommitリポジトリをAWS Cloud9環境に接続します。,FALSE,,,,,"正解：A

目的は「プライマリ CodeCommit → セカンダリ CodeCommit へ継続ミラーリング」して、必要時に開発者が git remote を追加して切り替えられるようにすること。

A はセカンダリに CodeCommit を用意し、プライマリのマージイベントで EventBridge → Lambda → CodeBuild を起動して git ミラー（push --mirror） を実行する構成。DR時は開発者がセカンダリのリモートURLを追加して利用可能。

他案：

B S3はGitリポジトリではない。

C CodeArtifactはパッケージ管理でソースGitの代替ではない。

D Cloud9の作成は要件外で、リポジトリ複製を解決しない。",,,2025-11-21
DOP-C02-Q136,"DevOpsチームは、Amazon RDSマルチAZ DBクラスターを本番データベースとして使用するアプリケーションのコードリビジョンをマージしています。DevOpsチームは継続的インテグレーションを使用して、アプリケーションの動作を定期的に検証しています。DevOpsチームは、変更を本番データベースにデプロイする前にテストを行う必要があります。

これらの要件を満たすソリューションはどれでしょうか？",FALSE,AWS CodeBuild の buildspec ファイルを使用して、本番データベースのスナップショットから DB クラスターを復元し、統合テストを実行し、検証後に復元されたデータベースを削除します。,TRUE,アプリケーションを本番環境にデプロイします。検証が失敗した場合に実行するデータベースアクティビティをキャプチャするために、データ制御言語（DCL）操作の監査ログを設定します。,FALSE,アプリケーションをデプロイする前に、DBクラスターのスナップショットを作成します。AWS CloudFormation の DB インスタンスで Update requires:Replacement プロパティを使用してアプリケーションをデプロイし、変更を適用します。,FALSE,DBクラスターがマルチAZ配置であることを確認します。更新を適用したアプリケーションをデプロイします。検証に失敗した場合は、スタンバイインスタンスにフェイルオーバーします。,FALSE,,,,,"正解：A

本番RDSの最新スナップショットから一時クラスターを復元→CI（CodeBuild）のテストで接続→検証後に削除、が安全で現実的。
本番に影響なく本番同等データで統合テストでき、コストもテスト時間分のみで済みます。

B/C/D は本番に直接影響を与える前提やロールバック前提で、要件（デプロイ前にテスト）を満たしません。",,,2025-11-21
DOP-C02-Q137,"ある企業はVPC内でマルチテナント環境を管理しており、対応するAWSアカウントにAmazon GuardDutyを設定しています。GuardDutyの検出結果はすべてAWS Security Hubに送信されています。

疑わしいソースからのトラフィックによって、大量の検出結果が生成されています。DevOpsエンジニアは、GuardDutyが新たな疑わしいソースを検出した際に、VPC全体のトラフィックを自動的に拒否するソリューションを実装する必要があります。

これらの要件を満たすソリューションはどれでしょうか？",FALSE,GuardDuty の脅威リストを作成します。リストを参照するように GuardDuty を設定します。脅威リストを更新する AWS Lambda 関数を作成します。GuardDuty から Security Hub の新しい検出結果が返されたときに実行されるように Lambda 関数を設定しま,FALSE,カスタムルールグループを含むAWS WAFウェブACLを設定します。カスタムルールグループにブロックルールを作成するAWS Lambda関数を作成します。GuardDutyから送信される新しいSecurity Hubの検出結果に応じて実行されるようにLambda関数を設定します。,FALSE,AWS Network Firewall でファイアウォールを設定します。ファイアウォールポリシーにドロップアクションルールを作成する AWS Lambda 関数を作成します。GuardDuty から送信される Security Hub の新しい検出結果に応じて実行されるように Lambda 関数を設定します。,TRUE,GuardDuty 抑制ルールを作成する AWS Lambda 関数を作成します。GuardDuty から送信される Security Hub の新しい検出結果に応じて実行されるように Lambda 関数を設定します。,FALSE,,,,,"正解：C

AWS Network FirewallをVPCに配置し、Lambdaでポリシーのドロップルールを自動更新すれば、疑わしい送信元IPをVPC全体で遮断できます（入口/出口どちらも設計可）。

A：GuardDutyの脅威リストは検知用で、ブロックはしない。

B：AWS WAFはL7（HTTP/HTTPS）向けで、VPC全体のトラフィックは対象外。

D：抑制ルールは通知抑制であり、トラフィックは遮断されない。",,,2025-11-21
DOP-C02-Q138,"ある企業は、AWS Secrets Manager を使用して、AWS Lambda 関数が使用する機密性の高い API キーのセットを保存しています。Lambda 関数が呼び出されると、Lambda 関数は API キーを取得し、外部サービスへの API 呼び出しを行います。Secrets Manager のシークレットは、デフォルトの AWS Key Management Service (AWS KMS) キーで暗号化されています。DevOps

エンジニアは、Lambda 関数の実行ロールのみが Secrets Manager の値にアクセスできるようにインフラストラクチャを更新する必要があります。このソリューションでは、最小権限の原則を適用する必要があります。

これらの要件を満たす手順の組み合わせはどれですか（2 つ選択してください）。",TRUE,Secrets ManagerのデフォルトのKMSキーを更新して、Lambda関数の実行ロールのみが復号できるようにします。,FALSE,Secrets Managerを信頼し、Lambda関数の実行ロールに復号を許可するKMSカスタマー管理キーを作成します。新しいカスタマー管理キーを使用するようにSecrets Managerを更新します。,TRUE,Secrets Managerを信頼し、アカウントのルートプリンシパルが復号できるようにするKMS顧客管理キーを作成します。新しい顧客管理キーを使用するようにSecrets Managerを更新します。,FALSE,Lambda関数の実行ロールに、リソースレベルでスコープ設定されたKMS権限が付与されていることを確認します。KMSキーがSecrets Managerシークレットを暗号化できるように権限を設定します。,TRUE,Lambda関数の実行ロールからすべてのKMS権限を削除する,FALSE,,,"正解：B と D
理由
B：デフォルトのAWS管理キーは細かなアクセス制御ができないため、カスタマー管理KMSキー(CMK) を作成し、キー ポリシーでSecrets Managerサービスの使用とLambda実行ロールの復号(kms:Decrypt) を明示。Secrets ManagerのシークレットをこのCMKで暗号化するよう更新します。
D：Lambda実行ロール側にも、対象KMSキーにリソースレベルで絞った権限（kms:Decrypt など）を付与し、Secrets ManagerのGetSecretValueをシークレットARNにスコープします。キー ポリシーにはSecrets Managerが暗号化/復号にキーを使える権限も必要です。

不正解
A：AWS管理キーは細かなポリシー制御ができず不適。
C：ルートプリンシパルに復号許可は最小権限に反する。
E：LambdaからKMS権限を外すと復号できない。",,,2025-11-21
DOP-C02-Q139,ある企業のDevOpsエンジニアは、Amazon Simple Notification Service（Amazon SNS）トピックからの通知を処理するためのAWS Lambda関数を作成しています。このLambda関数は通知メッセージを処理し、その内容をAmazon RDS Multi-AZ DBインスタンスに書き込みます。テスト 中に、データベース管理者が誤ってDBインスタンスをシャットダウンしてしまいました。データベースがダウンしている間、その間に配信されたSNS通知メッセージの一部が失われてしまいました。DevOps エンジニアは、今後通知メッセージの損失を防ぐ必要があります。 この要件を満たすソリューションはどれですか？（2つ選択してください。）,TRUE,RDS マルチ AZ DB インスタンスを Amazon DynamoDB テーブルに置き換えます。,FALSE,Lambda 関数の宛先として Amazon Simple Queue Service (Amazon SQS) キューを設定します。,FALSE,SNS トピックの Amazon Simple Queue Service (Amazon SQS) デッドレターキューを設定します。,TRUE,Amazon Simple Queue Service (Amazon SQS) キューを SNS トピックにサブスクライブします。SQS キューからのメッセージを処理するように Lambda 関数を設定します。,TRUE,SNSトピックをAmazon EventBridgeイベントバスに置き換えます。新しいイベントバスにEventBridgeルールを設定し、各イベントに対してLambda関数を呼び出します。,FALSE,,,"正解：C と D
理由
D. SNS→SQS→Lambda にする（推奨アーキテクチャ）
SNS と Lambda を直接つなぐと、Lambda が失敗し続けて SNS の再試行が尽きた場合にメッセージが失われ得ます。間に SQS（標準キュー） を挟むと、メッセージは 耐久ストア に入り、Lambda が処理に失敗しても SQS の 可視性タイムアウト／無制限リトライ（＋必要なら SQS 側DLQ）で 取りこぼしを防止 できます。DBが落ちていても、復旧後に確実に再処理可能。

C. SNS サブスクリプションに SQS デッドレターキューを設定
もし（または当面）SNS→Lambda を直結で使う場合でも、SNS の再試行が尽きたメッセージを SQS のDLQへ退避 させれば喪失は回避できます。後からDLQから手動/バッチで再投入できます。

不正解の理由
A：DynamoDB に替えても「DB停止中の書き込み失敗による喪失」を本質的に解決しません（アプリ側のリトライ/バッファが必要なのは同じ）。
B：Lambda の「宛先（Destinations）」は SNS→Lambda 直結の配信失敗をカバーしません（配信は SNS 管理。宛先は Lambda の非同期呼び出し完了後のルーティング用途）。
E：SNS を EventBridge に置き換える必要はありません。信頼できるバッファとしては SQS が適切。

補足ベストプラクティス
最有力構成：SNS → SQS（標準） → Lambda → RDS
SQS イベントソースマッピングで 再試行回数 と SQS 側 DLQ を設定。
Lambda 側は Idempotency（同一メッセージの重複挿入防止）を実装（メッセージIDで一意制約や処理ログ管理）。
RDS 側はコネクションプールと指数バックオフでの再試行を実装。
直結運用を残すなら SNS サブスクリプション DLQ（C） を必ず設定。",,,2025-11-21
DOP-C02-Q140,"ある企業には、Amazon EC2 インスタンスで実行されるアプリケーションがあります。この企業は、AWS CodePipeline パイプラインを使用して、アプリケーションを複数の AWS リージョンにデプロイしています。パイプラインは、リージョンごとにステージが設定されています。各ステージには、リージョンごとの AWS CloudFormation アクションが含まれています。

パイプラインがアプリケーションをリージョンにデプロイする際、パイプラインが次のリージョンに移動する前に、アプリケーションが正常な状態であることを確認したいと考えています。各リージョンのアプリケーションには、Amazon Route 53 レコードセットが設定されています。DevOps エンジニアは、アプリケーションがデプロイされている各リージョンの Amazon CloudWatch アラームに基づいて、Route 53 ヘルスチェックを作成します。

要件を満たすために、DevOps エンジニアは次に何をすべきでしょうか。",FALSE,CloudWatch アラームの状態を確認するための AWS Step Functions ワークフローを作成します。アラームが ALARM 状態の場合にエラーで終了するように Step Functions ワークフローを設定します。各リージョンのデプロイステージの間にパイプラインに新しいステージを作成します。各ステージに、Step Functions ワークフローを呼び出すアクションを含めます。,TRUE,AWS CodeDeploy アプリケーションを設定して、自動ロールバック機能を備えた CloudFormation テンプレートをデプロイします。CodeDeploy アプリケーションのインスタンスヘルスチェックとして CloudWatch アラームを設定します。パイプラインから CloudFormation アクションを削除します。各リージョンのパイプラインステージに CodeDeploy アクションを作成します。,FALSE,アプリケーションがデプロイされているリージョンごとに新しいパイプラインステージを作成します。新しいステージにCloudWatchアラームアクションを設定し、CloudWatchアラームの状態をチェックし、アラームがALARM状態の場合はエラーで終了するようにします。,FALSE,EC2インスタンス上のCloudWatchエージェントを設定し、アプリケーションのステータスをRoute 53ヘルスチェックに報告します。アプリケーションがデプロイされているリージョンごとに、新しいパイプラインステージを作成します。CloudWatchアラームがALARM状態の場合にエラーで終了するように、CloudWatchアラームアクションを設定します。,FALSE,,,,,"A

いまの「CloudFormationで各リージョンへデプロイ」の構成を活かしたまま、各リージョンごとのゲートとして Step Functions を挟み、ステートマシンで対象リージョンの CloudWatch アラームをポーリングして OK/ALARM を判定、ALARM なら Fail でパイプライン停止。追加のサービス置換なしで要件（次リージョンへ進む前に健全性確認）を満たせます。",,,2025-11-21
DOP-C02-Q141,"ある企業は、Amazon CloudWatch を使用して Amazon EC2 インスタンスを監視する予定です。12 時間の時間枠内で NetworkPacketsIn メトリクスの平均が 5 未満である状態が 3 時間以上続く場合、EC2 インスタンスを停止する必要があります。また、メトリクスを 1 時間ごとに評価する必要があります。評価期間中に NetworkPacketsIn メトリクスのデータが欠落している場合でも、EC2 インスタンスは引き続き実行する必要があります。DevOps

エンジニアは、NetworkPacketsIn メトリクスの CloudWatch アラームを作成します。DevOps エンジニアは、しきい値を 5、評価期間を 1 時間に設定します。

これらの要件を満たすために、DevOps エンジニアが実行する必要がある追加アクションのセットは何ですか。",FALSE,アラーム発生データポイントの値を12個中3個に設定します。欠落データをしきい値超過として扱うようにアラームを設定します。アラームがALARM状態になったときにインスタンスを停止するAWS Systems Managerアクションを追加します。,FALSE,アラーム発生時のデータポイント数を12個中3個に設定します。アラームは、欠落データをしきい値超過とみなさないように設定します。アラームがALARM状態になった際にインスタンスを停止するEC2アクションを追加します。,TRUE,アラーム発生時のデータポイント数を12個中9個に設定します。アラームは、欠落データをしきい値超過として扱うように設定します。アラームがALARM状態になった際にインスタンスを停止するEC2アクションを追加します。,FALSE,アラーム発生データポイントの値を12個中9個に設定します。欠落データはしきい値を超えていないものとして扱うようにアラームを設定します。アラームがALARM状態になったときにインスタンスを停止するAWS Systems Managerアクションを追加します。,FALSE,,,,,"B

1時間ごとの評価 × 12期間で監視

「3時間以上 < 5」を検知 ⇒ DatapointsToAlarm = 3 / EvaluationPeriods = 12

欠落データでもEC2は動かし続ける ⇒ TreatMissingData = notBreaching

条件成立時に停止 ⇒ EC2 アクション（Stop this instance）",,,2025-11-21
DOP-C02-Q142,ある企業は、AWS Organizations 内の組織内にある 500 個の AWS アカウントを管理しています。すべてのアカウントで、アタッチされていない Amazon Elastic Block Store (Amazon EBS) ボリュームが多数見つかりました。調査のため、 アタッチされていない EBS ボリュームに自動的にタグを付けたいと考えています。DevOps エンジニアは、すべての AWS アカウントに AWS Lambda 関数をデプロイする必要があります。7 日以上アタッチされていないすべての EBS ボリュームにタグを付けるには、Lambda 関数を 30 分ごとに実行する必要があります。 これらの要件を最も運用効率の高い方法で満たすソリューションはどれでしょうか？,FALSE,組織の委任管理者アカウントを設定します。Lambda 関数を含む AWS CloudFormation テンプレートを作成します。CloudFormation StackSets を使用して、委任管理者アカウントから組織内のすべてのメンバーアカウントに CloudFormation テンプレートをデプロイします。委任管理者アカウントに Amazon EventBridge イベントバスを作成し、各メンバーアカウントで 30 分ごとに Lambda 関数を呼び出します。,FALSE,組織のメンバーアカウントにクロスアカウント IAM ロールを作成します。AWSLambda_FullAccess ポリシーと AWSCloudFormationFullAccess ポリシーをロールにアタッチします。Lambda 関数と、30 分ごとに Lambda 関数を呼び出す Amazon EventBridge のスケジュールルールを含む AWS CloudFormation テンプレートを作成します。組織の管理アカウントに、ロールを引き受け、CloudFormation テンプレートをメンバーアカウントにデプロイするカスタムスクリプトを作成します。,FALSE,組織の委任管理者アカウントを設定します。Lambda関数と、30分ごとにLambda関数を呼び出すAmazon EventBridgeのスケジュールルールを含むAWS CloudFormationテンプレートを作成します。CloudFormation StackSetsを使用して、委任管理者アカウントから組織内のすべてのメンバーアカウントにCloudFormationテンプレートをデプロイします。,TRUE,組織のメンバーアカウントにクロスアカウント IAM ロールを作成します。AmazonS3FullAccess ポリシーと AWSCodeDeployDeployerAccess ポリシーをこのロールにアタッチします。AWS CodeDeploy を使用して、組織の管理アカウントから Lambda 関数をデプロイするロールを引き継ぎます。メンバーアカウントで Amazon EventBridge のスケジュールルールを設定し、Lambda 関数を 30 分ごとに呼び出します。,FALSE,,,,,"C

運用効率が最も高いのは、委任管理者アカウント + CloudFormation StackSetsで、各メンバーアカウントにLambda本体と30分間隔のEventBridgeスケジュールルールを一括配布する方法。

これなら500アカウントへ自動展開・更新が一元管理でき、各アカウント内で自律的に定期実行されます（欠落や権限のクロスアカウント設定の手間が少ない）。

他案が劣る理由（要点）

A：中央のイベントバスからクロスアカウントで関数呼び出しは運用が複雑（リソースポリシーや権限管理が煩雑）。

B：独自スクリプト＆クロスアカウントロール配布は運用負荷が高い。

D：CodeDeployやS3権限は不適切で要件外。",,,2025-11-21
DOP-C02-Q143,"ある企業の本番環境では、AWS CodeDeploy のブルー/グリーンデプロイメントを使用してアプリケーションをデプロイしています。このデプロイメントには、Amazon Linux 2 を実行するインスタンスを起動する Amazon EC2 Auto Scaling グループが含まれています。 コードリポジトリには、動作する appspec.yml ファイルが存在し、次のテキストが含まれています。DevOpsエンジニアは、代替インスタンスがリクエストトラフィックの処理を開始する前に、スクリプトによってインスタンスにライセンスファイルをダウンロードしてインストールする必要があります。DevOps エンジニアは、appspec.yml ファイルにフックセクションを追加します。DevOps エンジニアは、ライセンスファイルをダウンロードしてインストールするスクリプトを実行するために、どのフックを使用すればよいでしょうか？

version: 0.0
os: linux
files:
  - source: /
    destination: /var/www/html/application",FALSE,ブロック後トラフィック,FALSE,ブロックトラフィック前,FALSE,インストール前,TRUE,ダウンロードバンドル,FALSE,,,,,"正解：C. インストール前（BeforeInstall）

理由
CodeDeploy のブルー/グリーンデプロイメントにおける appspec.yml のフック実行順序は次のとおりです（EC2/オンプレミス環境）：

ApplicationStop

DownloadBundle

✅ BeforeInstall ←ここでライセンスファイルのダウンロードや依存準備を行う

Install

AfterInstall

ApplicationStart

ValidateService

（ブルー/グリーン時のみ）BeforeAllowTraffic → AllowTraffic → AfterAllowTraffic

今回の要件
「代替インスタンスがリクエストトラフィックを処理する前に、ライセンスファイルをダウンロード・インストール」

トラフィック処理前にセットアップが必要 → AllowTraffic 前である必要あり

実際にはアプリケーションファイル配置 (files セクション) の前後でセットアップするのが安全
→ BeforeInstall フック が最適

補足
もしアプリケーション起動後に最終確認やアクティベーションを行うなら AfterInstall も候補ですが、ライセンスファイルを「事前に」導入する目的なら BeforeInstall がベストです。",,,2025-11-21
DOP-C02-Q144,"ある企業には、AWS Lambda関数を含むアプリケーションがあります。Lambda関数は、AWS CodeCommitリポジトリに保存されているPythonコードを実行します。最近、Pythonコードのエラーが原因で、本番環境で障害が発生しました。エンジニアは、将来的に本番環境に不具合が流出するのを防ぐため、Lambda関数の単体テストを作成しました。

同社のDevOpsチームは、既存のAWS CodePipelineパイプラインに単体テストを統合するソリューションを実装する必要があります。このソリューションは、企業が閲覧できるように、単体テストに関するレポートを生成する必要があります。

これらの要件を満たすソリューションはどれでしょうか？",FALSE,CodeCommit リポジトリを Amazon CodeGuru Reviewer に関連付けます。新しい AWS CodeBuild プロジェクトを作成します。CodePipeline パイプラインで、新しい CodeBuild プロジェクトを使用するテストステージを設定します。CodeCommit リポジトリに buildspec.yml ファイルを作成します。buildspec.yml ファイルで、CodeGuru レビューを実行するためのアクションを定義します。,FALSE,新しいAWS CodeBuildプロジェクトを作成します。CodePipelineパイプラインで、新しいCodeBuildプロジェクトを使用するテストステージを設定します。CodeBuildレポートグループを作成します。CodeCommitリポジトリにbuildspec.ymlファイルを作成します。buildspec.ymlファイルのビルドフェーズセクションで、JUNITXMLを出力としてユニットテストを実行するアクションを定義します。新しいCodeBuildレポートグループにアップロードされるテストレポートを設定します。,TRUE,新しいAWS CodeArtifactリポジトリを作成します。新しいAWS CodeBuildプロジェクトを作成します。CodePipelineパイプラインで、新しいCodeBuildプロジェクトを使用するテストステージを設定します。元のCodeCommitリポジトリにappspec.ymlファイルを作成します。appspec.ymlファイルのビルドフェーズセクションで、CUCUMBERJSONを出力としてユニットテストを実行するアクションを定義します。テストレポートが新しいCodeArtifactリポジトリに送信されるように設定します。,FALSE,新しいAWS CodeBuildプロジェクトを作成します。CodePipelineパイプラインで、新しいCodeBuildプロジェクトを使用するテストステージを設定します。新しいAmazon S3バケットを作成します。CodeCommitリポジトリにbuildspec.ymlファイルを作成します。buildspec.ymlファイルのphasesセクションで、HTML出力でユニットテストを実行するアクションを定義します。reportsセクションで、テストレポートをS3バケットにアップロードします。,FALSE,,,,,"B

単体テストを CodePipeline に統合する王道は CodeBuild をテストステージに追加し、
buildspec.yml でテスト実行＋CodeBuild レポートグループに JUNITXML 等で出力すること。

これにより CodePipeline/CodeBuild のコンソールからレポートを可視化でき、失敗時にステージを止められます。

他案は不適：
A CodeGuru Reviewer はコードレビュー用途で、ユニットテスト実行のレポート要件とズレ。
C appspec.yml は CodeDeploy 用＆CodeArtifact も不要。
D S3 にHTML出力では CodePipeline のレポート連携が弱い（レポートグループを使うBが最適）。",,,2025-11-21
DOP-C02-Q145,"ある企業がAWS Organizationsで複数のAWSアカウントを管理しています。同社のセキュリティポリシーでは、メンバーアカウントのAWSアカウントルートユーザー認証情報を使用してはならないと定められています。同社はルートユーザー認証情報へのアクセスを監視しています。

最近のアラートでは、メンバーアカウントのルートユーザーがAmazon EC2インスタンスを起動したことが示されています。DevOpsエンジニアは、組織のルートレベルでSCPを作成し、メンバーアカウントのルートユーザーによるAWSサービスのAPI呼び出しを阻止する必要があります。

これらの要件を満たすSCPはどれでしょうか？",FALSE,"{
  ""Version"": ""2012-10-17"",
  ""Statement"": [
    {
      ""Effect"": ""Allow"",
      ""Action"": ""*"",
      ""Resource"": ""*"",
      ""Condition"": {
        ""StringNotLike"": { ""aws:PrincipalArn"": ""arn:aws:iam::*:root"" }
      }
    }
  ]
}",FALSE,"{
  ""Version"": ""2012-10-17"",
  ""Statement"": [
    {
      ""Effect"": ""Deny"",
      ""Action"": ""*"",
      ""Resource"": ""*"",
      ""Principal"": { ""AWS"": ""arn:aws:iam::*:root"" }
    }
  ]
}",FALSE,"{
  ""Version"": ""2012-10-17"",
  ""Statement"": [
    {
      ""Effect"": ""Deny"",
      ""Action"": ""*"",
      ""Resource"": ""*"",
      ""Condition"": {
        ""StringLike"": { ""aws:PrincipalArn"": ""arn:aws:iam::*:root"" }
      }
    }
  ]
}",TRUE,"{
  ""Version"": ""2012-10-17"",
  ""Statement"": [
    {
      ""Effect"": ""Allow"",
      ""Action"": ""*"",
      ""Resource"": ""*"",
      ""Principal"": ""root""
    }
  ]
}",FALSE,,,,,"C

理由：SCPで確実にブロックするには 明示的 Deny を使い、Condition で aws:PrincipalArn が arn:aws:iam::*:root（各メンバーアカウントのルートユーザー）に一致するリクエストを拒否します。
B/D はSCPで評価されない Principal を使っており無効、AはAllow方式で FullAWSAccess が付いている限りルートを防げません。",,,2025-11-21
DOP-C02-Q146,"ある企業はAWSを利用しており、予測可能なトラフィックパターンを持つ重要なコンピューティングインフラストラクチャを備えたVPCを保有しています。同社は、Amazon CloudWatch Logsのロググループに公開されるVPCフローログを設定しています。

同社のDevOpsチームは、VPCへのネットワークトラフィックの異常を経時的に特定するために、VPCフローログの監視ソリューションを設定する必要があります。監視ソリューションが異常を検出した場合、企業はその異常への対応を開始する必要があります。DevOps

チームは、これらの要件を満たすために、監視ソリューションをどのように設定すべきでしょうか？",FALSE,Amazon Kinesis データストリームを作成します。ロググループをデータストリームにサブスクライブします。Amazon Kinesis Data Analytics を設定して、データストリーム内のログ異常を検出します。データストリームの出力として使用する AWS Lambda 関数を作成します。異常が検出された場合にデフォルトの Amazon EventBridge イベントバスに書き込むように Lambda 関数を設定します。,TRUE,Amazon S3 バケットにイベントを配信する Amazon Kinesis Data Firehose 配信ストリームを作成します。ロググループを配信ストリームにサブスクライブします。Amazon Lookout for Metrics を設定して、S3 バケット内のデータに異常がないか監視します。Lookout for Metrics の異常検出に応じて実行される AWS Lambda 関数を作成します。この Lambda 関数を、デフォルトの Amazon EventBridge イベントバスにパブリッシュするように設定します。,FALSE,異常を検知するためのAWS Lambda関数を作成します。Lambda関数が異常を検知した場合、デフォルトのAmazon EventBridgeイベントバスにイベントを発行するようにLambda関数を設定します。Lambda関数をロググループにサブスクライブします。,FALSE,Amazon Kinesis データストリームを作成します。ロググループをデータストリームにサブスクライブします。ログの異常を検出するための AWS Lambda 関数を作成します。Lambda 関数が異常を検出した場合に、デフォルトの Amazon EventBridge イベントバスに書き込むように Lambda 関数を設定します。Lambda 関数をデータストリームのプロセッサとして設定します。,FALSE,,,,,"A

CloudWatch Logs のロググループを Kinesis Data Streams にサブスクライブしてストリーム化

Kinesis Data Analytics でウィンドウ集計＋組み込みの異常検知（例：HOTSPOTS/RFC など）を実行し、時系列の異常をリアルタイムに検出

検出時は出力を受ける Lambda から EventBridge へイベント発行し、後続の対応フローを起動

カスタム実装に寄る Lambda 処理（C/D）より運用負荷が低く、ログを一度 S3 に落としてバッチ検知する（B）よりもリアルタイム性とシンプルさに優れます。",,,2025-11-21
DOP-C02-Q147,"AnyCompanyはAWS Organizationsを使用して複数のAWSアカウントを作成および管理しています。AnyCompanyは最近、中小企業であるExample Corp.を買収しました。買収プロセス中に、Example Corp.の単一のAWSアカウントがOrganizationsの招待を通じてAnyCompanyの管理アカウントに参加しました。AnyCompanyは、新しいメンバーアカウントをExample Corp.専用のOUに移動しました。AnyCompany

のDevOpsエンジニアには、メンバーアカウントにアクセスするためにOrganizationAccountAccessRoleというロールを引き受けるIAMユーザーがいます。このロールにはフルアクセスポリシーが設定されています。DevOpsエンジニアがAWSマネジメントコンソールを使用してExample Corp.の新しいメンバーアカウントでロールを引き受けようとすると、次のエラーメッセージが表示されます。「1つ以上のフィールドに無効な情報が含まれています。情報を確認するか、管理者に連絡してください。」DevOpsエンジニアが

新しいメンバーアカウントにアクセスできるようにするには、どのソリューションが最適でしょうか？",FALSE,管理アカウントで、DevOps エンジニアの IAM ユーザーに、新しいメンバー アカウントで OrganizationAccountAccessRole IAM ロールを引き受ける権限を付与します。,FALSE,管理アカウントで新しい SCP を作成します。この SCP で、DevOps エンジニアの IAM ユーザーに、新しいメンバーアカウントのすべてのリソースへのフルアクセス権限を付与します。この SCP を、新しいメンバーアカウントを含む OU にアタッチします。,FALSE,新しいメンバーアカウントで、「OrganizationAccountAccessRole」という名前の新しいIAMロールを作成します。このロールにAWS管理ポリシー「AdministratorAccess」をアタッチします。このロールの信頼ポリシーで、管理アカウントにロールを引き受ける権限を付与します。,TRUE,新しいメンバーアカウントで、OrganizationAccountAccessRole IAMロールの信頼ポリシーを編集します。管理アカウントにロールを引き受ける権限を付与します。,FALSE,,,,,"C

招待で参加した既存アカウントには既定の OrganizationAccountAccessRole は自動作成されません。
そのため、新しいメンバーアカウント側でこのロールを新規作成し、AdministratorAccess を付与しつつ、管理アカウントを信頼ポリシーに追加して引き受け可能にするのが正解です。

A: 管理アカウント側で許可しても、メンバー側にロール/信頼がなければ不可

B: SCP は許可を“付与”できません（制限のみ）

D: ロールが存在する前提。招待参加アカウントでは通常存在しないため不十分",,,2025-11-21
DOP-C02-Q148,"DevOps エンジニアは、レガシー REST API と統合するアプリケーションを設計しています。このアプリケーションには、Amazon Kinesis データストリームからレコードを読み取る AWS Lambda 関数があります。Lambda 関数は、レコードをレガシー REST API に送信します。Lambda 関数

が Kinesis データストリームから送信するレコードの約 10% にデータエラーがあり、手動で処理する必要があります。Lambda 関数のイベントソース設定には、障害時の送信先として Amazon Simple Queue Service (Amazon SQS) デッドレターキューがあります。DevOps エンジニアは、レコードをバッチで処理するように Lambda 関数を設定し、障害発生時の再試行を実装しました。

テスト中に、DevOps エンジニアは、デッドレターキューに、データエラーがなく、レガシー REST API によって既に処理済みのレコードが多数含まれていることに気付きました。DevOps エンジニアは、デッドレターキューに送信されるエラーのないレコードの数を減らすために、Lambda 関数のイベントソースオプションを設定する必要があります。

どのソリューションがこれらの要件を満たすでしょうか。",FALSE,再試行回数を増やします。,FALSE,エラーが発生したときにバッチを分割する設定を行います。,TRUE,シャードあたりの同時バッチ数を増やします。,FALSE,記録の最大年齢を短くする。,FALSE,,,,,"正解：B. エラーが発生したときにバッチを分割する設定を行います。

✅ なぜ B が正解か

Lambda の Kinesis イベントソースマッピングでは、バッチ内の 1 レコードでもエラーが発生すると バッチ全体が失敗扱い になります。
そのため、処理済みで正常なレコードまで まとめて再試行 → 上限到達 → DLQへ送信 されてしまいます。

bisectBatchOnFunctionError（バッチ分割機能）を有効にすると：

バッチが失敗した場合、自動でバッチを 1/2 に分割して再処理

問題のあるレコードを徐々に切り離し、正常なレコードを無駄に DLQ に送らない

最終的に「単一レコードにエラーがある状態」まで分割されるので、
→ その 1 レコードだけが DLQ 行き
→ 残りの正常レコードは成功扱い

これにより、正常レコードが巻き添えで DLQ に送られる問題が解消されます。

❌ なぜ他の選択肢は不適か
A. 再試行回数を増やす	再処理チャンスは増える	そもそもバッチ全体が失敗するため、正常レコードの巻き添えは減らない
C. シャードあたりの同時バッチ数を増やす	並列度の設定	エラーによる DLQ 行き問題とは無関係
D. 記録の最大年齢を短くする	レコード放棄までの時間を短縮	逆に正常レコードがより早く DLQ に送られてしまう可能性あり",,,2025-11-21
DOP-C02-Q149,"ある企業では、Amazon DynamoDBからデータを読み取るマイクロサービスをAWS Lambdaで実行しています。Lambdaコードは、テストに成功した後、開発者によって手動でデプロイされています。現在、このテストとデプロイを自動化し、クラウドで実行する必要があります。さらに、各マイクロサービスの新しいバージョンへのトラフィックは、デプロイ後、時間の経過とともに段階的に移行する必要があります。

すべての要件を満たし、開発のスピードを最大限に高めるソリューションは何でしょうか？",FALSE,AWS CodePipeline 設定を作成し、テスト合格後にパイプラインをトリガーする post-commit フックを設定します。AWS CodeDeploy を使用して、トラフィックの割合と間隔を指定する Canary デプロイ設定を作成します。,FALSE,テストコードがプッシュされたときにトリガーされるAWS CodeBuild設定を作成します。AWS CloudFormationを使用して、新しいLambdaバージョンをデプロイし、トラフィックシフトのパーセンテージと間隔を指定するAWS CodePipeline設定をトリガーします。,FALSE,AWS CodePipeline 設定を作成し、コードがプッシュされたときにトリガーされるソースコードステップを設定します。ビルドステップでは、AWS CodeBuild を使用してテストを実行するように設定します。デプロイする AWS CodeDeploy 設定を作成し、CodeDeployDefault.LambdaLinear10PercentEvery3Minutes オプションを選択します。,TRUE,AWS CLI を使用して、テスト合格後にコードを Amazon S3 バケットにアップロードする post-commit フックを設定します。新しいバージョンをデプロイする Lambda 関数を実行する S3 イベントトリガーを設定します。Lambda 関数で間隔を指定して、必要な割合でコードを時間の経過とともにデプロイします。,FALSE,,,,,"C

理由：

変更のプッシュで CodePipeline を起動 → CodeBuild ステージでユニットテストを実行 → CodeDeploy(Lambda) でトラフィックシフト付きデプロイ。

既成の CodeDeployDefault.LambdaLinear10PercentEvery3Minutes を使えば、段階的移行（10%ずつ/3分）を自動で実施。

完全にマネージドでクラウド内に収まり、開発〜テスト〜段階的デプロイが最短経路で自動化されます。

他案：A/B はフックやCFnなど余計で冗長、D は自作オーケストレーションで運用負荷が高い。",,,2025-11-21
DOP-C02-Q150,"ある企業が、AWS LambdaとAmazon API Gatewayを活用したサーバーレスアーキテクチャを採用したウェブおよびモバイルアプリケーションを構築しています。AWS CodeCommitリポジトリの適切な環境ブランチにプッシュされたコードに基づいて、バックエンドのLambdaデプロイメントを完全に自動化したいと考えています。この

デプロイメントには、以下の要件を満たす必要があります。

• テスト環境と本番環境で別々の環境パイプラインを用意する
• テスト環境のみで自動デプロイメントを実行する

これらの要件を満たすには、どのような手順を踏むべきでしょうか？",FALSE,新しいAWS CodePipelineサービスを設定します。各環境ごとにCodeCommitリポジトリを作成します。適切なリポジトリからソースコードを取得するようにCodePipelineを設定します。AWS CloudFormationを使用してLambda関数をデプロイするためのデプロイステップを設定します。,FALSE,テスト環境と本番環境用に2つのAWS CodePipeline設定を作成します。本番環境パイプラインには手動承認ステップを設定します。各環境にCodeCommitリポジトリを作成します。各CodePipelineが適切なリポジトリからソースコードを取得するように設定します。AWS CloudFormationを使用してLambda関数をデプロイするためのデプロイステップを設定します。,FALSE,テスト環境と本番環境用に2つのAWS CodePipeline設定を作成します。本番環境パイプラインには手動承認ステップを設定します。各環境用にブランチを持つCodeCommitリポジトリを1つ作成します。各CodePipelineがリポジトリ内の適切なブランチからソースコードを取得するように設定します。AWS CloudFormationを使用してLambda関数をデプロイするためのデプロイステップを設定します。,TRUE,テスト環境と本番環境用のAWS CodeBuild設定を作成します。本番環境パイプラインに手動承認ステップを設定します。各環境ごとにブランチを持つCodeCommitリポジトリを1つ作成します。Lambda関数のコードをAmazon S3バケットにプッシュします。S3バケットからLambda関数をデプロイするためのデプロイステップを設定します。,FALSE,,,,,"✅ 正解：C

理由

1つの CodeCommit リポジトリ に「テスト用」と「本番用」の ブランチ を作る。

各ブランチに対応する CodePipeline を2本作成。

テスト用：ブランチ更新で 自動デプロイ

本番用：手動承認ステップ を挟んでデプロイ

デプロイ処理は CloudFormation（または SAM） でLambdaを更新。

→ リポジトリを分けずに管理でき、テストは自動・本番は安全に手動承認できる構成。",,,2025-11-21
DOP-C02-Q151,"DevOpsエンジニアは、オンプレミスからAWSへアプリケーションを移行するためのソリューションを探しています。アプリケーションはLinux上で実行されており、正常に動作させるには特定のバージョンのApache Tomcat、HAProxy、Varnish Cacheで実行する必要があります。アプリケーションのオペレーティングシステムレベルのパラメータを調整する必要があります。ソリューションには、新しいバージョンのアプリケーションを自動化する機能が含まれている必要があります。インフラストラクチャは拡張可能で、障害が発生したサーバーは自動的に交換される必要があります。DevOps

エンジニアはどのソリューションを使用すべきでしょうか？",FALSE,アプリケーションを、必要なソフトウェアをすべて含んだ Docker イメージとして Amazon ECR にアップロードします。AWS Fargate 起動タイプと Auto Scaling グループを使用して Amazon ECS クラスターを作成します。Amazon ECR をソース、Amazon ECS をデプロイメントプロバイダーとして使用する AWS CodePipeline パイプラインを作成します。,FALSE,アプリケーションコードを保存済みの設定ファイルとともにAWS CodeCommitリポジトリにアップロードし、ソフトウェアの設定とインストールを行います。AWS Elastic Beanstalkのウェブサーバー層と、Tomcatソリューションスタックを使用した負荷分散型の環境を構築します。CodeCommitをソース、Elastic Beanstalkをデプロイメントプロバイダーとして使用するAWS CodePipelineパイプラインを作成します。,FALSE,アプリケーションコードを、ソフトウェアの設定とインストールに必要な一連の .ebextensions ファイルとともに AWS CodeCommit リポジトリにアップロードします。Tomcat ソリューションスタックを使用する AWS Elastic Beanstalk ワーカー層環境を作成します。CodeCommit をソース、Elastic Beanstalk をデプロイメントプロバイダーとして使用する AWS CodePipeline パイプラインを作成します。,FALSE,アプリケーションコードをappspec.ymlファイルと共にAWS CodeCommitリポジトリにアップロードし、必要なソフトウェアを設定およびインストールします。Amazon EC2 Auto Scalingグループに関連付けられたAWS CodeDeployデプロイメントグループを作成します。CodeCommitをソース、CodeDeployをデプロイメントプロバイダーとして使用するAWS CodePipelineパイプラインを作成します。,TRUE,,,,,"✅ 正解：D

理由

特定バージョンの Tomcat / HAProxy / Varnish / OS パラメータ調整 が必要 →
→ OSレベルでの自由度が必要（Elastic BeanstalkやECSでは制限がある）

自動デプロイ & 自動復旧 & スケーラブル →
→ EC2 Auto Scaling + CodeDeploy + CodePipeline が最適

ポイント

CodeCommit：ソース管理

CodeDeploy：アプリを EC2 に自動デプロイ

Auto Scaling グループ：スケール＆障害時の自動置換

CodePipeline：継続デリバリー全体の自動化

つまり：
自由度が必要なレガシーLinuxアプリは、
→ 「EC2 + CodeDeploy + Auto Scaling + CodePipeline」構成（選択肢D） が最適です。",,,2025-11-21
DOP-C02-Q152,"DevOpsエンジニアは、EC2 Auto Scalingグループ内のAmazon EC2インスタンス群全体でAWS CodeDeployを使用しています。EC2 Auto Scalingに統合されたCodeDeployデプロイメントグループは、CodeDeployDefault.OneAtATimeを使用してインプレースデプロイを実行するように設定されています。エンジニアは、新規デプロイの実行中に、全体のデプロイは正常に完了したにもかかわらず、5つのインスタンスのうち2つに以前のアプリケーションリビジョンがデプロイされていることに気付きました。残りの3つのインスタンスには最新のアプリケーションリビジョンがデプロイされています。

この問題の原因は何でしょうか？",FALSE,影響を受けた 2 つのインスタンスは、新しいデプロイメントを取得できませんでした。,FALSE,AfterInstall ライフサイクル イベント フックが失敗したため、CodeDeploy エージェントは影響を受けるインスタンスで以前のバージョンにロールバックしました。,FALSE,影響を受ける 2 つのインスタンスに CodeDeploy エージェントがインストールされていませんでした。,FALSE,新しいデプロイメントがまだ完了していない間に、EC2 Auto Scaling によって 2 つの新しいインスタンスが起動され、影響を受けるインスタンスに以前のバージョンがデプロイされました。,TRUE,,,,,"✅ 正解：D

💡 理由

状況：

CodeDeploy は インプレースデプロイ（CodeDeployDefault.OneAtATime） を使用。

デプロイ中に Auto Scaling グループがスケーリング動作すると、新しいインスタンスが途中で起動することがある。

これら新インスタンスは、その時点の最新リビジョンではなく、前の AMI（古いアプリ） から起動される。

したがって、全体デプロイは成功でも、一部インスタンスに旧バージョンが残る。

✅ 対策

Auto Scaling グループに CodeDeploy ライフサイクルフックを設定し、
新インスタンス起動時に 最新リビジョンを自動デプロイさせる。

もしくは Blue/Green デプロイに切り替えて、完全に置き換える方式を採用する。

結論：
デプロイ中に Auto Scaling が新インスタンスを起動したため、
そのインスタンスは旧リビジョンのままだった → D が正解。",,,2025-11-21
DOP-C02-Q153,"セキュリティチームは、開発者が意図せず本番環境のAmazon EC2インスタンスにElastic IPアドレスをアタッチしてしまうことを懸念しています。開発者がインスタンスにElastic IPアドレスをアタッチすることは許可すべきではありません。本番環境サーバーにElastic IPアドレスがアタッチされている場合は、必ずセキュリティチームに通知する必要があります。

このタスクを自動化するにはどうすればよいでしょうか？",FALSE,Amazon Athena を使用して AWS CloudTrail ログをクエリし、アドレスの関連付け試行がないか確認します。AWS Lambda 関数を作成して Elastic IP アドレスとインスタンスの関連付けを解除し、セキュリティチームに通知します。,FALSE,開発者のIAMグループにIAMポリシーをアタッチし、関連付けられたアドレスの権限を拒否します。カスタムAWS Configルールを作成し、Elastic IPアドレスが本番環境としてタグ付けされたインスタンスに関連付けられているかどうかを確認し、セキュリティチームに通知します。,TRUE,開発者に関連付けられたすべてのIAMグループに、アドレスの関連付け権限が付与されていないことを確認します。本番環境としてタグ付けされたインスタンスにElastic IPアドレスが関連付けられているかどうかを確認するためのAWS Lambda関数をスケジュール設定し、インスタンスにElastic IPアドレスが関連付けられている場合はセキュリティチームに通知します。,FALSE,AWS Configルールを作成し、すべての本番環境インスタンスに、関連付けられたアドレスの拒否権限を含むEC2 IAMロールが付与されていることを確認します。インスタンスにElastic IPアドレスが関連付けられているかどうかを確認し、インスタンスにElastic IPアドレスが関連付けられている場合はセキュリティチームに通知します。,FALSE,,,,,"B

予防：開発者グループに ec2:AssociateAddress を明示的にDeny（誤操作をブロック）。

検知：**AWS Config（カスタムルール）**で「Environment=Production などのタグが付いたEC2にEIPが関連付いていないか」を継続評価し、通知（SNS → セキュリティチーム）。

他案:

A/C は防止が不十分（明示Denyなし or 監視がバッチ的）。

D はインスタンスロールでのDenyは無効（他プリンシパルの操作を止められない）。",,,2025-11-21
DOP-C02-Q154,"ある企業は、AWS Organizations を使用して各部門に個別の AWS アカウントを作成しています。この企業では、以下のタスクを自動化する必要があります。

• Linux AMI を定期的に新しいパッチで更新し、ゴールデンイメージを生成する
• 利用可能な場合は、ゴールデンイメージに新しいバージョンの Chef エージェントをインストールする
• 新しく生成された AMI を各部門のアカウントに提供する

これらの要件を、管理オーバーヘッドが最も少ないソリューションはどれでしょうか？",FALSE,以前のゴールデンイメージからAmazon EC2インスタンスを起動するスクリプトを作成します。パッチアップデートを適用します。新しいバージョンのChefエージェントをインストールし、新しいゴールデンイメージを生成した後、AMIの権限を変更して、新しいイメージを部門のアカウントとのみ共有できるようにします。,FALSE,Amazon EC2 Image Builder を使用して、ベース Linux AMI と Chef エージェントをインストールするためのコンポーネントで構成されるイメージパイプラインを作成します。AWS Resource Access Manager を使用して、EC2 Image Builder イメージを部門のアカウントと共有します。,TRUE,AWS Systems Manager Automation ランブックを使用して、以前のイメージで Linux AMI を更新します。Chef エージェントを更新するスクリプトの URL を指定します。AWS Organizations を使用して、部門のアカウントにある以前のゴールデンイメージを置き換えます。,FALSE,Amazon EC2 Image Builder を使用して、ベース Linux AMI と Chef エージェントをインストールするためのコンポーネントで構成されるイメージパイプラインを作成します。AWS Systems Manager パラメータストアにパラメータを作成し、部門のアカウントから参照できる新しい AMI ID を保存します。,FALSE,,,,,"答え：B

要件を分解すると：
Linux AMI を定期的にパッチ適用してゴールデンイメージを作る
Chef エージェントの新バージョンがあれば、それもイメージに組み込む
新しい AMI を、Organizations 配下の各部門アカウントに配布する

かつ管理オーバーヘッドを最小化したい
これに一番フィットするのが Amazon EC2 Image Builder + AWS RAM の組み合わせです。

なぜ B が正解か
B. Amazon EC2 Image Builder を使用して、ベース Linux AMI と Chef エージェントをインストールするためのコンポーネントで構成されるイメージパイプラインを作成します。AWS Resource Access Manager を使用して、EC2 Image Builder イメージを部門のアカウントと共有します。
EC2 Image Builder
定期スケジュールでパイプライン実行（例：毎週/毎月）
ベース Linux AMI に OS パッチを自動適用
Chef エージェントインストール用コンポーネントを定義しておくことで、自動的に最新バージョンを取得してインストールさせられる

ゴールデン AMI を自動で生成
AWS Resource Access Manager (RAM)
生成されたイメージ（または AMI）を、Organizations 配下の複数アカウントに一括共有できる
共有設定を一度作っておけば、以後は新イメージが自動的に対象アカウントに見えるようになり、手動配布やスクリプト管理が不要
→ これにより、イメージ作成〜マルチアカウント配布までをフルマネージドに近い形で自動化でき、管理オーバーヘッドが最小になります。

他の選択肢がイマイチな理由
A: 自前スクリプトで EC2 起動 → パッチ → Chef 更新 → AMI 作成 → アカウント共有
すべての処理をスクリプト管理する必要があり、保守コスト大。
C: SSM Automation で AMI 更新 ＋ Organizations でイメージ置き換え
「Organizations を使って AMI を各アカウントのゴールデンイメージに置き換える」という、実在しないような抽象的表現で実装不明瞭。
マルチアカウント配布の仕組みが明確でない。
D: Image Builder までは良いが、SSM パラメータストアに AMI ID を記録するだけでは各アカウントへの AMI 共有は完結しない。
そもそも AMI 自体を各アカウントと共有しなければ、他アカウントからその AMI ID を指定しても使えない。
共有の仕組みとして不十分。
以上より、管理オーバーヘッドが最も少ない正解は B となります。",,,2025-11-21
DOP-C02-Q155,"ある企業は、AWS上で自動スケーリングを使用するミッションクリティカルなアプリケーションを運用しています。この企業は、デプロイメントライフサイクルにおいて以下の要件を満たすことを望んでいます。
• 残りのインスタンスがトラフィック処理を継続できるよう、アプリケーションは一度に1インスタンスずつデプロイする必要がある。
• アプリケーションはCPUを大量に消費するため、綿密に監視する必要がある。
• デプロイメントインスタンスのCPU使用率が85%を超えた場合、デプロイメントは自動的にロールバックする必要がある。

これらの要件を満たすソリューションはどれでしょうか？",FALSE,AWS CloudFormation を使用して AWS Step Functions ステートマシンと Auto Scaling ライフサイクルフックを作成し、インスタンスを 1 つずつ待機状態に移行します。AWS Systems Manager の自動化を使用して各インスタンスに更新をデプロイし、ハートビートタイムアウトを使用して Auto Scaling グループに戻します。,FALSE,AWS CodeDeploy を Amazon EC2 Auto Scaling と併用する CPU 使用率メト​​リクスに関連付けられたアラームを設定します。デプロイ戦略として、CodeDeployDefault の OneAtAtime 設定を使用します。デプロイグループ内で自動ロールバックを設定し、アラームしきい値を超えた場合にデプロイをロールバックします。,TRUE,負荷分散とAWS Auto ScalingにはAWS Elastic Beanstalkを使用します。CPU使用率メト​​リクスに関連付けられたアラームを設定します。1インスタンスの固定バッチサイズでローリングデプロイを設定します。拡張ヘルス機能を有効にしてデプロイのステータスを監視し、事前に作成したアラームに基づいてロールバックします。,FALSE,AWS Systems Manager を使用して、Amazon EC2 Auto Scaling でブルー/グリーンデプロイを実行します。CPU 使用率メト​​リクスに関連付けられたアラームを設定します。アップデートは 1 つずつデプロイします。Auto Scaling グループ内で自動ロールバックを設定し、アラームしきい値を超えた場合にデプロイをロールバックします。,FALSE,,,,,"B

OneAtATime（インプレース）で 1台ずつ更新可

CloudWatch アラーム（CPU>85%） をデプロイに関連付け → 自動ロールバックを CodeDeploy 側で設定できる

Auto Scaling 連携も標準対応で、要件を最小構成で満たす

他案は運用が重い（A）、要件に対して過剰or不適（C/D）。",,,2025-11-21
DOP-C02-Q156,"ある企業では、自動デプロイパイプラインのコードを作成する開発者が1人います。開発者はプロジェクトごとにソースコードをAmazon S3バケットに保存しています。同社はチームに開発者を追加したいと考えていますが、コードの競合や作業の損失を懸念しています。また、新しいバージョンのコードをテスト用にデプロイするためのテスト環境を構築し、リポジトリでコードが変更されたときに開発者が両方の環境に自動的にデプロイできるようにしたいと考えています。

これらの要件を満たす最も効率的な方法は何でしょうか？",FALSE,各プロジェクトごとにAWS CodeCommitリポジトリを作成し、本番環境用コードにはメインブランチを使用し、テスト環境にデプロイされたコードにはテストブランチを作成します。新機能の開発には機能ブランチを使用し、コードをテストブランチとメインブランチにマージするためのプルリクエストを送信します。,TRUE,テストコード用のプロジェクトごとに別のS3バケットを作成し、AWS Lambda関数を使用してテストバケットと本番バケット間でコードの変更をプロモートします。コードの競合を防ぐため、すべてのバケットでバージョン管理を有効にします。,FALSE,プロジェクトごとにAWS CodeCommitリポジトリを作成し、本番環境用とテスト環境用のメインブランチをそれぞれ異なるデプロイパイプラインで使用します。新機能の開発には機能ブランチを使用します。,FALSE,各S3バケットでバージョン管理とブランチ機能を有効にし、本番環境用コードにはメインブランチを使用し、テスト環境にデプロイされたコードにはテストブランチを作成します。開発者は各環境で各ブランチを使用して開発を進めることができます。,FALSE,,,,,"A
最も効率的なのは CodeCommit を使ったブランチ運用＋PR。

プロジェクトごとに CodeCommit リポジトリ を作成

main（本番）、test（検証）、feature/*（開発）で運用

変更は PR で test ブランチ → 自動デプロイ(テスト環境)、検証後に main へマージ → 自動デプロイ(本番)

これで競合管理・履歴・レビューができ、S3直置きより安全かつ自動化しやすいです。",,,2025-11-21
DOP-C02-Q157,"DevOps エンジニアは、Auto Scaling グループ内の Application Load Balancer の背後で実行されているすべての Amazon EC2 インスタンスがユーザーリクエストに応答していないことに気づきました。また、EC2 インスタンスはターゲットグループの HTTP ヘルスチェックにも失敗しています。

調査の結果、エンジニアはアプリケーションプロセスがどの EC2 インスタンスでも実行されていないことに気付きました。システムログには大量のメモリ不足メッセージが記録されています。エンジニアは、潜在的なアプリケーションメモリリークに対処するために、アプリケーションの耐障害性を向上させる必要があります。問題が発生したときにアラートを通知するために、監視と通知を有効にする必要があります。

これらの要件を満たすアクションの組み合わせはどれですか？（2 つ選択してください。）",TRUE,ロードバランサーのヘルスチェックに失敗した場合にインスタンスを置き換えるように Auto Scaling 設定を変更します。,TRUE,ターゲット グループのヘルス チェック HealthCheckIntervalSeconds パラメータを変更して、ヘルス チェックの間隔を短縮します。,FALSE,ターゲット グループのヘルス チェックを HTTP から TCP に変更して、アプリケーションがリッスンしているポートに到達可能かどうかを確認します。,FALSE,Amazon CloudWatch ダッシュボードで、Auto Scaling グループ全体のメモリ消費量メトリクスを有効にします。メモリ使用率が高い場合にアラームを設定します。アラームが鳴った際に通知を受け取るには、Amazon SNS トピックをアラームに関連付けます。,FALSE,Amazon CloudWatchエージェントを使用して、Auto Scalingグループ内のEC2インスタンスのメモリ使用率を収集します。メモリ使用率が高い場合にアラームを作成し、通知を受信するためにAmazon SNSトピックを関連付けます。,TRUE,,,"✅ 正解：A と E

理由
A.
Auto Scaling グループに「ALB ヘルスチェック連携」を設定すれば、
アプリが応答しない（ヘルスチェック失敗）インスタンスを自動で置き換えできる。
→ メモリリーク等でプロセスが落ちても、自動復旧可能。

E.
CloudWatch エージェントを使えば、EC2 のメモリ使用率メトリクスを取得可能。
→ CloudWatch アラーム＋SNS 通知を設定し、異常時に警告を受け取れる。

❌ 他の選択肢の問題点
選択肢問題点Bヘルスチェック間隔を短くしても根本対策にならない。CTCP チェックではアプリレイヤーの異常を検知できない（HTTPが正しい）。DCloudWatch だけでは OS レベルのメモリは取得できず、エージェントが必要。

結論：
→ 自動復旧（A）＋ メモリ監視＆通知（E）で、
アプリの耐障害性と可観測性を両立できる。",,,2025-11-21
DOP-C02-Q158,"あるeコマース企業は、Amazon Elastic Block Store（Amazon EBS）を基盤とするAmazon EC2インスタンスを多数利用しています。すべてのインスタンスにおける手作業を削減するため、DevOpsエンジニアは、EC2インスタンスのリタイアイベントがスケジュールされた際に再起動アクションを自動化するタスクを負っています。

これはどのように実現できるでしょうか？",FALSE,スケジュールされた Amazon EventBridge ルールを作成し、AWS Systems Manager Automation ランブックを実行して、EC2 インスタンスのリタイアが週に 1 回予定されているかどうかを確認します。インスタンスのリタイアが予定されている場合、ランブックはインスタンスを休止状態にします。,FALSE,すべてのインスタンスでEC2自動リカバリを有効にします。AWS Configルールを作成し、リカバリがメンテナンスウィンドウ中にのみ実行されるように制限します。,FALSE,標準営業時間外の承認されたメンテナンスウィンドウ中に、すべての EC2 インスタンスを再起動します。Amazon CloudWatch アラームを設定して、インスタンスが EC2 インスタンスステータスチェックに失敗した場合に通知を送信します。,FALSE,AWS Health Amazon EventBridge ルールを設定し、廃止予定イベントが発生したときに EC2 インスタンスを停止および起動する AWS Systems Manager Automation ランブックを実行します。,TRUE,,,,,"✅ 正解：D

💡 理由
目的：EC2 インスタンスが「リタイア予定（Scheduled Retirement）」になったら自動で再起動したい。


最適解：
AWS Health イベント は、インスタンスのリタイア予定を通知してくれる。
それを EventBridge ルール で検知。
検知時に Systems Manager Automation ランブック（例：AWS-StopEC2Instance / AWS-StartEC2Instance） を起動して
→ 自動で停止→起動（再起動） を実施。
これで、手動操作なしでリタイアイベント対応が完了。

❌ 他の選択肢
AEventBridge の「スケジュール」ではなく、AWS Health のイベント検知が必要。B自動リカバリは「障害検知時」に適用されるもので、リタイアイベントには対応しない。C定期再起動はリタイアイベントとは無関係。自動化にもなっていない。

👉 結論：D — AWS Health イベント＋EventBridge＋SSM Automationで、リタイアイベント検知＆自動再起動が最適。",,,2025-11-21
DOP-C02-Q159,ある企業は、AWS Control Tower でアプリケーションチームの AWS アカウントを管理しています。各アプリケーションチームは、それぞれの AWS アカウントのセキュリティ保護に責任を負っています。DevOpsエンジニアは、アプリケーションチームがまだ GuardDuty を有効にしていないすべての AWS アカウントに対して Amazon GuardDuty を有効にする必要があります。DevOps エンジニアは、AWS Control Tower 管理アカウントから AWS CloudFormation StackSets を使用しています。StackSetsのデプロイ中に障害が発生しないようにするには、DevOps エンジニアは CloudFormation テンプレートをどのように設定すればよいでしょうか。,FALSE,AWS Lambda関数を呼び出すCloudFormationカスタムリソースを作成します。アカウントでGuardDutyがまだ有効になっていない場合に、条件付きでGuardDutyを有効にするようにLambda関数を設定します。,TRUE,CloudFormation テンプレートの Conditions セクションを使用して、GuardDuty がまだ有効になっていないアカウントで GuardDuty を有効にします。,FALSE,CloudFormation の Fn::GetAtt 組み込み関数を使用して、GuardDuty が既に有効になっているかどうかを確認します。GuardDuty がまだ有効になっていない場合は、CloudFormation テンプレートの Resources セクションを使用して GuardDuty を有効にします。,FALSE,GuardDuty が有効化されていない AWS アカウント ID のリストを手動で検出します。CloudFormation の Fn::ImportValue 組み込み関数を使用してアカウント ID のリストを CloudFormation テンプレートにインポートし、リストされている AWS アカウントのデプロイをスキップします。,FALSE,,,,,"A

既に有効なアカウントが混在しても失敗させずに進めるには、**カスタムリソース（Lambda）で事前チェック → 未有効なら有効化、既に有効なら何もしない（Idempotent）**実装が最適。

CloudFormationの Conditions や Fn::GetAtt/ImportValue では GuardDuty の有効状態の外部チェックはできません。",,,2025-11-21
DOP-C02-Q160,"ある企業にはAWS Control Towerのランディングゾーンがあります。同社のDevOpsチームはワークロードOUを作成します。開発OUと本番OUはワークロードOUの下にネストされています。同社は、アプリケーションをデプロイするために、ユーザーに社内のAWSアカウントへのフルアクセスを許可しています。DevOpsチームは、本番OU内のAWSアカウントのIAMロールとポリシーを管理するための権限を、特定の管理IAMロールのみに付与する必要があります。

これらの要件を満たす手順の組み合わせはどれですか？（2つ選択してください。）",TRUE,組織ルートの管理 IAM ロールを除外する条件でフルアクセスを拒否する SCP を作成します。,FALSE,FullAWSAccess SCP が組織ルートに適用されていることを確認します。,TRUE,IAM関連のアクションを許可するSCPを作成し、開発OUにアタッチします。,FALSE,管理IAMロールを除外する条件付きでIAM関連のアクションを拒否するSCPを作成します。このSCPをワークロードOUにアタッチします。,FALSE,管理IAMロールを除外する条件付きで、IAM関連のアクションを拒否するSCPを作成します。このSCPを本番環境OUにアタッチします。,TRUE,,,"B と E


E：本番OUに、管理IAMロールだけを除外してIAM系アクション（iam:*)をDenyするSCPをアタッチ → 本番アカウントのIAM管理をそのロールのみに制限。


B：組織ルートに FullAWSAccess を適用しておくことで、他OU/アカウントは原則許可（Allow）としつつ、上記SCPの明示的Denyが本番OUにのみ効く状態にできる。",,,2025-11-21
DOP-C02-Q161,"ある企業は、社内セキュリティ侵害をシミュレートするために侵入テスターを雇用しました。テスターは、同社のAmazon EC2インスタンスに対してポートスキャンを実施しました。しかし、同社のセキュリティ対策では、このポートスキャンは検出されませんでした。

同社は、EC2インスタンスでポートスキャンが実行された際に自動的に通知を送信するソリューションを必要としています。そこで、Amazon Simple Notification Service（Amazon SNS）トピックを作成し、サブスクライブしています。

この要件を満たすために、次に何をすべきでしょうか？",FALSE,Amazon GuardDuty が有効になっていることを確認します。検出された EC2 およびポートスキャンの検出結果に対して Amazon CloudWatch アラームを作成します。アラームを SNS トピックに接続します。,TRUE,Amazon Inspector が有効になっていることを確認します。ポートスキャンを示すネットワーク到達可能性の検出結果を検出すると、Amazon EventBridge イベントを作成します。イベントを SNS トピックに接続します。,FALSE,Amazon Inspector が有効になっていることを確認します。検出されたオープンポートの脆弱性を引き起こす CVE について、Amazon EventBridge イベントを作成します。イベントを SNS トピックに接続します。,FALSE,AWS CloudTrail が有効になっていることを確認します。AWS Lambda 関数を作成し、CloudTrail ログを分析して、特定の IP アドレス範囲からの異常なトラフィックを検出します。この Lambda 関数を SNS トピックに接続します。,FALSE,,,,,"A

ランタイムのポートスキャン検知は Amazon GuardDuty の役割（Recon:EC2/Portscan などの検出結果）。

Inspector は脆弱性/到達可能性評価であって、実際のスキャン発生の検知には不向き（B/C不適）。

CloudTrail解析での検知（D）はネットワークスキャンを捉えられない。

実装の要点：GuardDuty を有効化し、該当検出結果に基づく通知を SNS に流す（一般には EventBridge ルールで GuardDuty Finding をマッチ→SNS をターゲット）。",,,2025-11-21
DOP-C02-Q162,"ある企業が Amazon Elastic Kubernetes Service (Amazon EKS) クラスターでアプリケーションを実行しています。EKS クラスターは、Application Load Balancer を使用して、クラスター内で実行されるアプリケーションへのトラフィックをルーティングしています。EKS

クラスターに移行した新しいアプリケーションのパフォーマンスが低下しています。EKS クラスター内の他のアプリケーションはすべて正常に動作しています。新しいアプリケーションは、デプロイ後すぐに、ユーザートラフィックが Web アプリケーションにルーティングされる前に、事前に設定された最大ポッド数まで水平方向にスケールアウトします。EKS クラスター内の Web

アプリケーションのスケーリング動作を解決するには、どのソリューションが適していますか？",FALSE,EKS クラスターに Horizo​​ntal Pod Autoscaler を実装します。,TRUE,EKS クラスターに Vertical Pod Autoscaler を実装します。,FALSE,クラスターオートスケーラーを実装します。,FALSE,EKS クラスターに AWS ロードバランサーコントローラーを実装します。,FALSE,,,,,"✅ なぜ A が正解か

現状の問題は：
新アプリの Pod がトラフィック到達前に ""最大数まで"" 一気にスケールアウトしてしまう

つまり 実際の負荷ではなく、固定値 or 手動設定によるスケーリングが行われている
→ HPA を使って「実際のリソース利用（CPU/メモリなど）」に応じてスケールさせるべき

Horizontal Pod Autoscaler (HPA) は、実際のメトリクスに基づいて Pod 数を自動調整する仕組みであり、
トラフィックが来る前に最大数までスケールする現象を防げます。

❌ 他の選択肢が不正解な理由
B. Vertical Pod Autoscaler	Pod の CPU/RAM サイズを自動調整する仕組み	Pod 数ではなくリソース量の調整なので関係なし
C. Cluster Autoscaler	Node 数（EC2）をスケールする	問題は Pod が増えすぎることであり、Node 数の問題ではない
D. AWS Load Balancer Controller	ALB 連携を行うコントローラー	スケーリング制御とは無関係（既に ALB は動作中と記載あり）
📝 まとめ

新アプリがトラフィック前に最大 Pod 数までスケールしてしまう問題
→ 負荷ベースで動的スケーリングできる仕組みが必要
→ Horizontal Pod Autoscaler（HPA）を導入するのが正解",,,2025-11-21
DOP-C02-Q163,"ある企業には、AWS Organizations で組織を管理する AWS Control Tower ランディングゾーンがあります。この企業は、自社の要件に基づいて OU 構造を作成しました。DevOps チームは、ソリューションのコアアカウントと、すべての一元化された AWS CloudFormation および AWS Service Catalog ソリューション用のアカウントを確立しました。

この企業は、アカウントが AWS Control Tower を通じてリクエストできる一連のカスタマイズを提供したいと考えています。

これらの要件を満たす手順の組み合わせはどれですか（3 つ選択してください）。",TRUE,サービス管理の権限を使用して、Organizations で CloudFormation への信頼できるアクセスを有効にします。,TRUE,AWSControlTowerBlueprintAccess という名前の IAM ロールを作成します。このロールに、管理アカウントの AWSControlTowerAdmin ロールがこのロールを引き継ぐことを許可する信頼ポリシーを設定します。AWSServiceCatalogAdminFullAccess IAM ポリシーを AWSControlTowerBlueprintAccess ロールにアタッチします。,FALSE,CloudFormation テンプレートごとに Service Catalog 製品を作成します。,TRUE,CloudFormation テンプレートごとに CloudFormation スタックセットを作成します。各スタックセットの自動デプロイを有効にします。特定の OU を対象とする CloudFormation スタックインスタンスを作成します。,FALSE,AWS Control Tower (CfCT) CloudFormation スタックのカスタマイズをデプロイします。,TRUE,各カスタマイズのリソースを含む CloudFormation テンプレートを作成します。,FALSE,"✅ 正解：A・C・E

💡 シンプル解説
AWS Control Tower でカスタマイズ（CfCT: Customizations for Control Tower）を実現するには、
CloudFormation と Service Catalog を統合して、OU 全体に一元的に展開できる仕組みを構築します。

各手順の意味
AOrganizations で CloudFormation の 信頼されたアクセスを有効化CfCT が全アカウント/OU にテンプレートを自動デプロイできるようにする必須設定
C各 CloudFormation テンプレートを Service Catalog 製品として登録Control Tower のアカウント作成・プロビジョニング時に、チームが選択・展開できるようにする
ECustomizations for Control Tower (CfCT) スタックをデプロイ実際に Control Tower 環境にカスタマイズを適用・配信する仕組みの本体

❌ 不正解の理由
**B AWSControlTowerBlueprintAccess ロールは存在せず、誤り。Service Catalog 管理ロール構成とは異なる。DCfCT では StackSets を手動作成しない。CfCT が自動で StackSets を管理。Fテンプレートは確かに作成するが、**C（Service Catalog 製品化）**の方が要件に直結しており、F単独では不十分。

✅ 結論：
A（信頼アクセス）＋C（Service Catalog 製品）＋E（CfCTデプロイ）
＝ AWS Control Tower に統合された OU ベースのカスタマイズ提供構成が完成。",,,2025-11-21
DOP-C02-Q164,ある企業は、Amazon EC2 インスタンス上でワークロードを実行しています。AWS アカウント内のすべての EC2 インスタンスでインスタンスメタデータサービス バージョン 2 (IMDSv2) の使用を必須とする制御が必要です。ある EC2 インスタンスがインスタンスメタデータサービス バージョン 1 (IMDSv1) の使用を阻止できない場合、その EC2 インスタンスを終了する必要があります。 これらの要件を満たすソリューションはどれでしょうか？,FALSE,アカウントでAWS Configを設定します。マネージドルールを使用してEC2インスタンスをチェックします。AWS Systems Manager Automationを使用してインスタンスを終了し、検出結果を修正するルールを設定します。,TRUE,ec2:MetadataHttpTokens 条件キーが required に設定されていない場合に ec2:RunInstance アクションをブロックする権限境界を作成します。この権限境界を、インスタンスの起動に使用された IAM ロールにアタッチします。,FALSE,アカウントで Amazon Inspector をセットアップします。Amazon Inspector を設定して、EC2 インスタンスのディープインスペクションを有効にします。Inspector2 の検出結果に基づいて Amazon EventBridge ルールを作成します。インスタンスを終了するターゲットとして AWS Lambda 関数を設定します。,FALSE,EC2インスタンスの起動成功イベント用のAmazon EventBridgeルールを作成します。イベントをAWS Lambda関数に送信し、EC2メタデータを検査してインスタンスを終了します。,FALSE,,,,,"✅ 正解：A

💡 理由

目的：
すべてのEC2インスタンスで IMDSv2（トークン必須）を強制したい。

IMDSv1が有効なインスタンスは検出して終了したい。

✅ A の構成が最適な理由

AWS Config の マネージドルール
→ ec2-imdsv2-check（ec2-instance-metadata-options-enabled）で、
IMDSv2 が必須かどうかを自動評価できる。

Systems Manager Automation
→ Config の **修復アクション（Remediation Action）**として設定し、
IMDSv1 が有効なインスタンスを自動で 停止・終了・修正 できる。
→ この組み合わせで 完全自動かつ管理オーバーヘッド最小。

❌ 他の選択肢
B新規起動の防止はできるが、既存インスタンスのチェック・終了ができない。CInspector は脆弱性スキャン用。IMDS 設定の監視・強制には不向き。DLambda で起動時検査は実現可能だが、Config + Automation のように継続監視や自動修復は行えない。

✅ 結論：
A — AWS Config（マネージドルール）＋ Systems Manager Automation による修復 が、
要件を最も効率的かつ自動的に満たすソリューション。",,,2025-11-21
DOP-C02-Q165,"ある企業が、Auto Scaling グループに属する Amazon EC2 インスタンスのフロントエンドに Application Load Balancer を使用するアプリケーションを構築しています。このアプリケーションはステートレスです。Auto Scaling グループは、完全に構築済みのカスタム AMI を使用しています。EC2 インスタンスにはカスタムブートストラッププロセスがありません。Auto

Scaling グループが使用する AMI は最近削除されました。AMI ID が存在しないため、Auto Scaling グループのスケーリングアクティビティは失敗と表示されます。

これらの要件を満たすために、DevOps エンジニアが実行すべき手順の組み合わせはどれですか（3 つ選択してください）。",TRUE,新しい AMI を使用する新しい起動テンプレートを作成します。,TRUE,新しい起動テンプレートを使用するように Auto Scaling グループを更新します。,TRUE,Auto Scaling グループの希望容量を 0 に減らします。,FALSE,Auto Scaling グループの希望容量を 1 増やします。,FALSE,Auto Scaling グループで実行中の EC2 インスタンスから新しい AMI を作成します。,TRUE,EC2 インスタンスが使用するオペレーティング システムの最新のパブリック AMI をコピーして、新しい AMI を作成します。,FALSE,"✅ 正解：A・B・E

💡 シンプル解説
AMI が削除されたため、Auto Scaling グループが新しいインスタンスを起動できなくなっています。
既存の動作中インスタンスは正常な状態なので、そこから新しい AMI を作り、
Auto Scaling グループを修正して復旧させるのが最適です。

✅ 正しい手順の流れ

E.
稼働中の正常な EC2 インスタンスから 新しい AMI を作成する。
→ 現行アプリ構成を保持できる。

A.
新しい AMI を使用して 新しい起動テンプレートを作成する。

B.
Auto Scaling グループを 新しい起動テンプレートに更新する。
→ これで、今後のスケーリング時にも正常な AMI からインスタンスが起動できるようになる。

❌ 他の選択肢が不適な理由
C一時的に容量を0にしても問題の解決にならない。AMIが存在しない限り再起動できない。DAMIが削除されているため、容量を増やしてもエラーが発生する。FOSのパブリックAMIではアプリケーション構成が失われる。既存インスタンスからのAMI作成が必要。

✅ 結論：A + B + E — 稼働中インスタンスからAMI作成 → 新しい起動テンプレート → ASGを更新。",,,2025-11-21
DOP-C02-Q166,"ある企業が、Application Load Balancer (ALB) の背後にある Amazon EC2 インスタンスにウェブアプリケーションをデプロイしています。アプリケーションコードは AWS CodeCommit リポジトリに保存されています。コードがメインブランチにマージされると、AWS Lambda 関数によって AWS CodeBuild プロジェクトが呼び出されます。CodeBuild プロジェクトはコードをパッケージ化し、パッケージ化されたコードを AWS CodeArtifact に保存し、AWS Systems Manager Run Command を呼び出して、パッケージ化されたコードを EC2 インスタンスにデプロイします。

以前のデプロイでは、欠陥、EC2 インスタンスでパッケージ化されたコードの最新バージョンが実行されない、インスタンス間の不整合が発生していました。DevOps

エンジニアは、より信頼性の高いデプロイソリューションを実装するために、どのようなアクションの組み合わせを実行する必要がありますか？（2 つ選択してください。）",TRUE,AWS CodePipeline で、CodeCommit リポジトリをソースプロバイダーとして使用するパイプラインを作成します。アプリケーションのビルドとテストを行うために、CodeBuild プロジェクトを並列実行するパイプラインステージを設定します。パイプライン内で、CodeBuild プロジェクトの出力アーティファクトを AWS CodeDeploy アクションに渡します。,FALSE,AWS CodePipeline で、CodeCommit リポジトリをソースプロバイダーとして使用するパイプラインを作成します。アプリケーションのビルドとテストを行う CodeBuild プロジェクトを実行する個別のパイプラインステージを作成します。パイプライン内で、CodeBuild プロジェクトの出力アーティファクトを AWS CodeDeploy アクションに渡します。,TRUE,AWS CodeDeploy アプリケーションとデプロイメントグループを作成し、パッケージ化されたコードを EC2 インスタンスにデプロイします。デプロイメントグループの ALB を設定します。,TRUE,Systems Manager の代わりに AWS CodeDeploy を使用してビルド、テスト、およびデプロイのアクションを実行する個別の Lambda 関数を作成します。,FALSE,Amazon S3 バケットを作成します。CodeBuild プロジェクトを変更し、パッケージを CodeArtifact ではなく S3 バケットに保存します。CodeDeploy のデプロイアクションを使用して、アーティファクトを EC2 インスタンスにデプロイします。,FALSE,,,"✅ 正解：B と C

💡 シンプル解説
現状の問題点：
Lambda + Run Command による手動的デプロイで
→ インスタンス間の不整合・古いコードが残る などのリスクがある。

✅ 解決策の構成
B. CodePipeline を構築
CodeCommit（ソース） → CodeBuild（ビルド・テスト） → CodeDeploy（デプロイ）
明確なパイプラインにより、自動ビルド〜テスト〜デプロイが一貫管理される。
C. CodeDeploy を使用
EC2/ALB 連携が可能で、インプレース or ブルー/グリーンデプロイを選択できる。
デプロイの整合性が保証され、全インスタンスで同一バージョンを確実にデプロイできる。
ロールバックも自動対応。

❌ 他の選択肢が不適な理由
ACodeBuild を「並列実行」する必要はない。1本のステージで十分。DLambda デプロイは依然として手動・複雑で信頼性が低い。ES3を使っても CodeDeploy のデプロイ構造は変わらない。CodeArtifact でも問題なし。

✅ 結論：B（CodePipeline全体構築）＋C（CodeDeploy導入で安定デプロイ）
＝ 安定・自動・一貫したデプロイパイプラインを実現。",,,2025-11-21
DOP-C02-Q167,"ある企業は、AWS Organizations 内の組織を使用して AWS アカウントを管理しています。この企業の自動化アカウントには、新しい AWS アカウントを作成および設定する CI/CD パイプラインが含まれています。

この企業には、組織内のアカウントにサービスを提供する社内サービスチームのグループがあり、これらのサービスチームは複数のサービスアカウントから業務を遂行しています。サービスチームは、CreateAccount API 呼び出しによって新しいアカウントが作成された際に、各サービスアカウントで AWS CloudTrail イベントを受信したいと考えています。

この CloudTrail イベントをサービスアカウントと共有するにはどうすればよいでしょうか？",FALSE,自動化アカウントで Amazon EventBridge ルールを作成し、アカウント作成イベントをサービスアカウントのデフォルトイベントバスに送信します。サービスアカウントのデフォルトイベントバスを更新し、自動化アカウントからのイベントを許可します。,TRUE,サービスアカウントにカスタム Amazon EventBridge イベントバスを作成します。カスタムイベントバスを更新して、自動化アカウントからのイベントを許可します。サービスアカウントに、自動化アカウントからの CloudTrail イベントを直接リッスンする EventBridge ルールを作成します。,FALSE,自動化アカウントとサービスアカウントにカスタム Amazon EventBridge イベントバスを作成します。自動化アカウントとサービスアカウントにあるカスタムイベントバスを接続する EventBridge ルールとポリシーを作成します。,FALSE,自動化アカウントにカスタム Amazon EventBridge イベントバスを作成します。カスタムイベントバスをサービスアカウントのデフォルトイベントバスに接続する EventBridge ルールとポリシーを作成します。,FALSE,,,,,"A

送信側（自動化アカウント）：CreateAccount を検知する EventBridge ルールを作成し、ターゲットに各サービスアカウントの “デフォルトイベントバス” を指定してクロスアカウント配信。

受信側（サービスアカウント）：デフォルトイベントバスのリソースポリシーで、自動化アカウントからの events:PutEvents を許可。必要なら受信側でルールを作り、通知や後続処理へ。

→ EventBridge の推奨パターン（送信側ルール＋受信側バスポリシー）で、追加のカスタムバス作成は不要。",,,2025-11-21
DOP-C02-Q168,"DevOps エンジニアが Amazon Simple Queue Service (Amazon SQS) の標準キューを使用するソリューションを構築しています。このソリューションには、AWS Lambda 関数と Amazon DynamoDB テーブルも含まれています。Lambda 関数は SQS キューイベントソースからコンテンツを取得し、DynamoDB テーブルに書き込みます。

このソリューションは、Lambda のスケーラビリティを最大限に高め、正常に処理された SQS メッセージが複数回処理されるのを防ぐ必要があります。

これらの要件を満たすソリューションはどれでしょうか？",FALSE,Lambda 関数のイベント ソース マッピングを構成するときに、バッチ ウィンドウを 1 秒に減らします。,FALSE,Lambda 関数のイベント ソース マッピングを構成するときに、バッチ サイズを 1 に減らします。,FALSE,Lambda 関数のイベント ソース マッピングの FunctionResponseTypes リストに ReportBatchItemFailures 値を含めます。,TRUE,Lambda 関数の呼び出しスロットリングを考慮して、Lambda 関数のイベント ソース マッピングでキューの可視性タイムアウトを設定します。,FALSE,,,,,"✅ 正解：C

💡 シンプル解説

目的①：Lambda のスケーラビリティ最大化
→ SQS 標準キュー＋Lambda は自動スケールするので特別な設定不要。

目的②：重複処理の防止（正常処理済みメッセージの再処理防止）
→ デフォルトでは「バッチ内の1件でも失敗するとバッチ全体が再試行」され、
成功したメッセージまで再処理されるリスクあり。

➡ FunctionResponseTypes に ReportBatchItemFailures を指定すると、
Lambda が失敗した個別メッセージのみ再試行対象にできる。

✅ つまり：
""FunctionResponseTypes"": [""ReportBatchItemFailures""]

を設定すれば、
スケーラビリティは維持
重複再処理を最小化
正常メッセージの再実行なし

❌ 他の選択肢の問題点
Aバッチウィンドウ短縮はスループット調整で、重複防止には無関係。Bバッチサイズ1は再処理を防げるが、スケーラビリティが大幅に低下。D可視性タイムアウトは再試行タイミング制御用で、重複防止にはならない。

✅ 結論：C — ReportBatchItemFailures を設定して部分失敗時の再試行を限定するのが最適。",,,2025-11-21
DOP-C02-Q169,"ある企業が、様々なアプリケーションをデプロイするために使用する新しいAWSアカウントを保有しています。チームは、アプリケーション固有の用途とAWS CloudTrailのログ保存のために、多数のAmazon S3バケットを作成します。このアカウントではAmazon Macieが有効化されています。DevOps

エンジニアは、アカウントの機能を損なうことなく、Macieのコストを最適化する必要があります。

これらの要件を満たすソリューションはどれですか？（2つ選択してください。）",TRUE,CloudTrail ログを含む S3 バケットを自動検出から除外します。,TRUE,パブリック読み取りアクセス権を持つ S3 バケットを自動検出から除外します。,FALSE,アカウント内のすべての S3 バケットに対して、毎日スケジュールされた検出ジョブを設定します,FALSE,最後に変更された基準に基づいて S3 オブジェクトを含めるように検出ジョブを設定します。,TRUE,本番環境専用としてタグ付けされた S3 オブジェクトを含めるように検出ジョブを設定します。,FALSE,,,"A と D

A：CloudTrail ログ用バケットは機械可読な監査ログで、機密データ検出の価値が低くスキャンコストだけ嵩むため、自動検出から除外してコスト最適化。

D：検出ジョブを「最終更新日時」でスコープすると、変更のあったオブジェクトだけを対象にでき、必要な検知精度を保ちつつ走査量を削減。

不採用

B：公開読み取り可能なバケットはむしろリスク高、除外は機能低下。

C：全バケットを毎日走査はコスト増。

E：本番タグだけに限定すると他環境の漏えいリスクを見落とす恐れ。",,,2025-11-21
DOP-C02-Q170,"ある企業は、AWS Organizations 内の組織を使用して AWS アカウントを管理しています。この企業は最近、スタンドアロンの AWS アカウントを持つ別の企業を買収しました。買収企業の DevOps チームは、両社の AWS アカウントの管理を統合し、アカウントに対する完全な管理権限を維持する必要があります。また、DevOps チームは、セキュリティ体制を実装および維持するために、すべてのアカウントの検出結果を収集してグループ化する必要もあります。

これらの要件を満たすために、DevOps チームはどのような手順の組み合わせを実行する必要がありますか？（2 つ選択してください。）",TRUE,買収した企業のAWSアカウントを組織に招待します。完全な管理者権限を持つSCPを作成し、管理アカウントにアタッチします。,FALSE,買収した会社のAWSアカウントを組織に招待します。招待したアカウントにOrganizationAccountAccessRole IAMロールを作成します。管理アカウントにこのロールを引き受ける権限を付与します。,TRUE,AWS Security Hub を使用して、すべてのアカウントの検出結果を収集し、グループ化します。Security Hub を使用すると、組織に新しいアカウントが追加されると、自動的に検出されます。,TRUE,AWS Firewall Manager を使用して、すべてのアカウントの検出結果を収集およびグループ化します。組織ですべての機能を有効にします。組織内のアカウントを Firewall Manager の委任管理者アカウントとして指定します。,FALSE,Amazon Inspector を使用して、すべてのアカウントの検出結果を収集し、グループ化します。組織内のアカウントを Amazon Inspector の委任管理者アカウントとして指定します。,FALSE,,,"✅ 正解：B と C

💡 理由

B — 買収したアカウントを組織に招待し、アクセスロールを設定

スタンドアロンのAWSアカウントは、Organizationsへの招待・参加が必要。

招待後、自動では OrganizationAccountAccessRole が存在しないため、
→ 手動で作成し、管理アカウントがAssumeRoleできるようにすることで
完全な管理権限を維持できる。

C — Security Hub で全アカウントの検出結果を統合

Security Hub は AWS Organizations と統合可能。

管理アカウントを Security Hub の 委任管理者に指定することで、
すべてのメンバーアカウントの検出結果を自動的に集約・グループ化できる。

新しいアカウントが追加されても 自動検出・有効化 される。

❌ 他の選択肢の問題点
ASCP はアクセス制御ポリシーであり、「管理権限付与」はできない。DFirewall Manager はセキュリティポリシー適用ツールであり、検出結果の集約には不向き。EAmazon Inspector は脆弱性スキャン用で、Security Hub ほど全体的な検出統合機能を提供しない。

✅ 結論：
B：アカウント統合と管理権限確保
C：Security Hub で全アカウントのセキュリティ検出結果を集中管理",,,2025-11-21
DOP-C02-Q171,"ある企業にはアプリケーションとCI/CDパイプラインがあります。CI/CDパイプラインは、AWS CodePipelineパイプラインとAWS CodeBuildプロジェクトで構成されています。CodeBuildプロジェクトは、ビルドプロセスの一環としてアプリケーションに対してテストを実行し、テストレポートを出力します。企業はテストレポートを90日間保管する必要があります。

これらの要件を満たすソリューションはどれでしょうか？",FALSE,CodePipelineパイプラインに、CodeBuildプロジェクトを含むステージの後に新しいステージを追加します。レポートを保存するためのAmazon S3バケットを作成します。新しいCodePipelineステージで、レポートの適切なパスと形式を指定して、S3デプロイアクションタイプを設定します。,FALSE,CodeBuild プロジェクトのビルドスペックファイルに、レポートの適切なパスと形式を指定してレポートグループを追加します。レポートを保存するための Amazon S3 バケットを作成します。ビルド完了時にレポートを S3 バケットにコピーする AWS Lambda 関数を呼び出す Amazon EventBridge ルールを設定します。90 日後にオブジェクトを期限切れにする S3 ライフサイクルルールを作成します。,FALSE,CodePipelineパイプラインに新しいステージを追加します。適切なパスとレポート形式を指定して、テストアクションタイプを設定します。CodeBuildプロジェクトのbuildspecファイルで、レポートの有効期限を90日間に設定します。,FALSE,CodeBuild プロジェクトのビルドスペックファイルに、レポートの適切なパスと形式を指定してレポートグループを追加します。レポートを保存するための Amazon S3 バケットを作成します。CodeBuild プロジェクトのビルドスペックファイルで、レポートグループをアーティファクトとして設定します。アーティファクトの保存先として S3 バケットを設定します。オブジェクトの有効期限を 90 日に設定します。,TRUE,,,,,"答え：D

要件を満たすには、CodeBuild の「テストレポート機能（レポートグループ）」と S3 のライフサイクル管理を素直に使うのが一番シンプルです。

D が正解な理由
D. CodeBuild プロジェクトのビルドスペックファイルに、レポートの適切なパスと形式を指定してレポートグループを追加します。レポートを保存するための Amazon S3 バケットを作成します。CodeBuild プロジェクトのビルドスペックファイルで、レポートグループをアーティファクトとして設定します。アーティファクトの保存先として S3 バケットを設定します。オブジェクトの有効期限を 90 日に設定します。

この流れだと：

buildspec.yml でレポートグループを定義
reports: セクションで、
テストレポートのパス（JUnit XML など）
形式（JUnit, Cucumber 等）
を指定。

S3 バケットにレポートを保存するよう設定
CodeBuild アーティファクトの出力先を S3 にすることで
テストレポートが S3 に保存される。
S3 のライフサイクルルールで 90 日後に自動削除
バケット/プレフィックスに対して「有効期限 90 日」を設定すれば
テストレポートは自動で 90 日保存 → その後削除。
→ これで「テストレポートを 90 日間保管する」要件を 最小構成で 満たせます。

他の選択肢が微妙なポイント
A：
CodePipeline に S3 デプロイアクションを追加する案だけど、
テストレポートは CodeBuild 側で自然に扱えるのに、
わざわざ CodePipeline に別ステージを足して転送するのは冗長。
B：
CodeBuild レポートグループ＋S3 までは良いが、
そこからさらに EventBridge で Lambda を起動してコピー というのは完全にオーバーエンジニアリング。
単にアーティファクトを S3 に直接置いてライフサイクル管理すれば良い。
C：
CodePipeline の「テストアクションタイプ」と buildspec 内で「レポートの有効期限を 90 日に設定」とあるが、
CodeBuild のレポート有効期限を buildspec 側だけで 90 日に設定する、というような仕様はなく、
実際の保持期間の制御は S3 ライフサイクル等で行うのが一般的。

なので、要件とシンプルさの観点から、正解は D です。",,,2025-11-21
DOP-C02-Q172,"ある企業は、Amazon API Gateway のリージョン REST API を使用してアプリケーション API をホストしています。REST API にはカスタムドメインがあり、REST API のデフォルトエンドポイントは無効化されています。この API は社内のチームによって使用されています。この企業は、認証レイヤーの追加として、API と社内チーム間の相互 TLS を使用したいと考えています。

これらの要件を満たす手順の組み合わせはどれですか（2 つ選択してください）。",TRUE,AWS Certificate Manager (ACM) を使用してプライベート認証局 (CA) を作成します。プライベート CA によって署名されたクライアント証明書をプロビジョニングします。,TRUE,パブリック証明機関 (CA) によって署名されたクライアント証明書をプロビジョニングします。証明書を AWS Certificate Manager (ACM) にインポートします。,FALSE,プロビジョニングしたクライアント証明書をAmazon S3バケットにアップロードします。S3バケットに保存されているクライアント証明書を信頼ストアとして使用するように、API Gatewayの相互TLSを設定します。,FALSE,プロビジョニングされたクライアント証明書の秘密鍵をAmazon S3バケットにアップロードします。S3バケットに保存されている秘密鍵を信頼ストアとして使用するように、API Gatewayの相互TLSを設定します。,FALSE,ルートプライベート証明機関（CA）証明書をAmazon S3バケットにアップロードします。S3バケットに保存されているプラ​​イベートCA証明書を信頼ストアとして使用するように、API Gatewayの相互TLSを設定します。,TRUE,,,"✅ 正解：A と E

💡 シンプル解説
要件：
API Gateway（カスタムドメイン付き・デフォルトエンドポイント無効）でクライアント証明書による相互TLS認証を実装したい。

✅ 正しい手順の流れ
A：
AWS Certificate Manager Private CA (ACM PCA) で プライベートCA を作成。
そのCAで署名した クライアント証明書 を発行し、社内チームに配布。
これがクライアント認証に使われる。
E：
プライベートCAの ルートCA証明書（信頼チェーンの最上位） を
Amazon S3バケットにアップロード。

API Gateway の相互TLS設定で そのS3バケットを信頼ストアとして指定。

これにより API Gateway は、接続してくるクライアント証明書が
自社CAで署名されたものかを検証できる。

❌ 他の選択肢の問題点
BパブリックCA署名証明書は内部用途の相互TLSには不向き。自社CAで制御すべき。C信頼ストアに置くのはCA証明書であり、クライアント証明書ではない。D秘密鍵をS3に置くのは危険かつ誤り。API Gatewayは秘密鍵を扱わない。

✅ 結論：
A（社内用プライベートCAでクライアント証明書を発行）
＋
E（ルートCA証明書をS3信頼ストアとしてAPI Gatewayに設定）
＝ 相互TLS認証を安全かつ正しく実現。",,,2025-11-21
DOP-C02-Q173,ある企業は、AWS Directory Service for Microsoft Active Directory をアイデンティティプロバイダー (IdP) として使用しています。この企業では、すべてのインフラストラクチャを AWS CloudFormation で定義およびデプロイする必要があります。DevOps エンジニアは、アプリケーションをホストするために、Windows ベースの Amazon EC2 インスタンス群を作成する必要があります。DevOps エンジニアは、EC2 起動テンプレート、IAM ロール、EC2 セキュリティグループ、EC2 Auto Scaling グループを含む CloudFormation テンプレートを作成しました。DevOps エンジニアは、すべての EC2 インスタンスを AWS Managed Microsoft AD ディレクトリのドメインに結合するソリューションを実装する必要があります。 これらの要件を最も効率的に満たすソリューションはどれでしょうか？,FALSE,CloudFormation テンプレートで、既存のディレクトリのパラメータを使用して EC2 インスタンスを AWS Managed Microsoft AD ドメインに参加させる AWS::SSM::Document リソースを作成します。新しい SSM ドキュメントを使用するには、起動テンプレートを更新して SSMAssociation プロパティを追加します。EC2 インスタンスが使用する IAM ロールに、AmazonSSMManagedInstanceCore および AmazonSSMDirectoryServiceAccess の AWS 管理ポリシーをアタッチします。,FALSE,CloudFormation テンプレートで、起動テンプレートを更新し、起動時に伝播する特定のタグを追加します。AWS::SSM::Association リソースを作成し、AWS-JoinDirectoryServiceDomain Automation ランブックを、指定されたタグを持つ EC2 インスタンスに関連付けます。AWS Managed Microsoft AD ディレクトリに参加するために必要なパラメータを定義します。EC2 インスタンスが使用する IAM ロールに、AmazonSSMManagedInstanceCore および AmazonSSMDirectoryServiceAccess AWS 管理ポリシーをアタッチします。,TRUE,既存の AWS Managed Microsoft AD ドメイン接続の詳細を AWS Secrets Manager に保存します。CloudFormation テンプレートで AWS::SSM::Association リソースを作成し、AWS-CreateManagedWindowsInstanceWithApproval Automation Runbook を EC2 Auto Scaling グループに関連付けます。Secrets Manager からパラメータの ARN を渡してドメインに参加させます。EC2 インスタンスが使用する IAM ロールに、AmazonSSMDirectoryServiceAccess および SecretsManagerReadWrite の AWS 管理ポリシーをアタッチします。,FALSE,既存の AWS Managed Microsoft AD ドメイン管理者の認証情報を AWS Secrets Manager に保存します。CloudFormation テンプレートで、EC2 起動テンプレートを更新し、ユーザーデータを追加します。ユーザーデータを設定して、Secrets Manager から管理者の認証情報を取得し、AWS Managed Microsoft AD ドメインに参加できるようにします。EC2 インスタンスが使用する IAM ロールに、AmazonSSMManagedInstanceCore および SecretsManagerReadWrite の AWS 管理ポリシーをアタッチします。,FALSE,,,,,"B

CloudFormationで AWS::SSM::Association を作成し、AWS-JoinDirectoryServiceDomain（SSM Automation ランブック）をタグで対象指定したEC2に関連付けて 自動ドメイン参加。

インスタンスの IAM ロールには AmazonSSMManagedInstanceCore と AmazonSSMDirectoryServiceAccess を付与。

起動テンプレートでタグを伝播させれば、ASGで増減するインスタンスにも自動適用され、最小構成で安全・再現性高く要件を満たします。

他案:

A: CloudFormationの起動テンプレートに SSMAssociation というプロパティは存在せず不適。

C/D: Secrets を使った独自実装は複雑/リスク増で、Managed AD 向けの標準ランブックを使う方が効率的。",,,2025-11-21
DOP-C02-Q174,"ある会社では、AWS Organizations を使用して AWS アカウントを管理しています。この会社には、子 OU を持つルート OU があります。ルート OU には、すべてのリソースに対するすべてのアクションを許可する SCP があります。子 OU には、Amazon DynamoDB と AWS Lambda のすべてのアクションを許可し、その他のすべてのアクションを拒否する SCP があります。

この会社には、子 OU に vendor-data という名前の AWS アカウントがあります。DevOps エンジニアには、vendor-data アカウントの管理者アクセス IAM ポリシーにアタッチされた IAM ユーザーがいます。DevOps エンジニアは、vendor-data アカウントで Amazon EC2 インスタンスを起動しようとしましたが、アクセス拒否エラーを受け取りました。DevOps

エンジニアは、vendor-data アカウントで EC2 インスタンスを起動するためにどのような変更を加える必要がありますか?",FALSE,AmazonEC2FullAccess IAM ポリシーを IAM ユーザーにアタッチします。,FALSE,Amazon EC2 のすべてのアクションを許可する新しい SCP を作成します。この SCP を vendor-data アカウントにアタッチします。,FALSE,子 OU の SCP を更新して、Amazon EC2 のすべてのアクションを許可します。,TRUE,Amazon EC2 のすべてのアクションを許可する新しい SCP を作成します。この SCP をルート OU にアタッチします。,FALSE,,,,,"C

子OUのSCPが「DynamoDB と Lambda だけ許可（= それ以外は不許可）」になっているため、IAMで管理者権限があってもEC2は起動できません。
SCPは“適用される全SCPの交差（AND）”で評価されるので、vendor-dataアカウントに個別SCPを足しても、子OUの制限によりEC2は依然禁止のままです。
→ 子OUのSCPに EC2 アクション許可を追加するのが正解。",,,2025-11-21
DOP-C02-Q175,"ある企業のセキュリティポリシーでは、本番環境でセキュリティ強化されたAMIを使用することが義務付けられています。DevOpsエンジニアは、EC2 Image Builderを使用して、AMIを定期的にビルドするパイプラインを作成しました。DevOps

エンジニアは、会社のAuto Scalingグループの起動テンプレートを更新する必要があります。Auto Scalingグループは、Amazon EC2インスタンスの起動時に最新のAMIを使用する必要があります。

これらの要件を最も効率的に満たすソリューションはどれでしょうか？",FALSE,Amazon EventBridge ルールを設定して、Image Builder から新しい AMI イベントを受信します。AWS Systems Manager の Run Command ドキュメントをターゲットとして設定し、Auto Scaling グループの起動テンプレートを最新の AMI ID で更新します。,FALSE,Amazon EventBridge ルールを設定して、Image Builder から新しい AMI イベントを受信します。Auto Scaling グループの起動テンプレートを最新の AMI ID で更新する AWS Lambda 関数をターゲットにします。,FALSE,AMI ID として AWS Systems Manager パラメータストアの値を使用するように起動テンプレートを設定します。Image Builder パイプラインを設定して、パラメータストアの値を最新の AMI ID に更新します。,FALSE,起動テンプレートを最新の AMI で更新するように Image Builder の配布設定を構成します。起動テンプレートの最新バージョンを使用するように Auto Scaling グループを構成します。,TRUE,,,,,"D.
Image Builderの配布設定で「起動テンプレートのAMIを更新」させ、Auto Scaling グループは起動テンプレートの $Latest バージョンを参照するようにしておけば、ビルド完了ごとにAMIが自動反映されます。追加のLambdaやRun Commandの運用が不要で、最もシンプルかつ運用効率が高いです。

A: Run Commandはインスタンス対象の実行で、起動テンプレート更新には不向き。余計な運用が増える。

B: Lambdaでの更新は可能だが、コード・権限・監視など保守コストが増える。

C: Parameter Store経由は一部ワークフローで有効だが、起動テンプレートがAMIを直接SSM参照する運用は限定的で、Image Builderとの連携も追加実装が必要。",,,2025-11-21
DOP-C02-Q176,"ある会社が AWS Lambda 関数に Amazon S3 イベントソースを設定しました。特定の S3 バケットで新しいオブジェクトが作成される、または既存のオブジェクトが変更されるたびに、Lambda 関数を実行する必要があります。Lambda 関数は、受信イベントの S3 バケット名と S3 オブジェクトキーを使用して、作成または変更された S3 オブジェクトの内容を読み取ります。Lambda 関数は内容を解析し、解析した内容を Amazon DynamoDB テーブルに保存します。Lambda

関数の実行ロールには、S3 バケットからの読み取りと DynamoDB テーブルへの書き込みの権限があります。テスト中に、DevOps エンジニアは、S3 バケットにオブジェクトが追加されたとき、または既存のオブジェクトが変更されたときに Lambda 関数が実行されないことを発見しました。
この問題を解決するには、どのソリューションが適していますか？",FALSE,Lambda 関数のメモリを増やして、関数が S3 バケットから大きなファイルを処理できるようにします。,FALSE,Lambda 関数にリソースポリシーを作成し、Amazon S3 に S3 バケットの Lambda 関数を呼び出す権限を付与します。,TRUE,Lambda 関数の OnFailure 宛先として Amazon Simple Queue Service (Amazon SQS) キューを設定します。,FALSE,Lambda 関数の /tmp フォルダーにスペースをプロビジョニングして、関数が S3 バケットから大きなファイルを処理できるようにします。,FALSE,,,,,"B.
S3 からのイベントで Lambda を起動させるには、Lambda 関数側のリソースベースポリシーで「S3 がこの関数を呼び出せる権限（lambda:AddPermission で Principal: s3.amazonaws.com）」を付与しておく必要があります。これがないと、S3 に通知設定があっても呼び出し自体がブロックされ、関数は実行されません。

A/D: 実行時の容量・一時領域は「起動しない」問題の原因ではない。
C: 失敗時の宛先設定は「呼び出し後の失敗」対策であり、今回の「呼び出されない」症状の解決にはならない。",,,2025-11-21
DOP-C02-Q177,"ある企業が重要なアプリケーションを 2 つの AWS リージョンにデプロイしました。アプリケーションは、両方のリージョンで Application Load Balancer (ALB) を使用しています。両方の ALB に Amazon Route 53 エイリアス DNS レコードが設定されています。

また、Amazon Route 53 Application Recovery Controller を使用して、アプリケーションが 2 つのリージョン間でフェイルオーバーできるようにします。Route 53 ARC 設定には、両方のリージョンのルーティング制御が含まれています。同社は、Route 53 ARC を使用して四半期ごとの災害復旧 (DR) テストを実行しています。

最新の DR テスト中に、DevOps エンジニアが誤って両方のルーティング制御をオフにしてしまいました。同社は、少なくとも 1 つのルーティング制御が常にオンになっていることを確認する必要があります。

これらの要件を満たすソリューションはどれですか。",FALSE,Route 53 ARCで、新しいアサーションセーフティルールを作成します。このアサーションセーフティルールを2つのルーティングコントロールに適用します。ルールはATLEASTタイプ、しきい値は1に設定します。,TRUE,Route 53 ARCで、新しいゲーティング安全ルールを作成します。アサーション安全ルールを2つのルーティング制御に適用します。ルールはORタイプ、しきい値は1に設定します。,FALSE,Route 53 ARC で新しいリソースセットを作成します。AWS::Route53::HealthCheck リソースタイプを使用してリソースセットを設定します。2 つのルーティング制御の ARN をターゲットリソースとして指定します。リソースセットの新しい準備状況チェックを作成します。,FALSE,Route 53 ARC で新しいリソースセットを作成します。AWS::Route53RecoveryReadiness::DNSTargetResource リソースタイプを使用してリソースセットを設定します。2 つの Route 53 エイリアス DNS レコードのドメイン名をターゲットリソースとして追加します。リソースセットの新しい準備状況チェックを作成します。,FALSE,,,,,"A.
Route 53 ARC のアサーションセーフティルールで ATLEAST=1 を設定すれば、同一セル(今回の2つのルーティング制御)のうち常に少なくとも1つは ONであることを強制できます。これにより、DRテスト中でも両方を同時にOFFにする操作が拒否されます。

B: ゲーティングルールは「特定のスイッチがONでないと他を変更できない」という承認フロー用途。今回の「同時OFF防止」はアサーションが適切。

C/D: Readinessチェック/リソースセットは可用性の事前検証用で、実運用の切替操作に対する同時OFFの防止には直接効きません。",,,2025-11-21
DOP-C02-Q178,"あるヘルスケアサービス企業は、患者の健康状態をモニタリングするアプリケーションのソフトウェアライセンス費用の増大を懸念しています。同社は、アプリケーションがAmazon EC2 Dedicated Hosts上でのみ実行されていることを確認するための監査プロセスを構築したいと考えています。DevOpsエンジニアは、コンプライアンスを確保するためにアプリケーションを監査するためのワークフローを作成する必要があります。

管理オーバーヘッドを最小限に抑えながらこの要件を満たすには、エンジニアはどのような手順を踏むべきでしょうか？",FALSE,AWS Systems Manager の設定コンプライアンスを使用します。put-compliance-items API アクションを呼び出して、ホスト配置設定に基づいて、コンプライアンス違反の EC2 インスタンスをスキャンし、データベースを構築します。これらのインスタンス ID を Amazon DynamoDB テーブルに保存することで、高速アクセスが可能になります。Systems Manager で list-compliance-summaries API アクションを呼び出すことで、レポートを生成できます。,FALSE,EC2 インスタンス上で実行されるカスタム Java コードを使用します。チェック対象のインスタンス数に応じて、インスタンスに EC2 Auto Scaling を設定します。非準拠の EC2 インスタンス ID のリストを Amazon SQS キューに送信します。SQS キューから取得したインスタンス ID を処理し、Amazon DynamoD に書き込むための別のワーカーインスタンスを設定します。キューから取得した非準拠のインスタンス ID を AWS Lambda 関数で終了し、Amazon SNS のメールトピックに送信して配布します。,FALSE,AWS Config を使用します。リージョン内のすべての Amazon EC2 リソースで Config Recording を有効にすることで、監査対象のすべての EC2 インスタンスを特定します。「config-rule-change -triggered」ブループリントを使用して、AWS Lambda 関数をトリガーするカスタム AWS Config ルールを作成します。Lambda 関数の evaluateCompliance() を変更し、ホストの配置を検証して、インスタンスが EC2 専用ホストで実行されていない場合に NON_COMPLIANT の結果を返すようにします。AWS Config レポートを使用して、非準拠インスタンスに対処します。,TRUE,AWS CloudTrail を使用します。EC2 RunCommand API アクションへのすべての呼び出しを分析し、監査対象のすべての EC2 インスタンスを特定します。インスタンスのホスト配置を分析する AWS Lambda 関数を呼び出します。非準拠リソースの EC2 インスタンス ID を Amazon RDS for MySQL DB インスタンスに保存します。RDS インスタンスに対してクエリを実行し、クエリ結果を CSV テキストファイルにエクスポートすることでレポートを生成します。,FALSE,,,,,"C.
最小の運用負荷で継続的に監査するなら AWS Config + カスタムルールが最適です。
ConfigでEC2リソースの変更を記録し、カスタムルール（Lambda）で各インスタンスの**ホスト配置（tenancy/HostId）**を評価して、Dedicated Host上でない場合に NON_COMPLIANT を返します。結果はConfigのコンプライアンスレポートで一元可視化・通知でき、スケーラブルかつ追加の常時稼働リソースが不要です。

A: Systems Managerの設定コンプライアンスは自己申告型で実装が煩雑。

B: 自前ワーカー／SQS／DynamoDBで過剰設計。

D: CloudTrailのAPIログからは網羅的・継続的な配置評価に不向き。",,,2025-11-21
DOP-C02-Q179,"DevOpsエンジニアは、Rubyベースのアプリケーションを本番環境にデプロイする計画を立てています。このアプリケーションはAmazon RDS for MySQLデータベースと連携する必要があり、自動スケーリングと高可用性が求められます。データベースに保存されるデータは重要であり、アプリケーションスタックの状態に関係なく保持される必要があります。DevOps

エンジニアは、自動ロールバック機能を備えたアプリケーションの自動デプロイ戦略を構築する必要があります。また、デプロイが失敗した場合にアプリケーションチームに通知するソリューションも必要です。

これらの要件を満たす手順の組み合わせはどれですか？（3つ選択してください。）",TRUE,アプリケーションをAWS Elastic Beanstalkにデプロイします。Elastic Beanstalkの設定の一部として、Amazon RDS for MySQL DBインスタンスをデプロイします。,FALSE,アプリケーションをAWS Elastic Beanstalkにデプロイします。Elastic Beanstalkの外部に、別のAmazon RDS for MySQL DBインスタンスをデプロイします。,TRUE,AWS Elastic Beanstalk 設定で、アプリケーションチームに通知する通知メールアドレスを設定します。,TRUE,AWS Health イベントを監視するための Amazon EventBridge ルールを設定します。Amazon Simple Notification Service (Amazon SNS) トピックをターゲットとして使用し、アプリケーションチームにアラートを送信します。,FALSE,不変のデプロイメント方法を使用して、新しいアプリケーション バージョンをデプロイします。,TRUE,ローリング展開方式を使用して、新しいアプリケーション バージョンを展開します。,FALSE,"正解は： B、C、E です ✅

💡 理由
B. Elastic Beanstalk 外部に RDS を構築

Elastic Beanstalk に組み込みRDSを使うと、環境削除時にDBも削除されてしまいます。

「アプリケーションスタックの状態に関係なくデータを保持」するには、RDSを外部で独立管理する必要があります。

C. Elastic Beanstalk 通知設定

Elastic Beanstalk の環境設定に通知メールアドレス (SNS経由)を指定することで、
デプロイ失敗や環境イベントをアプリケーションチームへ自動通知できます。

E. 不変（Immutable）デプロイ

Immutableデプロイでは、新しいEC2インスタンス群を起動 → テスト完了後に切り替え → 問題があれば自動ロールバックされます。

これにより自動ロールバック機能付きの安全なデプロイが実現できます。

❌ 誤りの選択肢

A: Beanstalk環境内にRDSを含めると、環境削除時にDBも消えるリスク。データ保持要件に違反。

D: Healthイベント監視は一般的なインフラ障害用で、デプロイ失敗通知には不適。

F: ローリングデプロイは段階的展開であり、自動ロールバック機能は限定的。

✅ まとめ

要件	適合手順
データ永続化	B 外部RDS
自動通知	C Beanstalk通知設定
自動ロールバック付きデプロイ	E 不変デプロイメント",,,2025-11-21
DOP-C02-Q180,"ある企業がAWS CodePipelineを使用してアプリケーションをデプロイしています。新しいガイドラインによると、アプリケーションの変更は本番環境にデプロイされる前に、セキュリティチームのメンバーが承認する必要があります。承認は記録・保管する必要があります。

これらの要件を満たすアクションの組み合わせはどれですか？（2つ選択してください。）",TRUE,Amazon CloudWatch Logs にアクションを書き込むように CodePipeline を設定します。,FALSE,各パイプラインステージの最後にアクションを Amazon S3 バケットに書き込むように CodePipeline を設定します。,FALSE,AWS CloudTrail 証跡を作成して、ログを Amazon S3 に配信します。,TRUE,CodePipelineカスタムアクションを作成し、AWS Lambda関数を呼び出して承認を得ます。セキュリティチームにCodePipelineカスタムアクションを管理するためのアクセス権を付与するポリシーを作成します。,FALSE,デプロイステップの前に、CodePipeline の手動承認アクションを作成します。セキュリティチームに手動承認ステージの承認権限を付与するポリシーを作成します。,TRUE,,,"正解は C と E です ✅

💡 理由の詳細
E. CodePipeline の手動承認アクションを追加

CodePipeline では「Manual approval action（手動承認アクション）」を追加することで、
セキュリティチームが本番デプロイ前に承認ボタンを押すまで次のステージに進まないようにできます。

承認権限は IAM ポリシーでセキュリティチームのみに付与。

承認の履歴（誰がいつ承認したか）は CodePipeline の実行履歴に自動記録されます。

C. CloudTrail 証跡を作成し、S3 に配信

CloudTrail は CodePipeline の 承認操作・拒否操作などのイベントをすべて記録できます。

S3 に配信することで、改ざん不可能な証跡保管が可能になります。

「承認は記録・保管する必要がある」という要件を満たします。

❌ 不正解の選択肢
選択肢	説明
A	CloudWatch Logs は承認操作ログを自動で取得しない。
B	S3 に手動で書き込むよう設定しても、正式な監査証跡にはならない。
D	カスタムアクション＋Lambda でも実現可能だが、運用が複雑・ガイドライン的に不適。CodePipelineの標準手動承認で十分。

✅ まとめ

要件	対応策
セキュリティチームによる承認フロー	E. 手動承認アクション
承認の記録と保管	C. CloudTrail + S3 で監査ログ保管",,,2025-11-21
DOP-C02-Q181,"ある企業では、社内のビジネスチームに対し、事前に承認されたAWS CloudFormationテンプレートのみを使用してリソースを起動することを義務付けています。セキュリティチームは、リソースが想定された状態から逸脱した場合の自動監視を必要としています。

これらの要件を満たすには、どのような戦略を採用すべきでしょうか？",FALSE,ユーザーがCloudFormationサービスロールのみを使用してCloudFormationスタックをデプロイできるようにします。CloudFormationドリフト検出を使用して、リソースが想定された状態から逸脱したことを検出します。,FALSE,ユーザーがCloudFormationサービスロールのみを使用してCloudFormationスタックをデプロイできるようにします。AWS Configルールを使用して、リソースが想定された状態から逸脱したことを検出します。,FALSE,ユーザーがAWS Service Catalogのみを使用してCloudFormationスタックをデプロイできるようにします。起動制約の使用を強制します。AWS Configルールを使用して、リソースが想定された状態から逸脱したことを検出します。,TRUE,ユーザーが CloudFormation スタックをデプロイできるのは AWS Service Catalog のみに制限します。テンプレート制約の使用を強制します。Amazon EventBridge 通知を使用して、リソースが想定された状態から逸脱したことを検出します。,FALSE,,,,,"C が最適です。
承認済みテンプレートのみで起動: AWS Service Catalog によるポートフォリオ/プロダクト化で、ビジネスチームは事前承認された CloudFormation テンプレート（プロダクト）しか使えません。起動制約（Launch constraints）で実行ロールも統制できます。
自動監視: AWS Config ルールで、実リソース設定が想定状態（ポリシー/ベースライン）から逸脱したら 自動評価＆検出 できます（通知は Config 連携のSNS等で実装）。

他案が不適な理由:
A: CloudFormation Drift Detection は手動/非連続運用になりがちで「自動監視」として弱い。
B: CloudFormation サービスロールだけでは“承認済みテンプレートのみ”を強制できない。
D: EventBridge 通知はイベント検知であって、構成の準拠評価は行わない（Config が必要）。",,,2025-11-21
DOP-C02-Q182,"ある企業では、複数の開発グループが単一のAWSアカウントを共有しています。グループのシニアマネージャーは、リソースの作成数がアカウントのサービス制限に近づいた際に、サードパーティのAPI呼び出しでアラートを受け取りたいと考えています。

開発工数を最小限にしながら、この要件を満たすソリューションはどれでしょうか？",FALSE,定期的に実行され、AWS Lambda関数をターゲットとするAmazon EventBridgeルールを作成します。Lambda関数内で、AWS環境の現在の状態を評価し、デプロイされたリソースの値をアカウントのリソース制限と比較します。アカウントがサービス制限に近づいている場合は、シニアマネージャーに通知します。,FALSE,AWS Trusted Advisor のチェックを更新する AWS Lambda 関数をデプロイし、Amazon EventBridge ルールを設定して Lambda 関数を定期的に実行します。Trusted Advisor イベントに一致するイベントパターンと対象の Lambda 関数を含む別の EventBridge ルールを作成します。対象の Lambda 関数で、上級管理者に通知します。,TRUE,AWS Health Dashboard のチェック情報を更新する AWS Lambda 関数をデプロイし、Amazon EventBridge ルールを設定して Lambda 関数を定期的に実行します。Health Dashboard のイベントに一致するイベントパターンと、対象の Lambda 関数を含む別の EventBridge ルールを作成します。対象の Lambda 関数で、上級管理者に通知します。,FALSE,定期的に実行され、AWS サービスの制限ステータスを確認し、Amazon Simple Notification Service (Amazon SNS) トピックに通知をストリーミングする AWS Config カスタムルールを追加します。上級管理者に通知する AWS Lambda 関数をデプロイし、その Lambda 関数を SNS トピックにサブスクライブします。,FALSE,,,,,"B が最小工数で要件を満たします。

Trusted Advisor には「サービス制限（Service Limits/Service Quotas）」チェックがあり、しきい値に近づくと状態が変わります。

EventBridge は Trusted Advisor のチェック更新/状態変化をイベントとして受け取れるので、これをトリガーに Lambda でサードパーティ API へ通知（Webhook/REST）すれば実装は最小限。

定期実行でチェックを更新 → 状態変化イベントを別ルールで捕捉 → Lambda で外部通知、という流れが選択肢Bそのもの。

他案:
A: 自前で各リソース数と上限を突き合わせる実装が重い。
C: AWS Health は主に障害/メンテ情報で、サービス制限逼迫の検知には不向き。
D: Config は構成準拠評価向けで、サービス上限の監視用途ではない。

注: Trusted Advisor の全チェック/イベント活用には Business/Enterprise サポートプランが必要です。",,,2025-11-21
DOP-C02-Q183,"DevOps エンジニアがコンテナベースのアーキテクチャを構築しています。エンジニアは、AWS CloudFormation を使用して Amazon ECS クラスターと Amazon EC2 Auto Scaling グループを自動的にプロビジョニングし、EC2 コンテナインスタンスを起動することにしました。CloudFormation スタックの作成に成功した後、エンジニアは、ECS クラスターと EC2 インスタンスが正常に作成され、スタックの作成も完了したにもかかわらず、EC2 インスタンスが別のクラスターに関連付けられていることに気付きました。

この問題を解決するには、DevOps エンジニアは CloudFormation テンプレートをどのように更新すればよいでしょうか。",FALSE,AWS::ECS::Cluster リソースで EC2 インスタンスを参照し、AWS::ECS::Service リソースで ECS クラスターを参照します。,FALSE,UserData プロパティの AWS::AutoScaling::LaunchConfiguration リソースで ECS クラスターを参照します。,TRUE,UserData プロパティの AWS::EC2::Instance リソースで ECS クラスターを参照します。,FALSE,AWS::CloudFormation::CustomResource リソース内の ECS クラスターを参照して、EC2 インスタンスを適切な ECS クラスターに登録する AWS Lambda 関数をトリガーします。,FALSE,,,,,"正解は B ✅

理由
ECSのEC2インスタンスがどのクラスターに登録されるかは、
起動時の UserData に書かれた設定で決まります。
CloudFormationでは、
AWS::AutoScaling::LaunchConfiguration の UserData に以下を追加すればOKです👇
#!/bin/bash
echo ECS_CLUSTER=${EcsClusterName} >> /etc/ecs/ecs.config

これで、起動したインスタンスは自動的に正しいECSクラスターに登録されます。",,,2025-11-21
DOP-C02-Q184,"DevOpsエンジニアは、インフラストラクチャを米国内に設置する必要がある企業のために、ガバナンス制御を実装しています。エンジニアは、使用できるAWSリージョンを制限し、ガバナンスポリシーに違反するアクティビティが発生した場合に可能な限り速やかにアラートが送信されるようにする必要があります。これらの制御は、米国以外の新しいリージョンでは自動的に有効になる必要があります。

これらの要件を満たすアクションの組み合わせはどれですか（2つ選択してください）。",TRUE,米国以外のリージョンにおけるすべての非グローバルサービスへのアクセスを拒否するAWS Organizations SCPを作成します。このポリシーを組織のルートにアタッチします。,TRUE,AWS CloudTrail を設定して、ログを Amazon CloudWatch Logs に送信し、すべてのリージョンで有効にします。CloudWatch Logs のメトリクスフィルターを使用して、米国以外のリージョンで発生したサービスアクティビティについてアラートを送信します。,TRUE,AWS サービスのアクティビティをチェックする AWS Lambda 関数を使用し、すべてのリージョンにデプロイします。Amazon EventBridge ルールを作成し、1 時間ごとに Lambda 関数を実行し、米国以外のリージョンでアクティビティが検出された場合にアラートを送信します。,FALSE,AWS Lambda 関数を使用して Amazon Inspector にクエリを実行し、米国以外のリージョンでのサービスアクティビティを検索し、アクティビティが見つかった場合はアラートを送信します。,FALSE,aws:RequestedRegion 条件キーを使用して、アクセスを米国リージョンに制限する SCP を作成します。このポリシーをすべてのユーザー、グループ、ロールに適用します。,FALSE,,,"正解は A と B ✅

💡 シンプル解説
A. SCPで米国外リージョンを拒否

**AWS OrganizationsのSCP（サービスコントロールポリシー）**を使えば、
米国リージョン以外での操作を一括拒否できます。

新しいリージョンが追加されても自動的に対象になります（＝拡張性◎）。

例：aws:RequestedRegion 条件で us-* のみ許可。

B. CloudTrail＋CloudWatch Logs で監視＆通知

全リージョンでCloudTrailを有効化 → CloudWatch Logsへ送信。

メトリクスフィルターで「米国外リージョンでのAPI呼び出し」を検知し、
**SNS通知（アラート）**を送る。

これでポリシー違反のアクティビティをリアルタイムに把握できます。

🚫 他の選択肢が不適な理由
選択肢	理由
C	Lambdaで全リージョン監視は運用コスト高・自動反映なし。
D	Amazon Inspectorは脆弱性スキャン用で、リージョン監視用途ではない。
E	SCPを全ユーザー/ロールに個別適用は非効率。Organizationsルート適用が正解。

✅ まとめ

要件	解決策
米国外リージョンを制限	A. SCPでアクセス拒否
違反アクティビティの即時通知	B. CloudTrail＋CloudWatchアラート",,,2025-11-21
DOP-C02-Q185,"ある企業は、eコマースウェブアプリケーションを通じて商品を販売しています。この企業は、商品の取引明細を円グラフで表示するダッシュボードを希望しています。このダッシュボードを、既存のAmazon CloudWatchダッシュボードと統合したいと考えています。

これらの要件を最も効率的に満たすソリューションはどれでしょうか？",FALSE,eコマースアプリケーションを更新し、処理されたトランザクションごとにJSONオブジェクトをCloudWatchロググループに出力します。CloudWatch Logs Insightsを使用してロググループをクエリし、結果を円グラフ形式で視覚化します。結果を必要なCloudWatchダッシュボードに添付します。,TRUE,eコマースアプリケーションを更新し、処理されたトランザクションごとにAmazon S3バケットにJSONオブジェクトを送信します。Amazon Athenaを使用してS3バケットをクエリし、結果を円グラフ形式で視覚化します。Athenaから結果をエクスポートし、必要なCloudWatchダッシュボードに添付します。,FALSE,eコマースアプリケーションを更新し、AWS X-Ray をインストルメンテーションに使用します。新しい X-Ray サブセグメントを作成します。処理された各トランザクションに注釈を追加します。X-Ray トレースを使用してデータをクエリし、結果を円グラフ形式で視覚化します。結果を必要な CloudWatch ダッシュボードに添付します。,FALSE,eコマースアプリケーションを更新し、処理されたトランザクションごとにJSONオブジェクトをCloudWatchロググループに出力します。結果を集約してAmazon DynamoDBに書き込むAWS Lambda関数を作成します。ログファイル用のLambdaサブスクリプションフィルターを作成します。結果を必要なCloudWatchダッシュボードに添付します。,FALSE,,,,,"A が最も効率的です。
CloudWatch Logs に取引JSONを出力 → Logs Insightsで集計 → 円グラフ表示 → 「Add to dashboard」で既存のCloudWatchダッシュボードに組み込みができます。

B はAthena結果をダッシュボードに直接埋め込めない。
C X-Rayは分散トレース向けで不適。
D DynamoDBへ集約してもCloudWatchダッシュボードへ直結できない。",,,2025-11-21
DOP-C02-Q186,"ある企業がアプリケーションを立ち上げようとしています。このアプリケーションは、承認されたAWSサービスのみを使用する必要があります。アプリケーションを実行するアカウントは1年以内に作成され、AWS OrganizationsのOUに割り当てられています。

企業は新しいOrganizationsアカウント構造を作成する必要があります。このアカウント構造には、AWSアカウントで現在アクティブなサービスのみの使用をサポートする適切なSCPが必要です。この企業は、このソリューションでAWS Identity and Access Management (IAM) Access Analyzerを使用します。

これらの要件を満たすソリューションはどれでしょうか？",FALSE,IAM Access Analyzer が識別するサービスを許可する SCP を作成します。アカウントの OU を作成します。アカウントを新しい OU に移動します。新しい SCP を新しい OU にアタッチします。デフォルトの FullAWSAccess SCP を新しい OU からデタッチします。,TRUE,IAM Access Analyzer が特定したサービスを拒否する SCP を作成します。アカウントの OU を作成します。アカウントを新しい OU に移動します。新しい SCP を新しい OU にアタッチします。,FALSE,IAM アクセスアナライザーが識別したサービスを許可する SCP を作成します。新しい SCP を組織のルートにアタッチします。,FALSE,IAM Access Analyzer が識別するサービスを許可する SCP を作成します。アカウントの OU を作成します。アカウントを新しい OU に移動します。新しい SCP を管理アカウントにアタッチします。デフォルトの FullAWSAccess SCP を新しい OU からデタッチします。,FALSE,,,,,"A が最適です。

Access Analyzer で実際に使われているサービスを洗い出し、その許可リスト型のSCPを作成
対象アカウントを入れる 新しいOU を作成し、そのOUに 新SCPをアタッチ
既定の FullAWSAccess SCP をデタッチ（これが付いたままだと全サービス許可のまま）

B: 「特定したサービスを拒否」は逆方向。
C: ルートに付けると全組織に影響。
D: 管理アカウントに付けても目的のOU/アカウントを適切に縛れない。",,,2025-11-21
DOP-C02-Q187,"ある企業には、異なる事業部門に複数の開発チームがあり、それらは単一のAWSアカウントを共有して作業しています。アカウントで作成されるすべてのAmazon EC2リソースには、リソースの作成者を示すタグが含まれている必要があります。タグ付けは、リソース作成後1時間以内に行う必要があります。DevOps

エンジニアは、作成されたリソースに、リソースを作成したユーザーIDとコストセンターIDを含むタグを追加する必要があります。DevOpsエンジニアは、コストセンターマッピングを使用してAWS Lambda関数を設定し、リソースにタグを付けます。また、DevOpsエンジニアはAWSアカウントにAWS CloudTrailを設定します。Amazon S3バケットには、CloudTrailイベントログが保存されます。

タグ付けの要件を満たすソリューションはどれですか？",FALSE,S3バケットにS3イベント通知を作成し、s3:ObjectTagging:PutイベントのLambda関数を呼び出します。S3バケットでバケットのバージョン管理を有効にします。,FALSE,S3バケットでサーバーアクセスログを有効にします。S3バケットにs3:ObjectTagging:*イベントのS3イベント通知を作成します。,FALSE,Lambda関数を呼び出す、Amazon EventBridgeの1時間ごとの定期実行ルールを作成します。S3バケットからログを読み取るようにLambda関数を変更します。,FALSE,Amazon EC2 をイベントソースとして使用する Amazon EventBridge ルールを作成します。CloudTrail によって配信されるイベントに一致するようにルールを設定します。Lambda 関数をターゲットとするルールを設定します。,TRUE,,,,,"D ✅
理由
CloudTrail が発火する EC2 作成系 API イベント（例: RunInstances, CreateVolume など）を、EventBridge ルールでリアルタイムに捕捉し、ターゲットの Lambda で「発行者のユーザーID → コストセンターへマッピング → タグ付け」を実行すれば、作成後1時間以内の要件を安定して満たせます。

A/B: S3オブジェクトのタグ通知やアクセスログはEC2リソースのタグ付け要件と無関係。
C: 1時間ごとのバッチは遅延・取りこぼしリスクがあり非効率。",,,2025-11-21
DOP-C02-Q188,"ある企業が、単一のAWSアカウントで複数の環境向けのアプリケーションを実行しています。AWS CodePipelineパイプラインは、開発用のAmazon Elastic Container Service (Amazon ECS)クラスターを使用して、Amazon Elastic Container Registry (Amazon ECR)リポジトリからアプリケーションのイメージをテストします。パイプラインは、イメージを本番環境のECSクラスターに昇格させます。

この企業は、本番環境クラスターを同じAWSリージョン内の別のAWSアカウントに移動する必要があります。本番環境クラスターは、プライベート接続を介してイメージをダウンロードできる必要があります。

これらの要件を満たすソリューションはどれでしょうか？",FALSE,Amazon ECR VPCエンドポイントとAmazon S3ゲートウェイエンドポイントを使用します。別のAWSアカウントでECRリポジトリを作成します。リポジトリポリシーを設定し、本番環境のECSタスクがメインのAWSアカウントからイメージをプルできるようにします。本番環境のECSタスク実行ロールに、ECRリポジトリからイメージをダウンロードする権限を設定します。,FALSE,メインAWSアカウントの本番環境ECRリポジトリにリポジトリポリシーを設定します。別のAWSアカウントの本番環境ECSタスクがメインアカウントからイメージをプルできるようにリポジトリポリシーを設定します。本番環境ECSタスク実行ロールに、ECRリポジトリからイメージをダウンロードする権限を設定します。,FALSE,メインAWSアカウントでECRプライベートイメージレプリケーションを設定します。クロスアカウントレプリケーションを有効化します。別のAWSアカウントのレプリケーション先アカウントIDを定義します。,FALSE,Amazon ECR VPCエンドポイントとAmazon S3ゲートウェイエンドポイントを使用します。メインAWSアカウントの本番環境ECRリポジトリにリポジトリポリシーを設定します。リポジトリポリシーを設定して、別のAWSアカウントの本番環境ECSタスクがメインアカウントからイメージをプルできるようにします。本番環境ECSタスク実行ロールに、ECRリポジトリからイメージをダウンロードする権限を設定します。,TRUE,,,,,"D が最適です。
プライベート接続要件：本番VPCに ECR インターフェースエンドポイント（com.amazonaws.<region>.ecr.api と ...ecr.dkr） と S3 ゲートウェイエンドポイント を作成すれば、インターネット/NATなしで ECR からイメージ取得可能。
クロスアカウント取得：メインアカウントの ECR リポジトリポリシー で本番アカウントを許可し、かつ本番側の ECS タスク実行ロール に ecr:GetAuthorizationToken など必要権限を付与。
追加のレポジトリ作成やレプリケーションは不要（A/C は冗長、B はプライベート接続の記載不足）。",,,2025-11-21
DOP-C02-Q189,"ある企業は、AWS アカウント内の既存および新規のすべての VPC のフローログが適切に設定されていることを確認する必要があります。VPC の管理には AWS CloudFormation スタックを使用しています。IAM ユーザーが作成するすべての VPC で機能するソリューションが必要です。

これらの要件を満たすソリューションはどれでしょうか？",FALSE,VPC を作成する CloudFormation スタックに AWS::EC2::FlowLog リソースを追加します。,FALSE,AWS Organizations で組織を作成します。会社の AWS アカウントを組織に追加します。ユーザーが VPC フローログを変更できないように、SCP を作成します。,FALSE,AWS Config を有効にします。VPC フローログが有効になっているかどうかを確認する AWS Config ルールを作成します。VPC フローログを有効にするように自動修復を設定します。,TRUE,VPCフローログへのAPI呼び出しの使用を拒否するIAMポリシーを作成します。このIAMポリシーをすべてのIAMユーザーにアタッチします。,FALSE,,,,,"C
理由
AWS Configのマネージドルール（例：VPC_FLOW_LOGS_ENABLED）で既存・新規VPCを継続評価し、自動修復（SSM Automation など）で未設定VPCにフローログを自動有効化すれば、IAMユーザーが作成したVPCも含めて網羅できます。

A: CloudFormation経由のVPCにしか効かず、既存や手動作成分を漏らす。
B: SCPは「禁止/許可」の制御であって、フローログの設定保証にはならない。
D: API拒否は運用を阻害するだけで、フローログの自動有効化ができない。",,,2025-11-21
DOP-C02-Q190,"ある企業のアプリケーションチームは、アプリケーションに AWS CodeCommit リポジトリを使用しています。アプリケーションチームは複数の AWS アカウントにリポジトリを

保有しています。すべてのアカウントは AWS Organizations 内の組織に属しています。各アプリケーションチームは、外部 IdP が設定された AWS IAM Identity Center (AWS Single Sign-On) を使用して、開発者 IAM ロールを引き受けています。開発者ロールにより、アプリケーションチームは Git を使用してリポジトリ内のコードを操作できます。

セキュリティ監査の結果、アプリケーションチームが任意のリポジトリのメインブランチを変更できることが判明しました。DevOps エンジニアは、アプリケーションチームが管理するリポジトリのメインブランチのみを変更できるソリューションを実装する必要があります。

これらの要件を満たす手順の組み合わせはどれですか (3 つ選択してください)。",TRUE,SAMLアサーションを更新して、ユーザーのチーム名を渡します。IAMロールの信頼ポリシーを更新して、チーム名を含む access-team セッションタグを追加します。,TRUE,組織管理アカウント内の各チームに承認ルールテンプレートを作成します。テンプレートをすべてのリポジトリに関連付けます。開発者ロールのARNを承認者として追加します。,FALSE,"各アカウントに承認ルールテンプレートを作成します。テンプレートをすべてのリポジトリに関連付けます。承認ルールテンプレートに「aws:ResourceTag/access-team"": ""$ ;{aws:PrincipalTag/access-team}」条件を追加します",FALSE,CodeCommit リポジトリごとに、関連付けられているチームの名前に値が設定された access-team タグを追加します。,TRUE,"アカウントにSCPを添付します。以下の文言を含めます。
{
  ""Effect"": ""Deny"",
  ""Action"": [
    ""codecommit:GitPush"",
    ""codecommit:PutFile"",
    ""codecommit:Merge*""
  ],
  ""Resource"": ""*"",
  ""Condition"": {
    ""StringEqualsIfExists"": {
      ""codecommit:References"": [""refs/heads/main""]
    },
    ""StringNotEquals"": {
      ""aws:ResourceTag/access-team"": ""${aws:PrincipalTag/access-team}""
    },
    ""Null"": {
      ""codecommit:References"": ""false""
    }
  }
}
",TRUE,"各アカウントにIAM権限境界を作成します。次のステートメントを含めます。
{
  ""Effect"": ""Allow"",
  ""Action"": [
    ""codecommit:GitPush"",
    ""codecommit:PutFile"",
    ""codecommit:Merge*""
  ],
  ""Resource"": ""*"",
  ""Condition"": {
    ""StringEqualsIfExists"": {
      ""codecommit:References"": [""refs/heads/main""]
    },
    ""StringNotEquals"": {
      ""aws:ResourceTag/access-team"": ""${aws:PrincipalTag/access-team}""
    },
    ""Null"": {
      ""codecommit:References"": ""false""
    }
  }
}
",FALSE,"A・D・E が正解です。

A: IdP→IAMロールのフェデレーション時に、チーム名を**セッションタグ（access-team）**として渡す。

D: 各 CodeCommit リポジトリに access-team=<チーム名> のリソースタグを付与。

E: 組織/アカウントに SCP（Deny） を添付し、

codecommit:References = refs/heads/main（= メインブランチ）かつ

aws:ResourceTag/access-team != ${aws:PrincipalTag/access-team}（= 他チームのリポジトリ）
の場合に GitPush/PutFile/Merge* を拒否する。
画像のポリシー（Deny文）がそのイメージです。

これで、自チームの main だけ変更可／他チームの main は拒否を、全アカウントに一貫して強制できます。
（B/C: 承認ルールは PR 承認フロー用で、直接 push/merge の抑止要件に合致しません。F: 権限境界は目的外かつ運用が複雑。）",,,2025-11-21
DOP-C02-Q191,"ある企業がクラウドインフラストラクチャの保護にAWS WAFを使用しています。DevOpsエンジニアは、運用チームがAWS WAFからのログメッセージを分析できるようにする必要があります。運用チームは、ログ出力の特定のパターンに対してアラームを作成できる必要があります。

これらの要件を、運用オーバーヘッドを最小限に抑えながら満たすソリューションはどれでしょうか？",FALSE,Amazon CloudWatch Logs ロググループを作成します。適切な AWS WAF Web ACL を設定し、ログメッセージをロググループに送信します。運用チームに CloudWatch メトリクスフィルターの作成を指示します。,FALSE,Amazon OpenSearch Service クラスターと適切なインデックスを作成します。Amazon Kinesis Data Firehose 配信ストリームを設定して、ログデータをインデックスにストリーミングします。OpenSearch ダッシュボードを使用して、フィルターとウィジェットを作成します。,TRUE,ログ出力用の Amazon S3 バケットを作成します。AWS WAF を設定して、ログ出力を S3 バケットに送信します。運用チームに、必要なログメッセージパターンを検出する AWS Lambda 関数を作成するよう指示します。Lambda 関数を Amazon Simple Notification Service (Amazon SNS) トピックにパブリッシュするように設定します。,FALSE,ログ出力用の Amazon S3 バケットを作成します。AWS WAF を設定して、ログ出力を S3 バケットに送信します。Amazon Athena を使用して、ログメッセージパターンに適合する外部テーブル定義を作成します。運用チームに SQL クエリの作成と、Athena クエリ用の Amazon CloudWatch メトリクスフィルターの作成を指示します。,FALSE,,,,,"B

WAF のログは Kinesis Data Firehose 経由で配信します。
Firehose の出力先を Amazon OpenSearch Service にしてインデックス化すれば、運用は Dashboards で検索・可視化でき、内蔵のアラート機能（Monitor/Detector）で特定パターンに対する通知も簡単に作れます。
A は WAF から CloudWatch Logs へは直接出せず不適、C/D はカスタム実装や運用手間が大きいです。",,,2025-11-21
DOP-C02-Q192,ソフトウェアチームは、AWS CodePipeline を使用して Java アプリケーションのリリースパイプラインを自動化しています。パイプラインは、ソースステージ、ビルドステージ、デプロイステージで構成されています。各ステージには、runOrder 値が 1 である単一のアクションが含まれています。 チームは、既存のリリースパイプラインにユニットテストを統合したいと考えています。チームに必要なのは、すべてのユニットテストに合格したコード変更のみをデプロイするソリューションです。 これらの要件を満たすソリューションはどれでしょうか？,FALSE,ビルドステージを変更します。runOrder値が1のテストアクションを追加します。アクションプロバイダーとしてAWS CodeDeployを使用し、ユニットテストを実行します。,FALSE,ビルドステージを変更します。runOrder 値が 2 のテストアクションを追加します。アクションプロバイダーとして AWS CodeBuild を使用してユニットテストを実行します。,TRUE,デプロイステージを変更します。runOrder値が1のテストアクションを追加します。アクションプロバイダーとしてAWS CodeDeployを使用し、ユニットテストを実行します。,FALSE,デプロイステージを変更します。runOrder 値が 2 のテストアクションを追加します。アクションプロバイダーとして AWS CodeBuild を使用してユニットテストを実行します。,FALSE,,,,,"B

ビルドステージに CodeBuild のテストアクション（runOrder=2） を追加します。
ビルド（runOrder=1）→ ユニットテスト（runOrder=2）→ すべて合格なら次ステージ（デプロイ）へ、失敗ならパイプラインを停止。
デプロイ前にテストを完了させるため、要件を満たします。",,,2025-11-21
DOP-C02-Q193,"ある企業は、AWS Organizations 内の組織を使用して、社内の開発者が使用する複数の AWS アカウントを管理しています。この企業では、転送中のすべてのデータを暗号化することを義務付け

ています。開発者アカウントで作成された複数の Amazon S3 バケットは、暗号化されていない接続を許可しています。DevOps エンジニアは、組織内のアカウントで作成された既存のすべての S3 バケットに対して、転送中のデータの暗号化を強制する必要があります。

これらの要件を満たすソリューションはどれでしょうか？",FALSE,AWS CloudFormation StackSets を使用して、各アカウントに AWS Network Firewall ファイアウォールをデプロイします。AWS 環境からのすべてのアウトバウンドリクエストをファイアウォール経由でルーティングします。ポート 80 のすべてのアウトバウンドリクエストへのアクセスをブロックするポリシーをデプロイします。,FALSE,AWS CloudFormation StackSets を使用して、各アカウントに AWS Network Firewall ファイアウォールをデプロイします。AWS 環境へのすべてのインバウンドリクエストをファイアウォール経由でルーティングします。ポート 80 へのすべてのインバウンドリクエストへのアクセスをブロックするポリシーをデプロイします。,FALSE,組織でAWS Configを有効にします。s3-bucket-ssl-requests-onlyマネージドルールとAWS Systems Manager Automation Runbookを使用するコンフォーマンスパックをデプロイします。aws:SecureTransport条件キーの値がfalseの場合にS3バケットへのアクセスを拒否するバケットポリシーステートメントを追加するRunbookを使用します。,TRUE,組織で AWS Config を有効にします。s3-bucket-ssl-requests-only マネージドルールと AWS Systems Manager Automation ランブックを使用するコンフォーマンスパックをデプロイします。s3:x-amz-server-side-encryption-aws-kms-key-id 条件キーの値が null の場合に S3 バケットへのアクセスを拒否するバケットポリシーステートメントを追加するランブックを使用します。,FALSE,,,,,"C

組織レベルで AWS Config を有効化し、マネージドルール s3-bucket-ssl-requests-only を含むコンフォーマンスパック＋SSM Automationで各バケットに
""aws:SecureTransport"": ""false"" の場合にアクセス拒否するバケットポリシーを自動適用すれば、既存含む全S3で**転送中暗号化(HTTPSのみ許可)**を強制できます。

D はサーバーサイド暗号化（保存時）であり、転送中の要件ではありません。

A/B のNetwork Firewallは過剰で運用負荷が高い上、S3への直アクセス経路を完全には抑えられません。",,,2025-11-21
DOP-C02-Q194,"ある企業がIAMポリシーを見直しています。DevOpsエンジニアが作成したポリシーの1つが、権限が多すぎるというフラグが付けられました。このポリシーは、週末にEnvironment: NonProductionタグが付けられたAmazon EC2インスタンスに停止コマンドを発行するAWS Lambda関数で使用されています。現在のポリシーは次のとおりです。 最小限の権限のポリ​​シーを実現するために、エンジニアはどのような変更を加えるべきでしょうか（3つ選択してください）。
{
    ""Version"": ""2012-10-17"",
    ""Statement"": [
        {
            ""Effect"": ""Allow"",
            ""Action"": ""ec2:*"",
            ""Resource"": ""*""
        }
    ]
}",TRUE,"次の条件式を追加します。
""Condition"": {
    ""StringEquals"": {
        ""aws:principaltype"": ""lambda.amazonaws.com""
    }
}",FALSE,「Resource」を「*」から「Resource」を「arn:aws:ec2:*:*:instance/*」に変更します。,TRUE,"次の条件式を追加します。
""Condition"": {
    ""StringNotEquals"": {
        ""ec2:ResourceTag/Environment"": ""Production""
    }
}",FALSE,"次の条件式を追加します。
""Condition"": {
    ""StringEquals"": {
        ""ec2:ResourceTag/Environment"": ""NonProduction""
    }
}",TRUE,「Action」を「ec2:*」から「Action」を「ec2:StopInstances」に変更します。,FALSE,"次の条件式を追加します。
""Condition"": {
    ""DateGreaterThan"": {
        ""aws:CurrentTime"": ""${aws:DateTime:Friday}""
    },
    ""DateLessThan"": {
        ""aws:CurrentTime"": ""${aws:DateTime:Monday}""
    }
}",TRUE,"正解: B、D、F

💡 理由
このLambda関数は「週末に Environment: NonProduction タグ付き EC2 インスタンスを停止」するだけなので、最小権限の原則に基づき、次の3つを追加／修正するのが最適です。

B. Resource を絞る
""Resource"": ""arn:aws:ec2:*:*:instance/*""

→ EC2 インスタンスのみを対象に限定（他のEC2リソース操作を防止）。

D. 環境タグで制限
""Condition"": {
  ""StringEquals"": {
    ""ec2:ResourceTag/Environment"": ""NonProduction""
  }
}

→ Environment=NonProduction タグのあるインスタンスだけを操作対象に限定。

F. 実行タイミングを週末に限定
""Condition"": {
  ""DateGreaterThan"": { ""aws:CurrentTime"": ""${aws:DateTime:Friday}"" },
  ""DateLessThan"": { ""aws:CurrentTime"": ""${aws:DateTime:Monday}"" }
}

→ 金曜以降〜月曜未満（＝週末）のみに操作を許可。

🚫 不正解の選択肢
ALambdaサービスプリンシパル制限 (aws:PrincipalType) はこの用途では不要。CProductionタグを「拒否」で制御するより、DのようにNonProduction限定がシンプル。Eec2:StopInstances への絞り込みも正しい方向だが、問題文の要件で「3つ選択」とあるため、より強い条件制御（B, D, F）が優先。

✅ まとめ
修正点内容B対象リソースを EC2 インスタンスに限定DNonProduction タグ付きリソースのみに許可F週末のみ実行を許可",,,2025-11-21
DOP-C02-Q195,"ある企業がログイベントを生成するアプリケーションを開発しています。ログイベントは10分の1秒ごとに5つの異なるメトリクスで構成され、大量のデータを生成します。

この企業は、ログをAmazon Timestreamに書き込むようにアプリケーションを設定する必要があります。Timestreamテーブルに対して毎日クエリを実行するように設定する場合、

これらの要件を満たし、最速のクエリパフォーマンスを実現するには、どの手順の組み合わせが適切でしょうか（3つ選択してください）。",TRUE,バッチ書き込みを使用して、1 回の書き込み操作で複数のログ イベントを書き込みます。,TRUE,各ログ イベントを 1 回の書き込み操作として書き込みます。,FALSE,各ログを単一測定レコードとして扱います。,FALSE,各ログを複数小節のレコードとして扱います。,TRUE,メモリストアの保持期間を磁気ストアの保持期間よりも長く設定します。,FALSE,メモリストアの保持期間を磁気ストアの保持期間よりも短く設定します。,TRUE,"A・D・F が適切です。

A. バッチ書き込み：WriteRecords をまとめて送るとスループット効率が上がり、クエリ前段の取り込み負荷も軽減。
D. 複数小節（マルチメジャー）レコード：同一タイムスタンプに5指標を1レコードで格納すると行数が減り、スキャン量が小さくなってクエリが速い。
F. メモリ保持 < 磁気保持：最新データはメモリストア（高速）に、古い分は磁気ストア（低コスト）へ。日次クエリならメモリ保持期間を少なくとも1日に設定しつつ、磁気はそれより長く。

× B 各イベントを個別書き込みは非効率。
× C 単一測定に分けると行が増えてスキャン量が増大。
× E メモリ保持を磁気より長くはできず、設計的にも不適切。",,,2025-11-21
DOP-C02-Q196,"DevOpsエンジニアが、Amazon EC2インスタンスにアプリケーションをデプロイするAWS CloudFormationテンプレートを作成しました。EC2インスタンスはAmazon Linuxで実行されています。アプリケーションは、ユーザーデータを含むシェルスクリプトを使用してEC2インスタンスにデプロイされます。EC2インスタンスには、AmazonSSMManagedinstanceCore管理ポリシーがアタッチされたIAMロールを持つIAMインスタンスプロファイルがあります。DevOps

エンジニアは、CloudFormationテンプレートのユーザーデータを変更し、アプリケーションの新しいバージョンをインストールしました。エンジニアはスタックの更新も適用しましたが、実行中のEC2インスタンスでアプリケーションが更新されませんでした。エンジニアは、アプリケーションへの変更が実行中のEC2インスタンスにインストールされていることを確認する必要があります。

これらの要件を満たす手順の組み合わせはどれですか？（2つ選択してください。）",TRUE,ユーザーデータコンテンツをMultipurpose Internet Mail Extensions（MIME）マルチパート形式を使用するように設定します。text/cloud-configセクションでscripts-userパラメータをalwaysに設定します。,FALSE,ユーザーデータコマンドをリファクタリングし、cfn-initヘルパースクリプトを使用します。ユーザーデータを更新し、cfn-hupおよびcfn-initヘルパースクリプトをインストールして構成し、メタデータの変更を監視および適用します。,TRUE,EC2インスタンス用のEC2起動テンプレートを設定します。新しいEC2 Auto Scalingグループを作成します。Auto ScalingグループをEC2起動テンプレートに関連付けます。Auto Scalingグループには、AutoScalingScheduledAction更新ポリシーを使用します。,FALSE,ユーザーデータコマンドをリファクタリングし、AWS Systems Managerドキュメント（SSMドキュメント）を使用します。ユーザーデータにAWS CLIコマンドを追加し、Systems Manager Run Commandを使用してSSMドキュメントをEC2インスタンスに適用します。,FALSE,ユーザーデータコマンドをAWS Systems Managerドキュメント（SSMドキュメント）を使用するようにリファクタリングします。Systems Manager State Managerを使用して、SSMドキュメントとEC2インスタンス間の関連付けを作成します。,TRUE,,,"B と E が最適です。

B. cfn-init / cfn-hup を使う
CloudFormationのメタデータにアプリの設定・インストール手順を記述し、cfn-initで適用。cfn-hupでテンプレート更新を監視して自動再適用すれば、既存インスタンスにも変更が反映されます（UserDataは初回のみ実行という制約を回避）。

E. SSM State Manager を使う
既にインスタンスには AmazonSSMManagedInstanceCore が付与済み。SSMドキュメントにインストール/更新手順を定義し、State Manager の関連付けで定期適用（またはイベント適用）すれば、稼働中インスタンスを継続的に更新できます。

不適:
A: scripts-user を always にしても既存インスタンスへ反映が難しく、運用が不安定。
C: ASGで置換は可能だが要件は「実行中インスタンスを更新」。
D: UserData経由でRun Commandを呼ぶ前提だと、UserDataが再実行されず更新できない。",,,2025-11-21
DOP-C02-Q197,"ある企業がAWSを利用するためにアプリケーションをリファクタリングしています。この企業は、特定のAWSアカウントでAmazon S3 API呼び出しを行う必要がある社内ウェブアプリケーションを特定しました。

認証には既存のIDプロバイダー（IdP）auth.company.comを使用したいと考えています。このIdPはOpenID Connect（OIDC）のみをサポートしています。DevOpsエンジニアは、ウェブアプリケーションからAWSアカウントへのアクセスを保護する必要があります。

これらの要件を満たす手順の組み合わせはどれですか（3つ選択してください）。",TRUE,AWS IAM Identity Center（AW​​S Single Sign-On）を設定します。IdPを設定します。既存のIdPからIdPメタデータをアップロードします。,FALSE,既存の IP のプロバイダー URL、オーディエンス、署名を使用して IAM IdP を作成します。,TRUE,必要なS3アクションを許可するポリシーを持つIAMロールを作成します。sts.amazon.com:audコンテキストキーがappid_from_idpの場合、OIDC IPアドレスがロールを引き継ぐことを許可するように、ロールの信頼ポリシーを設定します。,FALSE,必要なS3アクションを許可するポリシーを持つIAMロールを作成します。auth.company.com:audコンテキストキーがappid_from_idpの場合、OIDC IPアドレスがロールを引き継ぐように、ロールの信頼ポリシーを設定します。,TRUE,AssumeRoleWithWebIdentity APIオペレーションを使用して一時的な認証情報を取得するようにWebアプリケーションを設定します。取得した一時的な認証情報を使用してS3 API呼び出しを行います。,TRUE,GetFederationToken APIオペレーションを使用して一時的な認証情報を取得するようにWebアプリケーションを設定します。取得した一時的な認証情報を使用してS3 API呼び出しを行います。,FALSE,"B・D・E が正解です。

B: IAM で OIDC IdP を作成（provider URL, audience（クライアントID）, 証明書サイン）。

D: 必要な S3 権限を付与した IAMロール を作成し、信頼ポリシーで Principal に OIDC プロバイダーを指定、""auth.company.com:aud"": ""appid_from_idp""（必要なら sub なども）条件で制限。

E: Webアプリは AssumeRoleWithWebIdentity で OIDC トークンを STS に交換し、一時認証情報で S3 API を実行。

A は IAM Identity Center が不要、C は sts.amazon.com:aud は誤り、F は OIDC 連携ではなく IAM ユーザー前提の API。",,,2025-11-21
DOP-C02-Q198,"ある企業は、AWS アカウント内のすべてのデータベースに Amazon RDS を使用しています。監査およびログ記録用のアカウントを備えたランディングゾーンを構築するために、AWS Control Tower を使用しています。コンプライアンス上の理由から、すべてのデータベースは保存時に暗号化する必要があります。また、セキュリティエンジニアは、アカウント内のコンプライアンス違反のデータベースに関する通知を受け取る必要があります。

これらの要件を最も効率的に満たすソリューションはどれでしょうか？",FALSE,AWS Control Tower を使用してオプションの検出制御（ガードレール）を有効化し、RDS ストレージが暗号化されているかどうかを判断します。会社の監査アカウントに Amazon Simple Notification Service (Amazon SNS) トピックを作成します。Amazon EventBridge ルールを作成し、AWS Control Tower 制御（ガードレール）から非準拠イベントをフィルタリングして SNS トピックに通知します。セキュリティエンジニアのメールアドレスを SNS トピックに登録します。,TRUE,AWS CloudFormation StackSets を使用して、AWS Lambda 関数をすべてのアカウントにデプロイします。Lambda 関数のコードを記述し、関数がデプロイされているアカウントの RDS ストレージが暗号化されているかどうかを判断します。結果を Amazon CloudWatch メトリクスとして管理アカウントに送信します。Amazon Simple Notification Service (Amazon SNS) トピックを作成します。メトリクスのしきい値に達したときに SNS トピックに通知する CloudWatch アラームを作成します。セキュリティエンジニアのメールアドレスを SNS トピックに登録します。,FALSE,各アカウントにカスタム AWS Config ルールを作成し、RDS ストレージが暗号化されているかどうかを判断します。監査アカウントに Amazon Simple Notification Service (Amazon SNS) トピックを作成します。Amazon EventBidge ルールを作成し、AWS Control Tower コントロール (ガードレール) からの非準拠イベントをフィルタリングして SNS トピックに通知します。セキュリティエンジニアのメールアドレスを SNS トピックに登録します。,FALSE,Amazon C2インスタンスを起動します。AWS CLIを使用して1時間ごとにcronジョブを実行し、各AWSアカウントのRDSストレージが暗号化されているかどうかを判断します。結果をRDSデータベースに保存します。コンプライアンス違反が検出された場合は、EC2インスタンスからメールでセキュリティエンジニアに通知します。,FALSE,,,,,"A が最も効率的です。
Control Tower の検出ガードレールで「RDS は保存時暗号化」を強制・検知（実体はAWS Configのマネージドルール）。
EventBridgeでガードレールの非準拠イベントをフィルタし、監査アカウントの SNS に通知 → セキュリティ担当へメール配信。

追加コード不要・組織全体に一括適用可。

B/D は自作実装で運用過多、C は各アカウントにカスタムConfigルール配布が非効率＆Control Towerの利点を活かせません。",,,2025-11-21
DOP-C02-Q199,"ある企業がオンプレミスのデータセンターからAWSへの移行を進めています。現在、同社はソフトウェアの構築とパッケージ化に、オンプレミスのカスタムCI/CDパイプラインソリューションを使用しています。同社は、

アプリケーション固有のパイプラインを容易に作成できるよう、ソフトウェアパッケージとそれに依存するパブリックリポジトリをAWS CodeArtifactで利用できるようにしたいと考えています。運用オーバーヘッド

を最小限に抑えながらCI/CDパイプラインソリューションを更新し、CodeArtifactを構成するには、どのような手順の組み合わせを実行すべきでしょうか？（2つ選択してください。）",TRUE,CI/CD パイプラインを更新して、新しくパッケージ化されたソフトウェアを含む VM イメージを作成します。AWS Import/Export を使用して、VM イメージを Amazon EC2 AMI として利用できるようにします。CodeArtifact アクションを許可する IAM インスタンスプロファイルをアタッチして AMI を起動します。AWS CLI コマンドを使用して、パッケージを CodeArtifact リポジトリに公開します。,FALSE,AWS Identity and Access Management Roles Anywhere のトラストアンカーを作成します。CodeArtifact のアクションを許可し、トラストアンカーとの信頼関係を持つ IAM ロールを作成します。オンプレミスの CI/CD パイプラインを更新して、新しい IAM ロールを引き継ぎ、CodeArtifact にパッケージを公開します。,TRUE,新しい Amazon S3 バケットを作成します。PutObject リクエストを許可する署名済み URL を生成します。オンプレミスの CI/CD パイプラインを更新し、この署名済み URL を使用してオンプレミスのロケーションから S3 バケットにパッケージを公開します。put コマンドによってバケットにパッケージが作成されたときに実行される AWS Lambda 関数を作成します。この Lambda 関数を設定して、パッケージを CodeArtifact に公開します。,FALSE,各パブリックリポジトリに対して、外部接続が設定されたCodeArutactリポジトリを作成します。依存リポジトリをアップストリームパブリックリポジトリとして設定します。,TRUE,パブリックリポジトリへの外部接続が設定されたCodeartitactリポジトリを作成します。外部接続はリポジトリの下流になるように設定します。,FALSE,,,"B と D が最適です。

B. IAM Roles Anywhere
オンプレのCI/CDからAWS長期キーを置かずに安全にAWSロールを引き受け、CodeArtifact への Publish/Read を実行できます。運用オーバーヘッドが小さく、監査もしやすい。

D. CodeArtifact リポジトリ＋外部接続（アップストリーム）
依存する 公開リポジトリ（npmjs、PyPI、Maven Central 等） に外部接続を設定した CodeArtifact リポジトリを用意し、必要に応じてそれらをアップストリームとして構成します。これで社内パッケージと公開依存を同一リポジトリ経路で解決可能。

誤りの例

E: 「外部接続を下流に」は概念誤り（外部接続は上流ソースです）。

A/C: S3経由やAMI経由の回り道は運用が重く、要件に対して非効率。",,,2025-11-21
DOP-C02-Q200,"DevOpsチームは、AWS CodePipeline、AWS CodeBuild、AWS CodeDeployを使用してアプリケーションをデプロイしています。このアプリケーションは、AWS Lambda関数とAmazon API Gatewayを使用するREST APIです。最近のデプロイでエラーが発生し、多くの顧客に影響を与えています。DevOps

チームは、エラーが検出されたときにアプリケーションの最新の安定バージョンに戻すソリューションを必要としています。このソリューションは、影響を受ける顧客を最小限に抑える必要があります。

これらの要件を最も効率的に満たすソリューションはどれでしょうか？",FALSE,CodeDeploy のデプロイ設定を LambdaAllAtOnce に設定します。デプロイグループに自動ロールバックを設定します。API Gateway で HTTP Bad Gateway エラーを検出する Amazon CloudWatch アラームを作成します。アラーム数がアラームしきい値に達した場合にデプロイグループがロールバックするように設定します。,FALSE,CodeDeploy のデプロイ設定を LambdaCanary10Percent10Minutes に設定します。デプロイグループに自動ロールバックを設定します。API Gateway で HTTP Bad Gateway エラーを検出する Amazon CloudWatch アラームを作成します。アラーム数がアラームしきい値に達した場合にデプロイグループがロールバックするように設定します。,TRUE,CodeDeploy のデプロイ設定を LambdaAllAtOnce に設定します。デプロイグループに手動ロールバックを設定します。デプロイが失敗するたびに通知を送信する Amazon Simple Notification Service (Amazon SNS) トピックを作成します。SNS トピックで、現在のデプロイを停止し、最後に成功したデプロイを開始する新しい Lambda 関数を呼び出すように設定します。,FALSE,CodeDeploy のデプロイ設定を LambdaCanary10Percent10Minutes に設定します。デプロイグループに手動ロールバックを設定します。API Gateway の Amazon CloudWatch ロググループにメトリクスフィルターを作成し、HTTP Bad Gateway エラーを監視します。メトリクスフィルターを設定して、現在のデプロイを停止し、最後に成功したデプロイを開始する新しい Lambda 関数を呼び出します。,FALSE,,,,,"B ✅

Canary (10% → 10分観察) で段階リリースし、問題発生時の影響を最小化。

CodeDeploy の自動ロールバック＋**CloudWatch アラーム（API Gatewayの5xx/Bad Gateway）**で失敗検知時に直ちに安定版へ戻す。

A（AllAtOnce）は影響が大きい。C/Dは手動/自前連携で運用負荷が高い。",,,2025-11-21
DOP-C02-Q201,"ある企業が最近、AWS に Web アプリケーションをデプロイしました。同社は大規模な販売イベントの準備を進めており、需要に合わせて Web アプリケーションを拡張できるようにする必要があります。

アプリケーションのフロントエンドインフラストラクチャには、Amazon S3 バケットをオリジンとする Amazon CloudFront ディストリビューションが含まれています。バックエンドインフラストラクチャには、Amazon API Gateway API、複数の AWS Lambda 関数、および Amazon Aurora DB クラスターが含まれています。

同社の DevOps エンジニアが負荷テストを実施し、Lambda 関数がピーク時のリクエスト数に対応できることを確認しました。しかし、DevOps エンジニアは、リクエストが最初に集中したときにリクエストのレイテンシーが発生することに気付きました。Lambda 関数へのリクエストのほとんどは、データベースへのクエリを生成します。呼び出し時間の大部分は、データベース接続を確立するために使用されます。

どのステップの組み合わせが、アプリケーションに必要なスケーラビリティを提供しますか？ (3 つ選択してください。)",TRUE,Lambda 関数の予約同時実行性を高く設定します。,TRUE,Lambda 関数に対して、より高いプロビジョニングされた同時実行性を設定します。,TRUE,DBクラスターをAuroraグローバルデータベースに変換します。会社の顧客の所在地に基づいて、AWSリージョンにAuroraレプリカを追加します。,FALSE,Lambda関数をリファクタリングします。データベース接続を初期化するコードブロックを関数ハンドラーに移動します。,FALSE,Amazon RDS Proxy を使用して Aurora データベースのプロキシを作成します。Lambda 関数を更新し、データベース接続にプロキシエンドポイントを使用するようにします。,TRUE,,,"答え：A・B・E
それぞれ、どうスケーラビリティとレイテンシ改善に効くか整理します。

A. Lambda 関数の予約同時実行性を高く設定
予約同時実行 (Reserved Concurrency) を設定すると、その Lambda 関数が
その数までは確実にスケールできる「枠」を確保できます。
同じアカウント内の他の Lambda によって同時実行上限が使い切られてしまい、
このアプリケーションの Lambda がスケールできない、といった事態を防げます。
→ 販売イベントなどのピークトラフィック時にも、十分な同時実行数でスケール可能になります。

B. Lambda 関数に対して、より高いプロビジョンド同時実行性を設定
プロビジョンド同時実行 (Provisioned Concurrency) は、あらかじめ
一定数の Lambda 実行環境を「ウォーム状態」で用意しておく機能です。
負荷がドッと来た瞬間でも、すでに起動済みの環境があるので
コールドスタートによるレイテンシ増加を大きく抑えられます。
→ 「リクエストが最初に集中したときのレイテンシ」を減らす、まさにどんぴしゃの対策です。

E. Amazon RDS Proxy を使用し、Lambda からは Proxy エンドポイントに接続
問題文にある通り、「呼び出し時間の大部分は DB 接続の確立」にかかっています。
RDS Proxy を使うと：
データベース接続を プール して再利用
Lambda の急激なスケールアウト時でも、
Aurora DB に対する接続数のスパイクを吸収
Lambda 側からは短時間で接続でき、
接続確立にかかる時間が大幅に短縮される
→ Lambda のスケールアウトと Aurora の接続数をうまく仲介して、
スケーラビリティとレイテンシ両方を改善できます。

なぜ C / D は微妙か
C. Aurora グローバルデータベース
これはマルチリージョンでの読み取り分散・DR 向けの仕組み。
今回のボトルネックは「接続確立時間」であり、
グローバル DB にしても接続時間の問題はほとんど解決しません。

D. DB 接続初期化を関数ハンドラー内に移動
ベストプラクティスは 「ハンドラーの外側」で接続を初期化して再利用 することです。
ハンドラー内に移動すると、呼び出しごとに毎回接続を張り直すことになり、
逆にレイテンシが増えます。

以上から、
アプリケーションに必要なスケーラビリティとレイテンシ改善を実現する組み合わせは

A（予約同時実行）・B（プロビジョンド同時実行）・E（RDS Proxy）
となります。",,,2025-11-21
DOP-C02-Q202,"ある会社では、複数のアベイラビリティゾーンにまたがるウェブアプリケーションを運営しています。ルーティングには Application Load Balancer (ALB)、アプリケーションには AWS Fargate、アプリケーションデータには Amazon Aurora を使用しています。アプリケーションのデプロイには AWS CloudFormation テンプレートを使用しています。また、すべての Docker イメージを、同じ AWS アカウントと AWS リージョンにある Amazon Elastic Container Registry (Amazon ECR) リポジトリに保存しています。DevOps

エンジニアは、別のリージョンに災害対策 (DR) プロセスを確立する必要があります。このソリューションは、8 時間の RPO と 2 時間の RTO を満たす必要があります。Dockerfile から Docker イメージを構築するのに 2 時間以上かかることもあります。RTO

と RPO の要件を最もコスト効率よく満たすソリューションはどれでしょうか。",FALSE,CloudFormation テンプレートと Dockerfile を DR リージョンの Amazon S3 バケットにコピーします。AWS Backup を使用して、Aurora のクロスリージョンの 1 時間ごとの自動スナップショットを設定します。DR の場合は、最新の Docker イメージをビルドし、DR リージョンの ECR リポジトリにアップロードします。最新の Aurora スナップショットを含む CloudFormation テンプレートと ECR リポジトリの Docker イメージを使用して、DR リージョンで新しい CloudFormation スタックを起動します。アプリケーションの DNS レコードを更新し、新しい ALB を参照するようにします。,FALSE,CloudFormation テンプレートを DR リージョンの Amazon S3 バケットにコピーします。Aurora 自動バックアップのクロスリージョンレプリケーションを設定します。ECR クロスリージョンレプリケーションを設定します。DR の場合は、最新の Aurora スナップショットを含む CloudFormation テンプレートと、ローカル ECR リポジトリの Docker イメージを使用して、DR リージョンで新しい CloudFormation スタックを起動します。アプリケーションの DNS レコードを更新し、新しい ALB を参照するようにします。,TRUE,CloudFormation テンプレートを DR リージョンの Amazon S3 バケットにコピーします。Amazon EventBridge を使用して AWS Lambda 関数をスケジュールし、Aurora データベースと ECR リポジトリ内の最新の Docker イメージのスナップショットを 1 時間ごとに取得します。スナップショットと Docker イメージを DR リージョンにコピーします。DR の場合は、最新の Aurora スナップショットを含む CloudFormation テンプレートと、ローカル ECR リポジトリの Docker イメージを使用して、DR リージョンで新しい CloudFormation スタックを起動します。,FALSE,CloudFormation テンプレートを DR リージョンの Amazon S3 バケットにコピーします。DR リージョンに 2 つ目のアプリケーション CloudFormation スタックをデプロイします。Aurora をグローバルデータベースとして再構成します。現在のリージョンで新しいアプリケーションリリースが必要になったら、両方の CloudFormation スタックを更新します。DR の場合は、アプリケーションの DNS レコードを更新して新しい ALB を参照するようにします。,FALSE,,,,,"B が最もコスト効率よく RPO=8時間／RTO=2時間を満たします。
ECR クロスリージョンレプリケーションでイメージを事前同期 ⇒ 災害時に再ビルド不要（>2時間かかる問題を回避）
Aurora 自動バックアップのクロスリージョンレプリケーションで最新スナップショットをDR側に用意 ⇒ RPO≤8hを満たせる
フェイルオーバ時は、DRリージョンの既存ECRイメージ＋最新スナップショットでCFスタックを起動し、DNSをDRのALBへ切替 ⇒ RTO≤2hが現実的
A: DR時にイメージをビルドするためRTO>2hの恐れ。
C: 自作コピー運用は手間が増え、マネージドのレプリケーションより非効率。
D: 常時二重スタック＋Aurora Globalで高コスト（要件より過剰）。",,,2025-11-21
DOP-C02-Q203,"ある会社のアプリケーションはAmazon EC2インスタンス上で実行されています。アプリケーションは、ログイン時のユーザー名、日時、送信元IPアドレスを記録するログファイルに書き込みます。ログはAmazon CloudWatch Logsのロググループに公開されます。

この会社は、前日に発生したイベントの根本原因分析を行っています。会社は、過去7日間における特定のユーザーのログイン回数を把握する必要があります。

この情報を提供するソリューションはどれでしょうか？",FALSE,ロググループにCloudWatch Logsメトリクスフィルターを作成します。ユーザー名に一致するフィルターパターンを使用します。過去7日間のログイン回数を合計するCloudWatchメトリクスを公開します。,FALSE,ロググループにCloudWatch Logsサブスクリプションを作成します。ユーザー名に一致するフィルターパターンを使用します。過去7日間のログイン回数を合計したCloudWatchメトリクスを公開します。,FALSE,集計関数を使用して、過去7日間のユーザー名のログイン回数をカウントするCloudWatch Logs Insightsクエリを作成します。このクエリをロググループに対して実行します。,TRUE,CloudWatch ダッシュボードを作成します。ロググループから過去 7 日間のユーザー名のログイン回数を直接カウントするフィルターパターンを持つ数値ウィジェットを追加します。,FALSE,,,,,"正解：C ✅
理由：
CloudWatch Logs Insights を使えば、既に保存されているログに対して 過去7日間のデータをクエリで集計できます。
「特定ユーザーのログイン回数を調べる」という 過去データ分析に最も適した方法です。
例：CloudWatch Logs Insights クエリ
fields @timestamp, @message
| filter username = ""target_user""
| stats count(*) as login_count by username
| sort login_count desc

他の選択肢が不適な理由
Aメトリクスフィルターは設定後のログにしか適用できない。→ 過去7日分「すでにあるログ」を遡れない。Bサブスクリプションも同様に新規ログのみ対象。過去ログには使えない。Dダッシュボードでは過去データをそのまま集計できない。CloudWatch Logs Insightsのようなログクエリ機能はなし。

📌 結論：
すでに保存されているログデータを対象に、過去7日分を集計する必要がある → Logs Insights 一択",,,2025-11-21
DOP-C02-Q204,"ある企業にAWS CodeDeployアプリケーションがあります。このアプリケーションには、単一のタググループを使用してApplicationAのデプロイメント用のインスタンスを識別するデプロイメントグループがあります。この単一のタググループ設定は、ApplicationAのデプロイメント

用に、Environment=ProductionおよびName=ApplicationAのタグを持つインスタンスを識別します。この企業は、Department=Marketing、Environment=Production、およびName=ApplicationBのタグを持つ追加のAmazon EC2インスタンスを起動します。次回のCodeDeployによるApplicationのデプロイメントでは、追加インスタンスにApplicationAがインストールされます。DevOpsエンジニアは、追加インスタンスにApplicationAがインストールされないように、既存のデプロイメントグループを設定する必要があります。

これらの要件を満たすソリューションはどれでしょうか？",FALSE,現在の単一タググループを、Environment=Productionタグのみを含むように変更します。Name=ApplicationAタグのみを含む別の単一タググループを追加します。,TRUE,現在の単一タグ グループを変更して、Department=Marketing、Environment=production、および Name=ApplicationA タグを含めます。,FALSE,Department=Marketingタグのみを含む別の単一タググループを追加します。Environment=ProductionタグとName=ApplicationAタグは、現在の単一タググループのままにしておきます。,FALSE,現在の単一タググループを、Environment=Productionタグのみを含むように変更します。Department=Marketingタグのみを含む別の単一タググループを追加します。,FALSE,,,,,"正解：A ✅

💡 理由
CodeDeploy の デプロイメントグループ では、
単一タググループ（AND条件） と 複数タググループ（OR条件） の動作が異なります。

単一タググループ内のタグは AND 条件
→ 同一インスタンスが すべてのタグ を持っている必要があります。

複数タググループは OR 条件
→ どれか1グループに一致すれば対象。

✅ 現状の問題
現在の設定：
Environment = Production
AND
Name = ApplicationA

これだと、Environment=Production を共有する他のインスタンス（ApplicationBなど）も対象になる場合があります。

✅ 解決策（A）
単一タググループを分けて、
グループ1：Environment = Production
グループ2：Name = ApplicationA
この場合、「両方のタグを持つインスタンス」のみが対象になります。
（CodeDeployはAND条件で両方を満たすインスタンスをデプロイ対象にします。）

❌ 他の選択肢
BDepartment=Marketing を追加すると ApplicationB まで対象になる。CDepartment=Marketing グループ追加は無関係。既存のフィルター問題を解決しない。DEnvironment=Production のみのグループを作ると対象が広がる（逆効果）。

✅ 結論：
A が正解。
「Environment=Production」タグと「Name=ApplicationA」タグを別グループとして定義し、
両方を持つインスタンスだけがデプロイ対象になるように設定。",,,2025-11-21
DOP-C02-Q205,"ある企業が、Amazon S3バケットに生データを保存するアプリケーションを立ち上げようとしています。レポートを生成するために、3つのアプリケーションからデータにアクセスする必要があります。アプリケーションがデータにアクセスするには、まずアプリケーションごとに異なる方法でデータを編集する必要があります。

これらの要件を満たすソリューションはどれでしょうか？",FALSE,アプリケーションごとにS3バケットを作成します。生データのS3バケットから各アプリケーションのS3バケットへのS3同一リージョンレプリケーション（SRR）を設定します。各アプリケーションが独自のS3バケットからデータを使用するように設定します。,FALSE,Amazon Kinesis データストリームを作成します。生データの S3 バケット内のオブジェクト作成イベントによって呼び出される AWS Lambda 関数を作成します。各アプリケーションのデータを編集するように Lambda 関数をプログラムします。Kinesis データストリームにデータを公開します。各アプリケーションが Kinesis データストリームからデータを消費するように設定します。,FALSE,各アプリケーションごとに、生データのS3バケットを宛先とするS3アクセスポイントを作成します。生データのS3バケット内のオブジェクト作成イベントによって呼び出されるAWS Lambda関数を作成します。各アプリケーションのデータを編集するようにLambda関数をプログラムします。データは各アプリケーションのS3アクセスポイントに保存します。各アプリケーションが独自のS3アクセスポイントからデータを使用するように設定します。,FALSE,生データのS3バケットを宛先とするS3アクセスポイントを作成します。各アプリケーションごとに、そのS3アクセスポイントを使用するS3 Object Lambdaアクセスポイントを作成します。各S3 Object LambdaアクセスポイントのAWS Lambda関数を設定し、オブジェクトが取得された際にデータを編集します。各アプリケーションが、それぞれのS3 Object Lambdaアクセスポイントからデータを使用するように設定します。,TRUE,,,,,"D ✅

各アプリごとに S3 Object Lambda アクセスポイントを作り、取得時に紐づく Lambda で生データをアプリ固有の形に「オンザフライ変換」。
これなら生データは1つだけを保持しつつ、アプリごとに異なる編集を適用できます（重複保存やレプリケーション不要）。",,,2025-11-21
DOP-C02-Q206,"ある企業は、AWS Control Tower と AWS CloudFormation を使用して AWS アカウントを管理し、AWS リソースを作成しています。この企業では、CloudFormation スタックに Amazon S3 バケットを作成する際に、すべての Amazon S3 バケットを AWS Key Management Service (AWS KMS) で暗号化することを義務付けています。

この要件を満たすソリューションはどれですか？",FALSE,AWS Organizations を使用します。リクエストに AWS KMS キー (SSE-KMS) によるサーバー側暗号化を要求する x-amz-server-side-encryption ヘッダーが含まれていない場合、s3:PutObject 権限を拒否する SCP をアタッチします。,FALSE,マルチアカウント環境でAWS Control Towerを使用します。CloudFormationフックを使用して、すべてのOUでプロアクティブなAWS Control Tower制御を設定し、有効化します。,TRUE,マルチアカウント環境でAWS Control Towerを使用します。CloudFormationフックを使用して、すべてのOUでAWS Control Towerの検出制御を設定し、有効化します。,FALSE,AWS Organizations を使用する。AWS Config 組織ルールを作成し、すべての S3 バケットで KMS 暗号化キーが有効になっているかどうかを確認します。ルールを展開します。すべての AWS アカウントでユーザーが AWS Config を停止したり削除したりできないように、SCP を作成して適用します。,FALSE,,,,,"正解：B ✅

💡 理由
AWS Control Tower + CloudFormation フック を使うと、
CloudFormation でリソース作成時に 事前チェック（プロアクティブ制御） を行えます。
「S3 バケットが KMS 暗号化されていない場合はスタック作成を拒否」するような
プロアクティブコントロールを有効化すれば、
作成時点でポリシー違反を防止できます（修正不要・最も効率的）。

❌ 他の選択肢が不適な理由
A        SCP は API レベル制御で、CloudFormation 経由の S3 作成時に細かくヘッダー条件を付けるのは非現実的。
C        検出制御（ディテクティブ）は作成後に違反を検知するだけで、防止（ブロック）できない。
D        AWS Config は監査・検出用。違反を防げず、修復は別途Automationが必要。

✅ まとめ
目的        最適解
S3 バケット作成時に必ず KMS 暗号化を enforce        B. CloudFormation フック + Control Tower プロアクティブ制御",,,2025-11-21
DOP-C02-Q207,"DevOpsエンジニアがAWS Lambda関数を開発しました。このLambda関数は、特定のCloudFormationスタックでサポートされているすべてのリソースに対して、AWS CloudFormationドリフト検出オペレーションを開始します。その後、Lambda関数は呼び出しを終了します。DevOps

エンジニアは、このLambda関数を1時間ごとに呼び出すAmazon EventBridgeのスケジュールルールを作成しました。Amazon Simple Notification Service（Amazon SNS）トピックはAWSアカウントに既に存在します。DevOpsエンジニアは、通知を受信するためにSNSトピックをサブスクライブしています。DevOps

エンジニアは、この特定のスタック構成でドリフトが検出された場合、できるだけ早く通知を受け取る必要があります。

これらの要件を満たすソリューションはどれでしょうか？",FALSE,既存のEventBridgeルールをSNSトピックもターゲットとするように設定します。CloudFormationスタックに一致するSNSサブスクリプションフィルタポリシーを設定します。そのサブスクリプションフィルタポリシーをSNSトピックにアタッチします。,FALSE,スタックのドリフト検出結果を CloudFormation API にクエリする 2 つ目の Lambda 関数を作成します。ドリフトが検出された場合、SNS トピックにメッセージをパブリッシュするように 2 つ目の Lambda 関数を設定します。既存の EventBridge ルールを調整して、2 つ目の Lambda 関数も対象とするようにします。,FALSE,アカウントで Amazon GuardDuty を設定し、すべての CloudFormation スタックのドリフト検出を有効にします。特定の CloudFormation スタックの GuardDuty ドリフト検出イベントの検出結果に反応する 2 つ目の EventBridge ルールを作成します。SNS トピックを 2 つ目の EventBridge ルールのターゲットとして設定します。,FALSE,アカウントでAWS Configを設定します。cloudformation-stack-drift-detection-checkマネージドルールを使用します。CloudFormationスタックのコンプライアンス変更イベントに反応する2つ目のEventBridgeルールを作成します。SNSトピックを2つ目のEventBridgeルールのターゲットとして設定します。,TRUE,,,,,"D ✅

AWS Config のマネージドルール cloudformation-stack-drift-detection-check を有効化すると、スタックのドリフト有無を評価できます。

既存の Lambda が毎時ドリフト検出を開始 → 検出結果により Config のコンプライアンスが変化。

その コンプライアンス変更イベント を EventBridge で拾って SNS に通知すれば、ドリフトが検出されたタイミングで速やかにアラート可能。

A: スケジュールイベントをSNSへ送るだけで、ドリフト有無は判別できない。
B: 追加Lambdaで結果ポーリングは実装・運用が冗長。
C: GuardDutyはCloudFormationドリフトを扱わない。",,,2025-11-21
DOP-C02-Q208,"ある企業がAWS上に複雑なコンテナベースのワークロードをデプロイしました。このワークロードは、Amazon Managed Service for Prometheusを使用してモニタリングを行っています。このワークロードは、
AWSアカウント内のAmazon Elastic Kubernetes Service (Amazon EKS)クラスターで実行されています。

同社のDevOpsチームは、Amazon Simple Notification Service (Amazon SNS)トピックを使用してワークロードアラートを受信したいと考えています。SNSトピックは、EKSクラスターと同じAWSアカウント内にあります。

これらの要件を満たす手順の組み合わせはどれですか？（3つ選択してください。）",TRUE,Amazon Managed Service for Prometheus のリモート書き込み URL を使用して SNS トピックにアラートを送信する,FALSE,各ワークロードのコンテナの可用性をチェックするアラート ルールを作成します。,TRUE,SNS トピックのアラート マネージャー構成を作成します。,TRUE,SNSトピックのアクセスポリシーを変更します。aps.amazonaws.comサービスプリンシパルに、SNSトピックに対するsns:Publish権限とsns:GetTopicAttributes権限を付与します。,TRUE,Amazon Managed Service for Prometheus が使用する IAM ロールを変更します。ロールに sns:Publish 権限と SNS トピックに対する sns:GetTopicAttributes 権限を付与します。,FALSE,EKS クラスター用の OpenID Connect (OIDC) プロバイダーを作成します。クラスターサービスアカウントを作成します。IAM ロールを使用して、アカウントに sns:Publish 権限と sns:GetTopicAttributes 権限を付与します。,FALSE,"B・C・D が正解です。

B：AMP（Managed Prometheus）で各ワークロードの可用性などを判定するアラートルールを作成
C：AMP の Alert Manager 構成に SNS レシーバ（sns_configs） を設定して、アラートを SNS トピックへルーティング
D：SNS トピックのアクセスポリシーに aps.amazonaws.com（AMP サービスプリンシパル） へ sns:Publish と sns:GetTopicAttributes を許可

A は「リモート書き込みURL → SNS」ではないので不正、E は AMP はユーザーの IAM ロールで送信しないため不要、F は自前の Alertmanager/コンテナから送る場合の IRSA 設定で本件（AMP）には不要です。",,,2025-11-21
DOP-C02-Q209,"AWS Organizations 内の企業組織には、単一の OU が存在します。この企業は、これらの OU アカウントで Amazon EC2 インスタンスを実行しています。各 EC2 インスタンスの認証情報の使用を、その認証情報が割り当てられた特定の EC2 インスタンスに限定する必要があります。DevOps エンジニアは、EC2 インスタンスのセキュリティを設定する必要があります。

これらの要件を満たすソリューションはどれでしょうか？",FALSE,VPC CIDRブロックを指定するSCPを作成します。SCPは、aws:VpcSourcelp条件キーの値が指定されたブロック内にあるかどうかをチェックするように設定します。同じSCPチェックで、aws:EC2InstanceSourcePrivatelPv4とaws:SourceVpc条件キーの値が一致しているかどうかを確認します。いずれかの条件が偽の場合、アクセスを拒否します。SCPをOUに適用します。,FALSE,aws:EC2InstanceSourceVPC と aws:SourceVpc の条件キーの値が一致するかどうかを確認する SCP を作成します。値が一致しない場合はアクセスを拒否します。同じ SCP チェックで、aws:EC2InstanceSourcePrivateIPv4 と aws:VpcSourceIp の条件キーの値が一致するかどうかを確認します。値が一致しない場合はアクセスを拒否します。この SCP を OU に適用します。,TRUE,許容されるVPC値のリストを含むSCPを作成し、aws:SourceVpc条件キーの値がリストに含まれているかどうかを確認します。同じSCPチェックで、許容されるIPアドレス値のリストを定義し、aws:VpcSourceIp条件キーの値がリストに含まれているかどうかを確認します。いずれかの条件が偽の場合、アクセスを拒否します。組織内の各アカウントにSCPを適用します。,FALSE,aws:EC2InstanceSourceVPC と aws:VpcSourceIp の条件キーの値が一致しているかどうかを確認する SCP を作成します。値が一致しない場合はアクセスを拒否します。同じ SCP チェックで、aws:EC2InstanceSourcePrivateIPv4 と aws:SourceVpc の条件キーの値が一致しているかどうかを確認します。値が一致しない場合はアクセスを拒否します。この SCP を組織内の各アカウントに適用します。,FALSE,,,,,"B ✅

aws:EC2InstanceSourceVPC == aws:SourceVpc と
aws:EC2InstanceSourcePrivateIPv4 == aws:VpcSourceIp を SCP で強制すると、
そのインスタンスで発行された認証情報が、同一インスタンス（同一VPC・同一プライベートIP）からのリクエストでしか使えなくなります。
＝ 認証情報の“横流し”利用を防止。

他選択肢はキーの組み合わせや条件が誤り・緩すぎ（A/C）またはキーを取り違え（D）ています。",,,2025-11-21
DOP-C02-Q210,"ある企業は、単一のAWSアカウントでLinuxを実行するAmazon EC2インスタンス群を保有しています。この企業は、EC2インスタンス全体でAWS Systems Manager Automationタスクを使用しています。

直近のパッチ適用サイクルにおいて、ディスク空き容量不足のため、複数のEC2インスタンスでエラーが発生していました。DevOpsエンジニアは、今後のパッチ適用プロセスにおいて、EC2インスタンスに十分なディスク空き容量があることを確認する必要があります。

これらの要件を満たす手順の組み合わせはどれですか？（2つ選択してください。）",TRUE,すべての EC2 インスタンスに Amazon CloudWatch エージェントがインストールされていることを確認します。,TRUE,各 EC2 インスタンスにインストールされ、一時ファイルを定期的に削除する cron ジョブを作成します。,FALSE,EC2インスタンス用のAmazon CloudWatchロググループを作成します。各EC2インスタンスにインストールされたcronジョブを設定し、利用可能なディスク容量を該当するEC2インスタンスのCloudWatchログストリームに書き込みます。,FALSE,すべてのEC2インスタンスの利用可能なディスク容量を監視するAmazon CloudWatchアラームを作成します。このアラームをSystems Manager Automationタスクの安全管理機能として追加します。,TRUE,各 EC2 インスタンスのそれぞれの Amazon CloudWatch ログストリームを評価して、すべての EC2 インスタンスで使用可能なディスク容量が十分にあるかどうかを定期的に確認する AWS Lambda 関数を作成します。,FALSE,,,"A と D ✅

A. CloudWatch エージェントを全インスタンスに導入
EC2標準ではディスク空き容量はメトリクス化されないため、CloudWatch Agentでdisk_used_percent等を収集できるようにします。

D. 空き容量の CloudWatch アラームを作成し、Automation のセーフティチェックに追加
しきい値（例: 空き容量 < 10%）のCloudWatch アラームを各インスタンス用に作成し、Systems Manager Automation の Safety Controlとして参照。
→ アラームが ALARM 状態ならパッチ適用を自動でスキップ/停止でき、空き容量不足による失敗を防止。

B/C/E は運用負荷が高い・間接的で、Automation の事前安全確認としては非効率です。",,,2025-11-21
DOP-C02-Q211,DevOpsエンジニアは、AWS Lambda関数を使用してAmazon Aurora MySQL DBクラスターにクエリを実行するアプリケーションを構築しています。Lambda関数は読み取りクエリのみを実行します。Amazon EventBridgeイベントはLambda関数を呼び出します。毎秒Lambda関数を呼び出すイベントが増えるにつれて、データベースのレイテンシーが増加し、データベースのスループットが低下します。DevOpsエンジニアはアプリケーションのパフォーマンスを改善する必要があります。これらの要件を満たす手順の組み合わせはどれですか？（3つ選択してください。）,TRUE,Amazon RDS Proxy を使用してプロキシを作成します。プロキシを Aurora クラスターのリーダーエンドポイントに接続します。プロキシの最大接続率を設定します。,TRUE,Lambdaコード内にデータベース接続プールを実装します。データベース接続プールの最大接続数を設定します。,FALSE,Lambda イベント ハンドラー コードの外部でデータベース接続を開くように実装します。,TRUE,Lambda イベント ハンドラー コード内でデータベース接続の開始と終了を実装します。,FALSE,Lambda 関数からプロキシエンドポイントに接続します。,TRUE,Lambda 関数から Aurora クラスターのエンドポイントに接続します。,FALSE,"A・C・E ✅

A. RDS Proxy を作成し、Aurora のリーダーエンドポイントに接続
コネクションプーリングとコネクション制御（最大接続率）で、Lambda のスパイクによる接続嵐を吸収。
C. 接続はハンドラー外で初期化（グローバルスコープ）
コンテナ再利用時に接続を再利用でき、毎回のコネクション確立コストを削減。
E. Lambda からは RDS Proxy のエンドポイントへ接続
直接DBではなくプロキシ経由に切替えて、レイテンシとスループットを安定化。

NG:
B Lambda内プールは並列実行間で共有できず効果薄。
D 毎回接続・切断でオーバーヘッド増。
F 直接Aurora接続は接続嵐の原因を解消しない。",,,2025-11-21
DOP-C02-Q212,ある企業では、単一のAWSアカウントにデプロイされたAWS CloudFormationスタックを所有しています。このスタックは、イベント通知をAmazon Simple Notification Service（Amazon SNS）トピックに送信するように設定されています。DevOps エンジニアは、スタックの更新が成功した場合にのみ、特定のCloudFormationスタックインスタンスにタグを適用する自動化ソリューションを実装する必要があります。DevOpsエンジニアは、特定のスタックインスタンスにこのタグを適用および更新するAWS Lambda関数を作成しました。 これらの要件を満たすソリューションはどれでしょうか？,FALSE,Systems ManagerがCloudFormationスタックのインスタンスステータスでUPDATE_COMPLETEイベントを検出したら、AWS Systems ManagerAutomation Runbook（AWS-UpdateCloudFormationStack）を実行します。Lambda関数を呼び出すようにRunbookを設定します。,FALSE,CloudFormationスタックのインスタンスステータスがUPDATE_COMPLETEの場合にコンプライアンス変更イベントを生成するカスタムAWS Configルールを作成します。AWS Configを設定して、Lambda関数を直接呼び出し、変更イベントを自動的に修正します。,FALSE,CloudFormationスタックのインスタンスステータスのUPDATE_COMPLETEイベントパターンに一致するAmazon EventBridgeルールを作成します。Lambda関数を呼び出すようにルールを設定します。,TRUE,CloudFormationスタックの設定を調整し、インスタンスステータスイベント（UPDATE_COMPLETE）の通知のみをSNSトピックに送信するようにします。Lambda関数をSNSトピックにサブスクライブします。,FALSE,,,,,"✅ 正解：C

CloudFormationスタックのインスタンスステータスのUPDATE_COMPLETEイベントパターンに一致するAmazon EventBridgeルールを作成します。Lambda関数を呼び出すようにルールを設定します。

🧩 解説
この問題のポイントは：
「スタック更新が成功した（＝UPDATE_COMPLETE）場合のみ自動でタグを付けたい」

という点です。
つまり、CloudFormation のステータス変化を検知して、その瞬間だけ Lambda を起動するのが最適解です。

🎯 解決の流れ
CloudFormation は EventBridge とネイティブ統合しており、
スタック状態の変化（CREATE_COMPLETE, UPDATE_COMPLETE, ROLLBACK_IN_PROGRESSなど）を
自動的に EventBridge にイベントとして送信します。

EventBridge ルールを作成
以下のようにイベントパターンを定義：
{
  ""source"": [""aws.cloudformation""],
  ""detail-type"": [""CloudFormation Stack Status Change""],
  ""detail"": {
    ""status"": [""UPDATE_COMPLETE""],
    ""stack-id"": [""arn:aws:cloudformation:ap-northeast-1:123456789012:stack/MyStack/*""]
  }
}
これで、特定スタックの UPDATE_COMPLETE イベントだけを検出。

ターゲットに Lambda 関数を設定
EventBridge が UPDATE_COMPLETE を受信 → Lambda を即時起動

Lambda 関数がスタック ID を受け取り、対応するリソースにタグを自動付与。

💡 メリット
特徴	内容
シンプル & ネイティブ統合	CloudFormation → EventBridge → Lambda は AWS 標準連携で追加設定不要
高リアルタイム性	状態変化を検知した瞬間に Lambda 実行（SNSより早い）
イベントフィルタが強力	EventBridgeのパターンマッチで「成功時のみ」を確実に検出
拡張性	失敗時 (ROLLBACK_*) にも別Lambdaで対応可能
🚫 他の選択肢が不適な理由
A	Systems Manager Runbook は CloudFormation のイベントを直接監視できない。構成が複雑。
B	AWS Config はリソース構成変更は検出できるが、CloudFormation スタックの「状態イベント」を直接扱えない。
D	SNS 通知は CloudFormation 全イベントを送るだけで「UPDATE_COMPLETE」だけを絞り込めない（Lambda側で条件分岐が必要）。EventBridgeの方がシンプルかつ確実。
🏁 結論

EventBridge は CloudFormation のステータス変化を直接受け取れる唯一の仕組み。
UPDATE_COMPLETE イベントをフィルタして Lambda を起動する構成が最小・確実・リアルタイム。

👉 よって、
正解は C。
CloudFormation → EventBridge → Lambda の組み合わせが、最も効率的で堅牢なソリューションです。",,,2025-11-21
DOP-C02-Q213,"ある企業が2つのAWSリージョンにアプリケーションをデプロイしています。アプリケーションは、同じリージョンにあるAmazon S3バケットにオブジェクトを作成し、保存します。アプリケーションの両方のデプロイメントは、両方のリージョンのすべてのオブジェクトとそのメタデータにアクセスできる必要があります。企業はS3バケット間の双方向レプリケーションを設定し、各S3バケットでS3レプリケーションメトリクスを有効にしています。DevOps

エンジニアは、オブジェクトのレプリケーションに失敗した場合、レプリケーションプロセスを再試行するソリューションを実装する必要があります。

これらの要件を満たすソリューションはどれでしょうか？",FALSE,レプリケーションに失敗したイベントのS3イベント通知をリッスンするAmazon EventBridgeルールを作成します。失敗したレプリケーションオブジェクトをダウンロードし、そのオブジェクトに対してPutObjectコマンドを実行して宛先バケットに送信するAWS Lambda関数を作成します。EventBridgeルールを設定して、レプリケーションに失敗したオブジェクトを処理するLambda関数を呼び出します。,TRUE,Amazon Simple Queue Service (Amazon SQS) キューを作成します。S3 イベント通知を設定して、レプリケーション失敗通知を SQS キューに送信します。失敗したレプリケーションオブジェクトをダウンロードし、そのオブジェクトに対して PutObject コマンドを実行して宛先バケットに送信する AWS Lambda 関数を作成します。Lambda 関数は、処理する通知をキューにポーリングするように設定します。,FALSE,失敗したレプリケーションに関するS3イベント通知をリッスンするAmazon EventBridgeルールを作成します。失敗したレプリケーションオブジェクトをダウンロードし、そのオブジェクトに対してPutObjectコマンドを実行して宛先バケットに送信するAWS Lambda関数を作成します。,FALSE,既存のオブジェクトに対して、レプリケーションが失敗した場合にS3バッチオペレーションを使用してレプリケーションを再試行するAWS Lambda関数を作成します。S3イベント通知を設定して、Lambda関数にレプリケーション失敗通知を送信します。,FALSE,,,,,"A が最適です。
S3 レプリケーションは失敗時に EventBridge へイベント（例: Object Replication: OperationFailedReplication）を出します。
そのイベントをトリガに Lambda を起動し、失敗したオブジェクトを再送（コピー/Put）して自動リトライします。
B: S3のレプリケーション失敗はS3イベント通知（SQS/SNS/Lambda直）では来ません。
D: S3 Batch Operations は既存オブジェクトの一括再処理向けで、リアルタイム再試行には過剰。",,,2025-11-21
DOP-C02-Q214,"ある企業は、アプリケーションのフェイルオーバーを実装する必要があります。このアプリケーションには、Amazon CloudFront ディストリビューションと、AWS リージョン内のパブリック Application Load Balancer (ALB) が含まれています。この企業は、ALB をディストリビューションのデフォルトオリジンとして設定しています。

最近、アプリケーションが何度か停止したため、RTO を 0 秒にしたいと考えています。そこで、ウォームスタンバイ構成でアプリケーションをセカンダリリージョンにデプロイします。DevOps エンジニアは、HTTP GET リクエストが目標の RTO を満たすように、アプリケーションのセカンダリリージョンへのフェイルオーバーを自動化する必要があります。

これらの要件を満たすソリューションはどれでしょうか？",FALSE,セカンダリALBをデフォルトのオリジンとする2つ目のCloudFrontディストリビューションを作成します。両方のCloudFrontディストリビューションに対して、フェイルオーバーポリシーと「ターゲットのヘルス評価」を「はい」に設定したAmazon Route 53エイリアスレコードを作成します。新しいレコードセットを使用するようにアプリケーションを更新します。,FALSE,セカンダリALB用の新しいオリジンをディストリビューション上に作成し、新しいオリジングループを作成します。元のALBをプライマリオリジンとして設定します。HTTP 5xxステータスコードでフェイルオーバーするようにオリジングループを設定します。デフォルトの動作を更新し、オリジングループを使用するようにします。,TRUE,フェイルオーバーポリシーを設定し、両方のALBに対して「ターゲットのヘルス評価」を「はい」に設定したAmazon Route 53エイリアスレコードを作成します。両方のレコードのTTLを0に設定します。ディストリビューションのオリジンを更新して、新しいレコードセットを使用します。,FALSE,HTTP 5xxステータスコードを検出するCloudFront関数を作成します。関数が5xxステータスコードを検出した場合、セカンダリALBに307 Temporary Redirectエラーレスポンスを返すように関数を設定します。ディストリビューションのデフォルト動作を更新し、オリジンレスポンスを関数に送信するようにします。,FALSE,,,,,"✅ 正解：B

💡理由と仕組み
Amazon CloudFront は「オリジングループ（Origin Group）」によるフェイルオーバー構成をサポートしています。
これにより、**RTO = 0秒（＝瞬時の切り替え）**を実現できます。

🔁 処理の流れ
CloudFront ディストリビューション上で 2つのオリジンを設定
プライマリ：メインリージョンの ALB
セカンダリ：セカンダリリージョンの ALB
オリジングループ (Origin Group) を作成し、
プライマリ ALB を「プライマリ」
セカンダリ ALB を「フェイルオーバー」 として登録。

フェイルオーバー条件を設定
CloudFront がプライマリ ALB から HTTP 5xx ステータスコードを受け取った場合、
→ 自動的にセカンダリ ALB にリクエストをルーティング。
CloudFront 自身がユーザーに近い場所でキャッシュを持つため、
フェイルオーバーは即時反映され、実質 RTO = 0 秒 に。

🚀 メリット
項目内容即時切り替え (RTO 0秒)CloudFront が5xxを検出すると自動でセカンダリへルーティングDNS依存なしRoute 53 の伝播待ち不要完全自動化ヘルスチェック不要、CloudFront レベルで動作コスト効率セカンダリ環境をウォームスタンバイで維持可能

❌ 他の選択肢の問題点
ARoute 53 レベルのフェイルオーバーは DNSキャッシュ伝播の遅延が発生し、RTO 0秒を満たせない。Cこれも Route 53 ベースの切り替えで、TTLを0にしても実際のブラウザキャッシュやリゾルバで遅延が残る。DCloudFront Functions はリクエスト/レスポンス改変用で、実際のオリジンルーティング切り替えには不向き。HTTPリダイレクトはユーザー側で再リクエストが必要なためRTO>0秒。

✅ 結論
CloudFront に オリジングループを構成し、プライマリ ALB → セカンダリ ALB に 5xx フェイルオーバー
これにより RTO 0秒 のウォームスタンバイフェイルオーバーを実現できる。

したがって、
👉 正解は B。",,,2025-11-21
DOP-C02-Q215,"クラウドチームは、AWS Organizations と AWS IAM Identity Center（AW​​S Single Sign-On）を使用して、会社の AWS アカウントを管理しています。この会社は最近、研究チームを設立しました。研究チームは、アカウント内のリソースを完全に管理する権限が必要です。研究チームは IAM ユーザーを作成できません。

クラウドチームは、研究チーム用に IAM Identity Center に Research Administrator 権限セットを作成します。この権限セットには、AdministratorAccess AWS 管理ポリシーがアタッチされています。クラウドチームは、研究チームの誰も IAM ユーザーを作成できないようにする必要があります。

これらの要件を満たすソリューションはどれでしょうか？",FALSE,iam:CreateUser アクションを拒否する IAM ポリシーを作成します。この IAM ポリシーを Research Administrator 権限セットにアタッチします。,FALSE,iam:CreateUser アクションを除くすべてのアクションを許可する IAM ポリシーを作成します。この IAM ポリシーを使用して、Research Administrator 権限セットの権限境界を設定します。,FALSE,iam:CreateUser アクションを拒否する SCP を作成します。この SCP を研究チームの AWS アカウントにアタッチします。,TRUE,IAM ユーザーを削除する AWS Lambda 関数を作成します。IAM CreateUser イベントを検出する Amazon EventBridge ルールを作成します。Lambda 関数を呼び出すようにルールを設定します。,FALSE,,,,,"✅ 正解：C

理由：
IAM Identity Center 経由のアクセスでも、
アカウント全体で「IAMユーザー作成を禁止」するには SCP（サービスコントロールポリシー） が最適。

SCPで

{
  ""Effect"": ""Deny"",
  ""Action"": ""iam:CreateUser"",
  ""Resource"": ""*""
}

を設定して、研究チームのアカウントに適用すれば、
誰であっても IAMユーザーは作れなくなる。

👉 他の選択肢（A/B/D）は、アカウント単位や事後対応で不十分。",,,2025-11-21
DOP-C02-Q216,"ある企業が新しい AWS アカウントで新しいアプリケーションをリリースします。このアプリケーションには、Amazon Simple Queue Service (Amazon SQS) 標準キューからのメッセージを処理する AWS Lambda 関数が含まれています。Lambda 関数は、結果を Amazon S3 バケットに保存し、下流での処理に使用します。Lambda 関数は、メッセージが公開されてから一定期間内にメッセージを処理する必要があります。Lambda 関数のバッチサイズは 10 件で、メッセージのバッチ処理には数秒かかります。

アプリケーションのサービス開始初日に負荷が増加すると、キュー内のメッセージが Lambda 関数の処理能力を超える速度で蓄積されます。一部のメッセージは、必要な処理タイムラインを満たしていません。ログには、キュー内の多くのメッセージに無効なデータが含まれていることが示されています。企業は、有効なデータを持つメッセージのタイムライン要件を満たす必要があります。

どのソリューションがこれらの要件を満たすでしょうか。",FALSE,Lambda関数のバッチサイズを増やします。SQS標準キューをSQS FIFOキューに変更します。AWSリージョンでLambdaの同時実行数の増加をリクエストします。,FALSE,Lambda関数のバッチサイズを小さくする。SQSメッセージのスループットクォータを増やす。AWSリージョンでLambdaの同時実行数の増加をリクエストする。,FALSE,Lambda関数のバッチサイズを増やします。S3バケットにS3 Transfer Accelerationを設定します。SQSデッドレターキューを設定します。,FALSE,Lambda関数のバッチサイズを同じに保ちます。失敗したバッチアイテムを報告するようにLambda関数を設定します。SQSデッドレターキューを設定します。,TRUE,,,,,"✅ 正解：D

🧩 シンプル解説
問題は「無効なメッセージが混ざってバッチ全体が失敗 → 有効データの処理が遅延」していること。

つまり、バッチ処理の一部失敗が全体を止めてしまっている。

✅ 対応方法
Lambda の「部分的なバッチ処理（Partial batch response）」機能を有効化
→ 失敗したメッセージだけを再キューイングし、
有効データだけすぐに処理できる。

SQS デッドレターキュー（DLQ）を設定
→ 無効なメッセージは一定回数リトライ後に DLQ へ送られ、
処理遅延を防止。

🚫 他の選択肢がダメな理由
A	FIFO に変える必要なし（順序不要）。バッチを増やすと遅延悪化。
B	バッチを小さくするだけでは無効メッセージ問題は解決しない。
C	S3転送は関係ない。DLQだけでは十分でない。

👉 結論：D
「部分バッチ報告＋DLQ」で、有効メッセージを遅延なく処理できる。",,,2025-11-21
DOP-C02-Q217,"ある企業では、AWS Lambda 上で実行され、Amazon CloudWatch Logs にログを送信するアプリケーションを運用しています。Amazon Kinesis データストリームは、CloudWatch Logs のロググループに登録されています。単一のコンシューマー Lambda 関数がデータストリームからのログを処理し、Amazon S3 バケットに保存します。

同社の DevOps チームは、一部のログの処理と取り込み中に高いレイテンシーが発生していることに気づきました。

レイテンシーを削減するには、どの手順の組み合わせが適切でしょうか（3 つ選択してください）。",TRUE,拡張ファンアウトを備えたデータストリームコンシューマーを作成します。ログを処理するLambda関数をコンシューマーとして設定します。,TRUE,Lambda イベント ソース マッピングの ParallelizationFactor 設定を増やします。,TRUE,ログを処理する Lambda 関数の予約された同時実行性を設定します。,FALSE,Kinesis データ ストリームのバッチ サイズを増やします。,FALSE,Lambda イベント ソース マッピングで ReportBatchItemFailures 設定をオフにします。,FALSE,Kinesis データ ストリーム内のシャードの数を増やします。,TRUE,"A・B・F ✅

A. 拡張ファンアウト（EFO）：コンシューマー専用スループット＆プッシュ配信で待ち時間を大幅短縮。

B. ParallelizationFactor を増やす：1シャードあたり同時に複数バッチを並列処理して遅延を圧縮（順序要件が緩い前提）。

F. シャード数を増やす：ストリームの並列度とスループットを上げて滞留を解消。

※ D はバッチ待ち時間が増え遅延悪化しやすい、E は失敗時リトライ挙動に関する設定でレイテンシー改善に非寄与、C はスロット確保には有効だが上記3つの方が直接的に遅延を下げる。",,,2025-11-21
DOP-C02-Q218,"ある企業は、AWS Organizations 内の自社組織内にある AWS アカウント全体で機密性の高いワークロードを運用しています。Amazon VPC CIDR ブロックとすべての非クラウドハードウェアの IP アドレスを委任するために、IP アドレス範囲を使用しています。この企業は、

自社の IP アドレス範囲外のプリンシパルが自社アカウント内で AWS アクションを実行できないようにするソリューションを必要としています。

これらの要件を満たすソリューションはどれでしょうか？",FALSE,組織向けにAWS Firewall Managerを設定します。会社のIPアドレス範囲からの送信元トラフィックのみを許可するAWSネットワークファイアウォールポリシーを作成します。ポリシーの適用範囲を組織内のすべてのアカウントに設定します。,FALSE,組織で、会社のIPアドレス範囲外の送信元IPアドレスを拒否するSCPを作成します。このSCPを組織のルートにアタッチします。,TRUE,組織向けに Amazon GuardDuty を設定します。会社の IP 範囲に対して GuardDuty の信頼できる IP アドレスリストを作成します。組織向けに信頼できる IP リストを有効化します。,FALSE,組織で、会社のIPアドレス範囲内の送信元IPアドレスを許可するSCPを作成します。このSCPを組織のルートにアタッチします。,FALSE,,,,,"B ✅

理由
API実行元を会社のIPレンジに限定するには、**SCPで aws:SourceIp を使って「会社IP以外をDeny」**するのが最適。
Organizationsルートに適用すれば、配下アカウントの全プリンシパルに効きます。

A: Network FirewallはVPC内のトラフィック制御。AWS API呼び出しの元IP制限には不適。

C: GuardDutyは検知用。ブロックできない。

D: Allow方式は抜け漏れ・サービス連携を壊しやすい。Denyで外部のみ遮断が安全。",,,2025-11-21
DOP-C02-Q219,ある企業が2つのAWSリージョンにアプリケーションをデプロイしています。現在、アプリケーションはプライマリリージョンのAmazon S3バケットを使用してデータを保存しています。DevOpsエンジニアは、両リージョンでアプリケーションの高可用性を確保する必要があります。DevOpsエンジニアはセカンダリリージョンに新しいS3バケットを作成しました。既存および新規のすべてのオブジェクトは、両方のS3バケットに格納されている必要があります。アプリケーションは、リージョン間でデータ損失なくフェイルオーバーする必要があります。 これらの要件を最も効率的に満たす手順の組み合わせはどれですか？（3つ選択してください。）,TRUE,Amazon S3 および S3 バッチオペレーションのサービスプリンシパルが S3 レプリケーションに必要な権限を持つロールを引き受けることを許可する新しい IAM ロールを作成します。,TRUE,AWS Batch サービスプリンシパルが S3 レプリケーションに必要な権限を持つロールを引き受けることを許可する新しい IAM ロールを作成します。,FALSE,ソースS3バケットにS3クロスリージョンレプリケーション（CRR）ルールを作成します。Amazon S3のIAMロールを使用してターゲットS3バケットにレプリケートするようにルールを設定します。,TRUE,ソースS3バケットに双方向レプリケーションルールを作成します。Amazon S3のIAMロールを使用してターゲットS3バケットにレプリケートするようにルールを設定します。,FALSE,AWS Fargateオーケストレーションタイプを持つAWS Batchジョブを作成します。AWS BatchのIAMロールを使用するようにジョブを設定します。AWS CLIを使用してソースS3バケットとターゲットS3バケットの内容を同期するためのBashコマンドを指定します。,FALSE,S3 バッチオペレーションで、ソース S3 バケットの内容をターゲット S3 バケットに複製するオペレーションを作成します。Amazon S3 の IAM ロールを使用するようにオペレーションを設定します。,TRUE,"正解：A、C、F

A.（必須）S3レプリケーションとS3 Batch Operationsの双方が引き受けられるIAMロールを用意
└ レプリケーション（新規オブジェクト）とバッチ複製（既存オブジェクト）で同ロールを使えるようにするのが最もスムーズ。

C. ソース（プライマリ）S3にCRRルールを作成してターゲット（セカンダリ）に継続複製
└ 以後に追加される新規オブジェクトを自動で他リージョンへ複製し、フェイルオーバー時のデータ損失を防止。

F. S3 Batch Operationsで、ソースS3の既存オブジェクトをターゲットS3へ一括複製
└ これで「既存＋新規」の両方が二つのバケットにそろう。以降はCのCRRが継続同期。

なぜ他の選択肢は不適切か

B: S3のレプリケーションにAWS Batchは不要・不適切。

D: 「ソースS3バケットに双方向レプリケーションルール」は構成として不正確（双方向にしたい場合は両バケットに別々のCRRルールを定義する必要がある）。

E: AWS Batch＋CLIで同期するのは運用コスト・失敗点が増え、要件の「効率的」かつ継続的な無損失フェイルオーバーに不向き。",,,2025-11-21
DOP-C02-Q220,ある企業は、AWS Organizations 内の組織を使用して複数の AWS アカウントを管理しています。この企業は、特定のタグが付与された Amazon EC2 インスタンスを、侵害されたインスタンスから隔離するための自動化されたプロセスをすべての AWS アカウントにわたって必要としています。 これらの要件を満たす手順の組み合わせはどれですか（2 つ選択してください）。,TRUE,AWS CloudFormation StackSets を使用して、すべての AWS アカウントに CloudFormation スタックをデプロイします。,TRUE,"ec2:* アクションに対して、条件が ""aws:RequestTag/isolation"": false である Deny ステートメントを持つ SCP を作成します。",FALSE,SCP を組織のルートに添付します。,FALSE,IAMポリシーがアタッチされていないEC2インスタンスロールを作成するAWS CloudFormationテンプレートを作成します。テンプレートに、すべてのトラフィックに対して明示的な拒否ルールを持つセキュリティグループを設定します。CloudFormationテンプレートを使用して、インスタンスにIAMロールをアタッチするAWS Lambda関数を作成します。Lambda関数にネットワークACLを追加するように設定します。侵害されたEC2インスタンスに特定のタグが適用されたときにLambda関数を呼び出すAmazon EventBridgeルールを設定します。,FALSE,IAMポリシーがアタッチされていないEC2インスタンスロールを作成するAWS CloudFormationテンプレートを作成します。テンプレートには、インバウンドルールもアウトバウンドルールも設定されていないセキュリティグループを設定します。CloudFormationテンプレートを使用して、インスタンスにIAMロールをアタッチするAWS Lambda関数を作成します。Lambda関数は、既存のセキュリティグループを新しいセキュリティグループに置き換えます。侵害されたEC2インスタンスに特定のタグが適用されたときにLambda関数を呼び出すAmazon EventBridgeルールを設定します。,TRUE,,,"正解：A と E

A. CloudFormation StackSets
組織配下の全アカウント／複数リージョンに、同一の隔離オートメーション（EventBridge ルール、Lambda、隔離用SG など）を一括配備できます。要件の「全アカウントにわたる自動化」に最適。

E. 隔離用セキュリティグループ（Ingress/Egressともにルールなし）＋EventBridge→Lambdaで差し替え
ルールが一切ない SG は受信も送信も不許可になり、インスタンスを完全隔離できます。タグ付与をトリガーに EventBridge が Lambda を起動し、インスタンスの SG をこの「隔離 SG」に置き換える実装がシンプルで堅牢。


なぜ他は不適切か
B/C（SCP）: 隔離の実体（通信遮断）にはならず、しかも ec2:* の広域 Deny は運用を広範に阻害するリスクが高い。タグ条件のSCPも既存インスタンスの通信を止められない。
D: 「SG に明示的 Deny」は存在しません（SG は許可のみ）。NACL 付け替え運用も複雑かつインスタンス単位の即時隔離に不向き。",,,2025-11-21
DOP-C02-Q221,"ある企業は、異なる事業部門ごとにOUを持つAWS Organizationsを使用して、複数のAWSアカウントを管理しています。この企業は、新しいIPアドレス範囲を使用するために社内ネットワークを更新しています。この企業には、異なるAWSアカウントに10個のAmazon S3バケットがあります。これらのS3バケットには、各部門のレポートが保存されています。S3バケットの設定では、S3バケットへのアクセスは

、プライベート企業ネットワークIPアドレスのみに制限されています。DevOpsエンジニアは、S3バケットの内容にアクセスする権限を持つIPアドレスの範囲を変更する必要があります。また、DevOpsエンジニアは、社内の2つのOUの権限を取り消す必要もあります。

これらの要件を満たすソリューションはどれでしょうか？",FALSE,2つのステートメントを含む新しいSCPを作成します。1つはすべてのS3バケットの新しいIPアドレス範囲へのアクセスを許可し、もう1つはすべてのS3バケットの古いIPアドレス範囲へのアクセスを拒否します。2つのOUのOrganizationAccountAccessRoleロールに権限境界を設定し、S3バケットへのアクセスを拒否します。,FALSE,新しい範囲のIPアドレスのみがS3バケットにアクセスできるようにするステートメントを含む新しいSCPを作成します。S3バケットへのアクセスを拒否する別のSCPを作成します。2つ目のSCPを2つのOUにアタッチします。,FALSE,すべてのS3バケットに対して、新しいIPアドレス範囲のみがS3バケットにアクセスできるようにするリソースベースのポリシーを設定します。S3バケットへのアクセスを拒否する新しいSCPを作成し、2つのOUにアタッチします。,TRUE,すべてのS3バケットに対して、新しいIPアドレス範囲のみがS3バケットにアクセスできるようにするリソースベースのポリシーを設定します。2つのOUのOrganizationAccountAccessRoleロールに権限境界を設定し、S3バケットへのアクセスを拒否します。,FALSE,,,,,"正解：C

S3バケットのIP制限はリソースベースポリシーで管理するのが正道。各バケットのバケットポリシーを更新し、新しい社内IPレンジのみ許可に切り替えることで、全バケット（複数アカウントに点在）で一貫したネットワーク制限を実現できます。

2つのOUの権限取り消しはSCPでDenyを付与するのが最も広範囲で確実。対象OUにS3アクセスを拒否するSCPをアタッチすれば、そのOU配下のすべてのアカウント・プリンシパルに対してS3操作を抑止できます。

なぜ他は不適切か

A/B: SCPは「許可」は付与できずガードレール用途（Allowで権限は増えない）。IPレンジ制御をSCPでやるのも不自然で、既存のバケットポリシーとの整合が複雑。

D: Permission boundaryをOrganizationAccountAccessRoleに付けても、各アカウント内の他のロール/ユーザーには効かず、OU単位の一括抑止にならない。",,,2025-11-21
DOP-C02-Q222,ある企業が複数のチームでAWSの利用を開始しました。各チームには複数のアカウントと固有のセキュリティプロファイルがあり、組織内のアカウントはAWS Organizationsで管理されています。各アカウントには独自の設定とセキュリティ管理があります。DevOps チームは、すべてのアカウントを管理するために予防的管理と発見的管理を導入したいと考えています。DevOpsチームは、現在だけでなく将来も、組織内に新しいアカウントが作成されるため、アカウントのセキュリティを確保する必要があります。 これらの要件を満たすソリューションはどれでしょうか？,FALSE,組織を使用して、各チームに適切な SCP が割り当てられた OU を作成します。セキュリティ制御を適用するには、チームアカウントを適切な OU に配置します。新しいチームアカウントも適切な OU に作成します。,FALSE,AWS Control Tower ランディングゾーンを作成します。既存のチームに対して、AWS Control Tower で OU と適切なコントロールを設定します。AWS Control Tower への信頼されたアクセスを設定します。各チームの適切なセキュリティポリシーに一致する適切な OU に既存のアカウントを登録します。AWS Control Tower を使用して、新しいアカウントをプロビジョニングします。,TRUE,組織の管理アカウントにAWS CloudFormationスタックセットを作成します。組織内の各アカウントに対し、すべてのコントロールの設定ルールと修復アクションを含むAWS Configをデプロイするスタックセットを設定します。アカウントが作成されるたびに、新しいアカウントにデプロイされるようにスタックセットを更新します。,FALSE,組織内のすべてのAWSアカウントのAWS Configルールを管理するためにAWS Configを設定します。組織全体にAWS Configルールと修復アクションを提供する適合パックを導入します。,FALSE,,,,,"正解：B

理由（要点）

予防的管理＋発見的管理を一元提供：AWS Control Tower は OU ごとのガードレール（予防＝SCP系コントロール、発見＝AWS Config ルール）をセットで適用可能。

既存アカウントの取り込み＆将来拡張：既存アカウントは登録（Enroll）して OU に合わせたコントロールを適用、新規はAccount Factoryで自動的に基準構成とガードレールが入る。

組織連携：Organizations の信頼されたアクセスを設定すれば、OU/アカウント増加にも運用がスケール。

他の選択肢が不足する点

A：SCP は予防のみ。発見的（コンプライアンス検知・修復）を網羅できず、運用は手作業寄り。

C/D：AWS Config（＋適合パック）は発見的のみで予防的コントロールが不足。新規アカウント適用も手当てが必要で運用負荷が高い",,,2025-11-21
DOP-C02-Q223,ある企業は、AWS CodeCommit リポジトリを使用してソースコードと対応するユニットテストを保存しています。この企業は、リポジトリのメインブランチにコードがマージされた際に実行される AWS CodeBuild プロジェクトを含む AWS CodePipeline パイプラインを設定しています。 この企業は、CodeBuild プロジェクトでユニットテストを実行したいと考えています。ユニットテストに合格した場合、CodeBuild プロジェクトは最新のコミットにタグを付ける必要があります。 これらの要件を満たすには、CodeBuild プロジェクトをどのように設定すればよいでしょうか？,FALSE,CodeBuildプロジェクトを、ネイティブGitを使用してCodeCommitリポジトリを作成するように設定します。プロジェクトをユニットテストを実行するように設定します。プロジェクトをネイティブGitを使用してタグを作成し、コードがユニットテストに合格した場合にGitタグをリポジトリにプッシュするように設定します。,FALSE,CodeBuildプロジェクトを、ネイティブGitを使用してCodeCommitリポジトリを実行するように設定します。プロジェクトがユニットテストを実行するように設定します。コードがユニットテストに合格した場合、AWS CLIコマンドを使用してリポジトリに新しいリポジトリタグを作成するように設定します。,TRUE,CodeBuild プロジェクトを設定し、AWS CLI コマンドを使用して CodeCommit リポジトリからコードをコピーします。プロジェクトを設定してユニットテストを実行します。コードがユニットテストに合格した場合、AWS CLI コマンドを使用してリポジトリに新しい Git タグを作成します。,FALSE,CodeBuildプロジェクトを設定し、AWS CLIコマンドを使用してCodeCommitリポジトリからコードをコピーします。プロジェクトがユニットテストを実行するように設定します。コードがユニットテストに合格した場合、AWS CLIコマンドを使用してリポジトリに新しいリポジトリタグを作成するように設定します。,FALSE,,,,,"正解：B

✅ 解説
このシナリオでは、
ソースは AWS CodeCommit
パイプライン内の CodeBuild プロジェクト がユニットテストを実行

テスト合格時に 最新のコミットにタグを付与（＝CodeCommit の “repository tag”）

🧩 ポイント整理
ソースを CodeCommit から取得        CodePipeline が自動で渡す入力を使用（CodeBuild 内でネイティブ Git 操作も可能）
ユニットテスト実行        buildspec.yml で phase: build にテストコマンド
テスト合格時にタグ付与        aws codecommit tag-resource コマンドを使用（AWS CLI）
🔧 実装イメージ

buildspec.yml 例：

version: 0.2

phases:
  install:
    commands:
      - pip install -r requirements.txt
  build:
    commands:
      - pytest tests/
  post_build:
    commands:
      - if [ $? -eq 0 ]; then
          COMMIT_ID=$(aws codepipeline get-pipeline-execution \
                        --pipeline-name MyPipeline \
                        --pipeline-execution-id $CODEBUILD_BUILD_ID \
                        --query 'pipelineExecution.artifactRevisions[0].revisionId' \
                        --output text);
          aws codecommit tag-resource \
            --resource-arn arn:aws:codecommit:ap-northeast-1:123456789012:MyRepo \
            --tags ""{\""passed-test\"":\""$COMMIT_ID\""}"";
        fi

❌ 他の選択肢の問題点
A        「ネイティブ Git を使ってタグをプッシュ」は CodeBuild の CodeCommit 統合では不要。CodePipeline 経由では Git 認証情報が渡らないため失敗する可能性が高い。
C        「CLIでコードをコピー」は非効率（CodePipeline からの入力アーティファクトを使えば不要）。さらに “Git タグ” と “リポジトリタグ” を混同している。
D        「コードコピー」同様に非効率で冗長。正しくは AWS CLI の tag-resource コマンドを使うが、A〜Dの中で**ネイティブGit＋AWS CLIタグ操作の組み合わせ（B）**が正解。

✅ まとめ
B が正解：
CodeBuild でユニットテスト → 成功時に aws codecommit tag-resource でタグを付与。
CodePipeline 統合構成に最も適した・セキュアで簡潔な方法です。",,,2025-11-21
DOP-C02-Q224,DevOpsエンジニアは、ある企業のAmazon Elastic Container Service（Amazon ECS）クラスターを管理しています。このクラスターは、Auto Scalingグループに属する複数のAmazon EC2インスタンス上で稼働しています。DevOpsエンジニアは、停止したすべてのタスクをログに記録し、エラーの有無を確認するソリューションを実装する必要があります。 これらの要件を満たすソリューションはどれでしょうか？,FALSE,タスクの状態変化をキャプチャするためのAmazon EventBridgeルールを作成します。イベントをAmazon CloudWatch Logsに送信します。停止したタスクはCloudWatch Logs Insightsを使用して調査します。,TRUE,ログデータを埋め込みメトリック形式で書き込むタスクを設定します。ログはAmazon CloudWatch Logsに保存します。ContainerInstanceCountメトリックの変化を監視します。,FALSE,EC2インスタンスがAmazon CloudWatch Logsにログを保存するように設定します。EC2インスタンスのログデータを使用するCloudWatch Contributor Insightsルールを作成します。このContributor Insightsルールを使用して、停止したタスクを調査します。,FALSE,EC2 Auto Scaling のライフサイクルフックを EC2_INSTANCE_TERMINATING スケールインイベント用に設定します。SystemEventLog ファイルを Amazon S3 に書き込みます。Amazon Athena を使用してログファイルでエラーをクエリします。,FALSE,,,,,"正解：A

EventBridge の ECS Task State Change イベントで「STOPPED」などの状態変化を確実に捕捉

ターゲットに CloudWatch Logs を指定してイベントをそのまま保管

CloudWatch Logs Insights で停止タスクの理由（stoppedReason、containers[].exitCode、containers[].reason など）を横断検索できる

他の選択肢：

B：Embedded Metric Format と ContainerInstanceCount 監視は停止タスクの詳細把握に不適切。

C：EC2 のOSログ起点では ECS タスク停止の粒度・理由を網羅できない。

D：ASGのスケールイン時だけで、タスク停止全般の監査には不十分。",,,2025-11-21
DOP-C02-Q225,ある企業が数百のAmazon EC2インスタンスにワークロードをデプロイしたいと考えています。起動テンプレートを使用して、Auto ScalingグループにEC2インスタンスをプロビジョニングします。 ワークロードはAmazon S3バケットからファイルをプルし、データを処理し、結果を別のS3バケットに格納します。EC2インスタンスには最小限の権限が付与され、一時的なセキュリティ認証情報を使用する必要があります。 これらの要件を満たす手順の組み合わせはどれですか（2つ選択してください）。,TRUE,S3 バケットに対する適切な権限を持つ IAM ロールを作成し、インスタンス プロファイルに IAM ロールを追加します。,TRUE,起動テンプレートを更新して、IAM インスタンス プロファイルを含めます。,TRUE,Amazon S3 に対する適切な権限を持つ IAM ユーザーを作成し、秘密キーとトークンを生成します。,FALSE,信頼アンカーとプロファイルを作成し、IAM ロールをプロファイルに添付します。,FALSE,起動テンプレートを更新し、新しい秘密キーとトークンを使用するようにユーザー データを変更します。,FALSE,,,"正解：A と B

A. S3 への最小権限を付与した IAMロール を作成し、インスタンスプロファイルにアタッチ
→ EC2 はロール経由で STS の一時クレデンシャルを取得し、長期鍵なしで S3 にアクセスできます。

B. 起動テンプレートにその IAMインスタンスプロファイル を含める
→ Auto Scaling で起動する全インスタンスに自動適用。スケールアウト時も一貫して最小権限＋一時認証情報を満たす。

不正解の理由（要旨）
C/E: IAMユーザーの長期鍵を使う前提で、要件（最小権限＋一時資格情報）に反する。
D: 「信頼アンカーとプロファイル」は IAM Roles Anywhere の文脈で、EC2 には不要。",,,2025-11-21
DOP-C02-Q226,"ある会社が AWS CodeDeploy を使用してソフトウェアのデプロイを自動化しています。デプロイ

では、次の要件を満たす必要があります。 
• デプロイ中にトラフィックを処理できるインスタンスが複数必要です。トラフィックはこれらのインスタンス間で分散され、障害発生時にはインスタンスが自動的に修復される必要があります。
• 手動によるプロビジョニングなしで、新しいリビジョンを自動的にデプロイするために、新しいインスタンス群を起動する必要があります。
• トラフィックは、一度に新しいインスタンスの半数に再ルーティングする必要があります。トラフィックが少なくとも半数のインスタンスに再ルーティングされればデプロイは成功し、そうでない場合は失敗します。
• トラフィックを新しいインスタンス群にルーティングする前に、デプロイプロセス中に生成された一時ファイルを削除する必要があります。
• デプロイが成功したら、コストを削減するために、デプロイグループ内の元のインスタンスをすぐに削除する必要があります。

DevOps エンジニアは、これらの要件をどのように満たすことができますか?",FALSE,Application Load Balancer とインプレースデプロイメントを使用します。Auto Scaling グループをデプロイメントグループに関連付けます。「Auto Scaling グループを自動的にコピーする」オプションを使用し、デプロイメント設定として CodeDeployDefault.OneAtAtime を使用します。AWS CodeDeploy にデプロイメントグループ内の元のインスタンスを終了するように指示し、appspec.yml 内の AllowTraffic フックを使用して一時ファイルを削除します。,FALSE,Application Load Balancer と Blue/Green デプロイメントを使用します。Auto Scaling グループと Application Load Balancer ターゲットグループをデプロイメントグループに関連付けます。「Auto Scaling グループを自動的にコピーする」オプションを使用し、最小正常ホスト数を 50% に定義したカスタムデプロイメント設定を作成し、その設定をデプロイメントグループに割り当てます。AWS CodeDeploy にデプロイメントグループ内の元のインスタンスを終了するように指示し、appspec.yml 内の BeforeBlockTraffic フックを使用して一時ファイルを削除します。,FALSE,Application Load Balancer と Blue/Green デプロイメントを使用します。Auto Scaling グループと Application Load Balancer ターゲットグループをデプロイメントグループに関連付けます。「Auto Scaling グループを自動的にコピーする」オプションを使用し、デプロイメント設定として CodeDeployDefault.HalfAtAtime を使用します。AWS CodeDeploy にデプロイメントグループ内の元のインスタンスを終了するように指示し、appspec.yml 内の BeforeAllowTraffic フックを使用して一時ファイルを削除します。,TRUE,Application Load Balancer とインプレースデプロイメントを使用します。Auto Scaling グループと Application Load Balancer ターゲットグループをデプロイメントグループに関連付けます。「Auto Scaling グループを自動的にコピーする」オプションを使用し、デプロイメント設定として CodeDeployDefault.AllatOnce を使用します。AWS CodeDeploy にデプロイメントグループ内の元のインスタンスを終了するように指示し、appspec.yml 内の BlockTraffic フックを使用して一時ファイルを削除します。,FALSE,,,,,"正解：C

理由
新しいインスタンス群を自動起動：ECS/EC2（オンプレ）向け CodeDeploy Blue/Green で「Auto Scaling グループを自動的にコピー」を選ぶと、新しいフリートを自動で用意。

複数インスタンスでトラフィック分散・自動修復：Application Load Balancer（ALB）＋ASG を関連付け。

“半数へルーティング”かつ成功判定：デプロイ設定に CodeDeployDefault.HalfAtATime を指定（EC2/OnPrem の既定設定として「最小正常ホスト=50%」の考え方に合致）。

トラフィック切替前に一時ファイル削除：BeforeAllowTraffic フック（新フリートでトラフィック許可前に実行）でクリーンアップ。

成功後に旧インスタンス即時削除：Blue/Green のオプションで 元のインスタンスを終了 する設定。

他選択肢が不適な点

A/D：インプレース前提で、新規フリート自動作成の要件に合致しない。さらに A の AllowTraffic／D の BlockTraffic はフック名の誤り。

B：BeforeBlockTraffic は旧フリート側での実行。要求は「新フリートへルーティング前の削除」なので不一致。加えて Blue/Green では最小正常ホスト設定は本質的な交通量シフト制御には使われない。",,,2025-11-21
DOP-C02-Q227,"ある企業は、アプリケーションと関連するCI/CDインフラストラクチャをデプロイするために、マルチアカウント戦略を採用する必要があります。AWS Organizationsにすべての機能が有効になっている組織を作成しました。AWS Control Towerを設定し、ランディングゾーンを設定しました。組織

内のすべてのAWSアカウントでAWS Control Towerのコントロール（ガードレール）を使用する必要があります。マルチ環境アプリケーション用のアカウントを作成し、すべてのアカウントが初期ベースラインに設定されていることを確認する必要があります。

これらの要件を、運用オーバーヘッドが最も少ないソリューションはどれでしょうか？",FALSE,ベースライン設定を使用したAWS Control Tower Account Factory Customization (AFC)ブループリントを作成します。AWS Control Tower Account Factoryを使用して、ブループリントに基づいて各環境専用のAWSアカウントとCI/CDアカウントをプロビジョニングします。,TRUE,AWS Control Tower Account Factory を使用して、各環境専用のAWSアカウントとCI/CDアカウントをプロビジョニングします。AWS CloudFormation StackSets を使用して、新しいアカウントにベースライン設定を適用します。,FALSE,Organizations を使用して、マルチ環境 AWS アカウントと CI/CD アカウントをプロビジョニングします。Organizations 管理アカウントで、Organizations アクセスロールを引き受け、新しいアカウントにベースライン設定を適用する AWS Lambda 関数を作成します。,FALSE,Organizations を使用して、各環境専用の AWS アカウント、監査アカウント、CI/CD アカウントをプロビジョニングします。AWS CloudFormation StackSets を使用して、新しいアカウントにベースライン設定を適用します。,FALSE,,,,,"正解：A

**AWS Control Tower Account Factory（AFT/AFC）**のブループリントにベースライン（IAM、ログ/監査設定、必須タグ、Config/CloudTrail、GuardDuty 連携など）を定義しておけば、Account Factory でのアカウント作成時に自動適用されます。

既に Control Tower を導入しており、全アカウントでガードレール適用が必須という要件に最も合致。

追加の StackSets 運用（B）や、Control Tower 外でのアカウント発行と後付け自動化（C/D）より運用オーバーヘッドが最小です。",,,2025-11-21
DOP-C02-Q228,DevOpsチームがAWS ConfigでカスタムLambdaルールを作成しました。このルールは、Amazon Elastic Container Repository（Amazon ECR）のポリシーステートメントでecr:*アクションを監視します。準拠していないリポジトリが検出されると、Amazon EventBridgeはAmazon Simple Notification Service（Amazon SNS）を使用してセキュリティチームに通知をルーティングします。 カスタムAWS Configルールが評価されると、AWS Lambda関数の実行に失敗します。 この問題を解決するには、どのソリューションが適切でしょうか？,FALSE,Lambda 関数のリソースポリシーを変更して、関数を呼び出すための権限を AWS Config に付与します。,TRUE,SNS トピックポリシーを変更して、EventBridge が SNS トピックに公開するための設定変更を含めます。,FALSE,Lambda 関数の実行ロールを変更して、カスタム AWS Config ルールの構成変更を含めます。,FALSE,すべての ECR リポジトリポリシーを変更して、必要な ECR API アクションへのアクセス権を AWS Config に付与します。,FALSE,,,,,"正解：A

理由：AWS Config のカスタム（Lambda）ルールは、評価時に Config サービス（config.amazonaws.com）が該当の Lambda を呼び出せる権限が Lambda 関数側のリソースベースポリシーに必要です。これが無いと呼び出し自体が失敗し、評価エラーになります。
→ 例：aws lambda add-permission --function-name <fn> --statement-id ConfigInvoke --action lambda:InvokeFunction --principal config.amazonaws.com

他の選択肢
B：EventBridge→SNS は通知経路。Lambda 実行失敗の原因とは無関係。
C：実行ロールは Lambda が内部で呼ぶ API 権限（例：ecr:GetRepositoryPolicy など）に関係しますが、呼び出し権限の欠如による失敗は解消しません。
D：ECR リポジトリポリシーは不要。AWS Config が Lambda を呼べない問題の解決になりません。",,,2025-11-21
DOP-C02-Q229,開発者は、新しいSaaS（Software as a Service）アプリケーションの概念実証（PoC）を作成しています。アプリケーションは、AWS Organizations内の組織に属する共有開発用AWSアカウント内にあります。 開発者は、概念実証の対象としているAWSサービスに対して、サービスにリンクされたIAMロールを作成する必要があります。ソリューションでは、開発者がサービスにリンクされたロールのみを作成および設定できるようにする必要があります。 これらの要件を満たすソリューションはどれでしょうか？,FALSE,組織の管理アカウントに開発者用のIAMユーザーを作成します。開発者が使用できるように、開発アカウントにクロスアカウントロールを設定します。クロスアカウントロールの適用範囲は、一般的なサービスに限定します。,FALSE,開発者をIAMグループに追加します。PowerUserAccess管理ポリシーをIAMグループにアタッチします。ユーザーアカウントに多要素認証（MFA）を適用します。,FALSE,組織内の開発アカウントにSCPを追加します。開発者のアクセスを制限するために、iam:* の拒否ルールをSCPに設定します。,FALSE,開発者がポリシーとロールを作成できるように、必要なIAMアクセス権限を持つIAMロールを作成します。ロールに権限境界を作成し、アタッチします。開発者にロールを引き受けるためのアクセス権限を付与します。,TRUE,,,,,"正解：D

✅ 解説
要件を整理すると：
SaaS アプリ PoC 用の開発アカウントで作業→ Organizations 管理下の共有アカウント内サービスにリンクされたロール（Service-Linked Role, SLR）を作成する必要あり→ 例：AWSServiceRoleForCodeDeploy などしかし開発者にはそれ以外の IAM 操作をさせたくない→ 最小権限＋ロール作成の範囲制御が必要

✅ ソリューション概要
IAMロールを1つ作成し、開発者がそれをAssumeRoleできるようにする。
そのロールには次を設定：
必要最低限の IAM 権限（iam:CreateServiceLinkedRole など）

**権限境界（Permission Boundary）**を付与し、
→ 開発者が誤って他の強いポリシーを作成・付与できないよう制御。

これにより：
開発者は「サービスにリンクされたロール作成」に必要な操作だけ実行可能。

それ以外の IAM 権限（ユーザー・ポリシー・一般ロール管理など）は防止。

運用コストも最小限。

❌ 他の選択肢が不適な理由
Aクロスアカウントロールでは「サービスリンクロール作成制限」ができず、PoC環境に不必要な複雑さを追加。BPowerUserAccess は IAM 管理権限が制限されていない（ほぼ Admin に近い）。要件「SLR 以外の操作を防ぐ」に違反。CSCP の iam:* Deny では SLR 作成まで拒否される。きめ細かい制御ができず過剰拒否。

✅ 結論
D. 開発者が Assume できる IAM ロールを作成し、
そのロールに 権限境界を適用して SLR 作成のみ許可する。
これが最小権限かつ要件を完全に満たす構成です。",,,2025-11-21
DOP-C02-Q230,"ある企業はAWS Organizationsを使用してAWSアカウントを管理しています。この企業は、ルートユーザーがログインした際に監視システムがアラートを受信するようにしたいと考えています。また、ルートユーザーが生成したログアクティビティを表示するダッシュボードも必要です。

これらの要件を満たす手順の組み合わせはどれですか（3つ選択してください）。",TRUE,マルチアカウントアグリゲータでAWS Configを有効にします。Amazon CloudWatch Logsへのログ転送を設定します。,FALSE,Amazon CloudWatch Logs クエリを使用する Amazon QuickSight ダッシュボードを作成します。,FALSE,ルートユーザーのログインイベントに一致するAmazon CloudWatch Logsメトリクスフィルターを作成します。CloudWatchアラームとAmazon Simple Notification Service (Amazon SNS)トピックを設定して、会社の監視システムにアラートを送信します。,TRUE,ルートユーザーのログインイベントに一致するAmazon CloudWatch Logsサブスクリプションフィルターを作成します。フィルターを設定して、イベントをAmazon Simple Notification Service (Amazon SNS)トピックに転送します。SNSトピックは、会社の監視システムにアラートを送信するように設定します。,FALSE,AWS CloudTrail 組織証跡を作成します。Amazon CloudWatch Logs にイベントを送信するように組織証跡を設定します。,TRUE,CloudWatch Logs Insights クエリを使用する Amazon CloudWatch ダッシュボードを作成します。,TRUE,"正解：C、E、F
E. CloudTrailの組織証跡を作成し、CloudWatch Logsへ配信
すべてのアカウントのルートユーザー操作を一元的に取得。以降の検知・可視化のデータソースに。

C. ルートユーザーログインに一致するメトリクスフィルター＋アラーム/SNS
CloudWatch Logs上でConsoleLoginかつuserIdentity.type = ""Root""等に合致するフィルターを作成→アラーム→SNS経由で監視システムへ通知。

F. CloudWatch ダッシュボード（Logs Insightsウィジェット）
CloudWatch Logs Insightsのクエリをダッシュボード化し、組織全体のルートユーザー由来のアクティビティを可視化。

不正解の要点
A: AWS Configは設定変更のコンプライアンス向けで、ルートログイン検知やアクティビティ可視化の主経路ではない。

B: QuickSightは可能だが、最小運用での要件達成にはCloudWatchダッシュボード（F）が簡潔。

D: サブスクリプションフィルター→SNSは通知には使えるが、アラーム閾値管理ができず、通常は**メトリクスフィルター＋アラーム（C）**を用いるのが適切。",,,2025-11-21
DOP-C02-Q231,"ある企業は、AWS アカウントの管理に AWS Organizations を使用しています。DevOps エンジニアは、AWS マネジメントコンソールにアクセスするすべてのユーザーが、会社の企業 ID プロバイダー (IdP) を通じて認証されていることを確認する必要があります。

これらの要件を満たす手順の組み合わせはどれですか (2 つ選択してください)。",TRUE,委任された管理者アカウントで Amazon GuardDuty を使用する GuardDuty を使用して、IAM ユーザーのログインの拒否を強制します。,FALSE,AWS IAM Identity Center を使用して、SAML 2.0 による ID フェデレーションを設定します。,TRUE,AWS IAM Identity Center でアクセス許可の境界を作成し、IAM ユーザーのパスワードログインを拒否します。,FALSE,組織の管理アカウントに IAM グループを作成し、すべての IAM ユーザーに一貫した権限を適用します。,FALSE,IAM ユーザーのパスワード作成を拒否するために、組織内に SCP を作成します。,TRUE,,,"正解：B と E

✅ 理由
B. AWS IAM Identity Center（旧 AWS SSO）で SAML 2.0 フェデレーションを設定

企業の IdP（例：Azure AD、Okta、Google Workspace など） と連携し、AWS Management Console へのシングルサインオン (SSO) を実現。

これにより、すべてのユーザーは企業認証経由でログイン するようになる。

Identity Center が各 AWS アカウントへの一時的認証情報を発行（長期キーなし運用）。

E. SCP（サービスコントロールポリシー）で IAM ユーザーのパスワード作成を拒否

IdP 経由アクセスを強制するためには、
IAM ユーザーがコンソール用パスワードを作成することを防ぐ必要がある。

代表的なポリシー例：
{
  ""Version"": ""2012-10-17"",
  ""Statement"": [
    {
      ""Effect"": ""Deny"",
      ""Action"": ""iam:CreateLoginProfile"",
      ""Resource"": ""*""
    }
  ]
}
→ これで「IAMユーザーでの直接ログイン」を禁止し、企業IdP経由のみのアクセスを徹底できる。

❌ 他の選択肢の誤り
AGuardDuty は脅威検出サービスであり、IAM ユーザーのログイン制御や拒否は行えない。CIAM Identity Center に「アクセス許可の境界（permission boundary）」は存在しない。Identity Center は SSO 管理用であり、IAM パスワード拒否は SCP で制御する。DIAM グループによる一貫権限付与では SSO 強制にならない。IAM ユーザーが引き続き直接ログインできてしまう。

✅ まとめ
要件対応策企業 IdP 経由でのみ認証B. IAM Identity Center + SAML 2.0 フェデレーションIAMユーザーの直接ログイン防止E. SCPでCreateLoginProfile等をDeny
👉 最小運用コスト・高いセキュリティで実現できる構成です。",,,2025-11-21
DOP-C02-Q232,"ある企業が、Amazon Elastic Kubernetes Service (Amazon EKS) 上で実行される新しいプラットフォームを導入しました。この新しいプラットフォームは、ユーザーが頻繁に更新するウェブアプリケーションをホストしています。アプリケーション開発者は、アプリケーション用の Docker イメージを構築し、その Docker イメージを手動でプラットフォームにデプロイします。

プラットフォームの使用ユーザーは、毎日 500 人を超えるまでに増加しています。頻繁な更新、アプリケーション用の更新された Docker イメージの構築、プラットフォームへの Docker イメージの手動デプロイはすべて、管理が困難になっています。Docker

イメージのスキャンでオペレーティングシステムまたはプログラミング言語パッケージの脆弱性に関する重大または重大な結果が返された場合、この企業は Amazon Simple Notification Service (Amazon SNS) 通知を受け取る必要があります。

これらの要件を満たす手順の組み合わせはどれですか (2 つ選択してください)。",TRUE,DockerfileとKubernetesデプロイメントファイルを保存するためのAWS CodeCommitリポジトリを作成します。AWS CodePipelineでパイプラインを作成します。Amazon S3イベントを使用して、新しいバージョンのDockerfileがコミットされたときにパイプラインを呼び出します。パイプラインにAWS CodeBuildプロジェクトを開始するためのステップを追加します。,FALSE,DockerfileとKubernetesデプロイメントファイルを保存するためのAWS CodeCommitリポジトリを作成します。AWS CodePipelineでパイプラインを作成します。Amazon EventBridgeイベントを使用して、Dockerfileの新しいバージョンがコミットされたときにパイプラインを呼び出します。パイプラインにAWS CodeBuildプロジェクトを開始するためのステップを追加します。,TRUE,Docker イメージをビルドし、Amazon Elastic Container Registry (Amazon ECR) リポジトリに保存する AWS CodeBuild プロジェクトを作成します。ECR リポジトリの基本スキャンを有効にします。Amazon GuardDuty イベントを監視する Amazon EventBridge ルールを作成します。finding-severity-counts パラメータが CRITICAL または HIGH レベルで 0 より大きい場合に、SNS トピックにイベントを送信するように EventBridge ルールを設定します。,FALSE,Docker イメージをビルドし、Amazon Elastic Container Registry (Amazon ECR) リポジトリに保存する AWS CodeBuild プロジェクトを作成します。ECR リポジトリの拡張スキャンを有効にします。ECR イメージスキャンイベントを監視する Amazon EventBridge ルールを作成します。finding-severity-counts パラメータが CRITICAL または HIGH レベルで 0 より大きい場合に、SNS トピックにイベントを送信するように EventBridge ルールを設定します。,TRUE,Dockerfile をスキャンする AWS CodeBuild プロジェクトを作成します。プロジェクトを設定して、Docker イメージをビルドし、スキャンが成功した場合は Amazon Elastic Container Registry (Amazon ECR) リポジトリに Docker イメージを保存します。スキャンで脆弱性が見つかった場合に通知を送信する SNS トピックを設定します。,FALSE,,,"正解：B と D

B. CodeCommit + CodePipeline + EventBridge → CodeBuild

変更（コミット）をトリガに自動ビルド/デプロイのパイプライン化。S3イベントではなくCodeCommitのコミットをEventBridgeで検知するのが正しい。

D. ECR 拡張スキャン + EventBridge → SNS 通知

**ECRの拡張スキャン（Enhanced Scanning）**を有効化し、ECRのスキャン結果イベントをEventBridgeで監視。finding-severity-counts の CRITICAL/HIGH > 0 を条件に SNS 通知を送信。

GuardDutyは不要（Cは誤り）。Eは独自スキャン実装で運用負荷が高い。

この組み合わせで、頻繁な更新の自動化（CI/CD）と、重大脆弱性検知時の自動通知を最小運用で満たせます。",,,2025-11-21
DOP-C02-Q233,ある企業は、AWS Organizations 内の組織内の OU に AWS アカウントをグループ化しています。この企業は、Organizations アカウントの 1 つに Amazon API Gateway API セットをデプロイしました。これらの API はアカウントの VPC にバインドされており、既存の認証メカニズムはありません。特定の OU 内のプリンシパルのみが API を呼び出す権限を持つことができます。 この企業は、API Gateway インターフェイス VPC エンドポイントに次のポリシーを適用しています。 また、API Gateway リソースポリシーを更新し、インターフェイス VPC エンドポイントを経由しない呼び出しを拒否するようにしました。更新後、インターフェイス VPC エンドポイント URL を使用して API を呼び出そうとすると、「ユーザー: 匿名は承認されていません」というエラーメッセージが表示されます。 この問題を解決するには、どの手順の組み合わせを実行すればよいですか (2 つ選択してください)。,TRUE,認証方法として AWS JAM を設定して、すべての API メソッドで IAM 認証を有効にします。,TRUE,ベアラートークンで呼び出し元の ID を渡すトークンベースの AWS Lambda オーソライザーを作成します。,FALSE,ヘッダー、クエリ文字列パラメータ、ステージ変数、および $cortext 変数の組み合わせで呼び出し元の ID を渡す、リクエストパラメータベースの AWS Lambda オーソライザーを作成します。,FALSE,Amazon Cognito ユーザープールを承認者として使用して、API へのアクセスを制御します。,FALSE,署名バージョン 4 を使用して AWS 認証情報でクライアントリクエストに署名し、リクエスタの ID を確認します。,TRUE,,,"正解：A と E

A.（= AWS_IAM 認可を有効化）
いまは認証方式が未設定のため、呼び出しは**匿名（anonymous）**として評価され、API リソースポリシー／VPCE ポリシーの aws:PrincipalOrgPaths 条件に一致せず拒否されます。各メソッドを AWS_IAM に設定して、呼び出し元を IAM プリンシパルとして認可評価させる必要があります。

E.（SigV4 署名でリクエスト送信）
AWS_IAM 認可にしたら、クライアントは 署名バージョン4（SigV4） でリクエストに署名し、呼び出し元の IAM ユーザー／ロールを示す必要があります。これにより VPCE ポリシーの aws:PrincipalOrgPaths（特定 OU 制限）や API リソースポリシーの条件判定が正しく働きます。

Lambda オーソライザー（B/C）や Cognito（D）は今回の「Organizations の OU に属する IAM プリンシパルだけ許可」要件には不要です。",,,2025-11-21
DOP-C02-Q234,"ある企業は、新機能の開発時間を短縮したいと考えています。アプリケーションの構築とデプロイにはAWS CodeBuildとAWS CodeDeployを使用しています。また、各マイクロサービスを独自のCI/CDパイプラインでデプロイするためにAWS CodePipelineを使用しています。

新機能のリリース間隔の平均時間と、デプロイ失敗後の復旧時間の平均について、より詳細な可視性が必要です。

この可視性を、最小限の設定作業で実現できるソリューションはどれでしょうか？",FALSE,各パイプラインの成功実行と失敗実行に関する情報を含む Amazon CloudWatch カスタムメトリクスを作成する AWS Lambda 関数をプログラムします。Amazon EventBridge ルールを作成し、5 分ごとに Lambda 関数を起動します。これらのメトリクスを使用して、CloudWatch ダッシュボードを構築します。,FALSE,各パイプラインの成功実行と失敗実行に関する情報を含むAmazon CloudWatchカスタムメトリクスを作成するAWS Lambda関数をプログラムします。Amazon EventBridgeルールを作成し、成功実行と失敗実行のたびにLambda関数を起動します。これらのメトリクスを使用して、CloudWatchダッシュボードを構築します。,TRUE,成功した実行と失敗した実行に関する情報をAmazon DynamoDBに書き込むAWS Lambda関数をプログラムします。Amazon EventBridgeルールを作成し、成功した実行と失敗した実行のたびにLambda関数を起動します。DynamoDBからの情報を表示するAmazon QuickSightダッシュボードを構築します。,FALSE,成功した実行と失敗した実行に関する情報をAmazon DynamoDBに書き込むAWS Lambda関数をプログラムします。5分ごとにLambda関数を呼び出すAmazon EventBridgeルールを作成します。DynamoDBからの情報を表示するAmazon QuickSightダッシュボードを構築します。,FALSE,,,,,"正解：B

EventBridge → Lambda（都度起動） → CloudWatch カスタムメトリクスが最小構成。
CodePipeline の「成功／失敗」イベントで 都度 Lambda を起動し、

成功時：DeploymentSuccess（リリース頻度算出用）

失敗時：DeploymentFailure（次の成功までの差分で MTTR 算出）
などのメトリクスを発行。CloudWatch ダッシュボードで可視化できます。

A/D（5分おきのポーリング）は余計なバッチ処理が必要で運用負荷が増加。

C/D（DynamoDB＋QuickSight）は集計はできるが、設定と保守が重く最小構成ではない。",,,2025-11-21
DOP-C02-Q235,"ある企業が、Amazon S3バケットでホストされる静的ウェブサイトを開発しました。このウェブサイトはAWS CloudFormationを使用してデプロイされています。CloudFormationテンプレートは、S3バケットと、ソースロケーションからバケットにコンテンツをコピーするカスタムリソースを定義しています。

この企業はウェブサイトを新しいロケーションに移転する必要があると判断し、既存のCloudFormationスタックを削除して再作成する必要がありました。しかし、CloudFormationはスタックを完全に削除できなかったと報告しています。

最も可能性の高い原因は何でしょうか？また、DevOpsエンジニアは、このウェブサイトと将来のバージョンでこの問題をどのように軽減できるでしょうか？",FALSE,S3バケットにアクティブなウェブサイト設定があるため、削除に失敗しました。CloudFormationテンプレートを変更して、S3バケットリソースからWebsiteConfigurationプロパティを削除してください。,FALSE,S3バケットが空でないため、削除に失敗しました。カスタムリソースのAWS Lambda関数コードを変更し、RequestTypeがDeleteの場合にバケットを再帰的に空にするようにします。,TRUE,カスタムリソースに削除ポリシーが定義されていないため、削除に失敗しました。カスタムリソース定義にDeletionPolicyプロパティを追加し、値をRemoveOnDeletionに設定してください。,FALSE,S3バケットが空でないため、削除に失敗しました。CloudFormationテンプレートのS3バケットリソースを変更し、DeletionPolicyプロパティにEmptyという値を追加してください。,FALSE,,,,,"正解：B

原因：CloudFormation は中身が残っている S3 バケットを削除できません。静的サイトのオブジェクト（HTML/CSS/JS など）が入ったままのため、スタック削除が失敗した可能性が最も高いです。
対策：コンテンツを投入しているカスタムリソース（Lambda）を修正し、RequestType: Delete のときに対象バケットを再帰的に空にしてから処理を完了させます（List → DeleteObjects の繰り返し、バージョニング有効時は削除マーカー/全バージョンも削除）。

誤りの選択肢
A: WebsiteConfiguration の有無は削除可否に関係なし。空であれば削除可能。
C/D: DeletionPolicy に RemoveOnDeletion/Empty といった値は存在しません（有効なのは Delete / Retain / Snapshot）。",,,2025-11-21
DOP-C02-Q236,"ある企業は、主要なコンピューティングプラットフォームとしてAmazon EC2を使用しています。DevOpsチームは、EC2インスタンスに禁止されているアプリケーションがインストールされていないかどうかを確認するために、EC2インスタンスを監査したいと考えています。

これらの要件を最も効率的に満たすソリューションはどれでしょうか？",FALSE,各インスタンスでAWS Systems Managerを設定します。AWS Systems Managerのインベントリを使用します。Systems Managerのリソースデータ同期を使用して、検出結果を同期し、Amazon S3バケットに保存します。S3バケットに新しいオブジェクトが追加されたときに実行されるAWS Lambda関数を作成します。禁止されたアプリケーションを識別するようにLambda関数を設定します。,FALSE,各インスタンスでAWS Systems Managerを設定します。Systems Manager Inventoryを使用し、Systems Manager Inventoryからの変更を監視して禁止アプリケーションを特定するAWS Configルールを作成します。,TRUE,各インスタンスでAWS Systems Managerを設定します。Systems Manager Inventoryを使用します。AWS CloudTrailでSystems Manager Inventoryイベントの証跡をフィルタリングし、禁止されているアプリケーションを特定します。,FALSE,すべてのアプリケーションインスタンスのログ出力先としてAmazon CloudWatch Logsを指定します。すべてのインスタンスで自動スクリプトを実行し、インストール済みアプリケーションのインベントリを作成します。スクリプトの結果をCloudWatch Logsに転送するように設定します。フィルターパターンを使用してログデータを検索し、禁止されているアプリケーションを特定するCloudWatchアラームを作成します。,FALSE,,,,,"正解：B

理由：
まず各 EC2 を AWS Systems Manager (SSM) の管理対象にして Systems Manager Inventory を有効化すると、インストール済みアプリケーション一覧が収集できます。
そのうえで AWS Config の（カスタム）ルールを作成し、Inventory の変更をトリガに 禁止アプリの有無を評価すれば、違反インスタンスを自動検出できます。運用はマネージド連携中心でシンプル。

他案が不適な理由：
A：S3 へのリソースデータ同期＋Lambda で自作判定は実装・保守の手間が大きい。
C：CloudTrail の SSM Inventory イベントを眺めても、アプリ一覧の内容評価には不向き。
D：全インスタンスにスクリプト配布＋CloudWatch Logs 集約は手作業が多く、スケールしにくい。",,,2025-11-21
DOP-C02-Q237,"ある企業では、イベント駆動型のJavaScriptアプリケーションを運用しています。このアプリケーションは、イベントの発行、利用、ルーティングを行う、分離されたAWSマネージドサービスを使用しています。アプリケーションのテスト中、イベントはAmazon EventBridgeルールで指定されたターゲットに配信されません。DevOps

チームは、アプリケーションの再デプロイなしでイベントを表示、トラブルシューティング、およびイベントの損失を防ぐための追加機能をアプリケーションテスターに​​提供する必要があります。

これらの要件を満たすために、DevOpsチームはどのような手順の組み合わせを実行する必要がありますか？（3つ選択してください。）",TRUE,標準のテスト環境とプロジェクトを使用して AWS Device Farm を起動し、アプリケーションの特定のビルドを実行します。,FALSE,Amazon S3バケットを作成します。AWS CloudTrailを有効にします。S3バケットを保存場所として指定するCloudTrail証跡を作成します。,TRUE,Amazon Simple Queue Service (Amazon SQS) 標準キューをデッドレターキューとして使用するように EventBridge ルールを設定します。,TRUE,Amazon Simple Queue Service (Amazon SQS) FIFO キューをデッドレターキューとして使用するように EventBridge ルールを設定します。,FALSE,Amazon CloudWatch Logs でロググループを作成し、EventBridge ルールの追加ターゲットとしてロググループを指定します。,TRUE,AWS X-Ray SDK トレース機能を使用して X-Amzn-Trace-Id ヘッダーをサポートするコードをインストルメントするようにアプリケーションコードベースを更新します。,FALSE,"正解：B、C、E

B. CloudTrail を有効化して S3 に配信
イベント発行側の PutEvents などの API コールを監査でき、誰が/いつ/どのバスへ発行したかの追跡に役立つ（再デプロイ不要）。

C. SQS 標準キューを EventBridge ルールの DLQ に設定
ターゲット配信に失敗したイベントをデッドレターとして保全して取り逃しを防止。EventBridge の DLQ は 標準キューが対象。

E. CloudWatch Logs を EventBridge ルールの追加ターゲットに設定
受け取ったイベントをそのままログ出力し、内容を可視化・トラブルシュート可能（アプリの再デプロイ不要）。

不正解の理由（要旨）
A: Device Farm はモバイル/ウェブ UI の実機テスト用で EventBridge の配信診断には不適。

D: EventBridge の DLQ は FIFO キュー非対応。

F: X-Ray の導入はコード変更・再デプロイが必要で要件に反する。",,,2025-11-21
DOP-C02-Q238,"ある企業がコンテナベースのワークロードを AWS Organizations のマルチアカウント環境に移行しています。この環境は、コンテナ化されたワークロードのデプロイと実行に使用するアプリケーションワークロードアカウントで構成されています。また、組織内の共有ワークロード用に共有サービスアカウントもプロビジョニングしています。企業

は厳格なコンプライアンス規制に従う必要があります。すべてのコンテナイメージは、環境にデプロイされる前にセキュリティスキャンを受ける必要があります。イメージは、重大な脆弱性がなくスキャンに合格した後、下流のデプロイメントメカニズムで使用できます。デプロイメントでスキャン前イメージが使用されないように、スキャン前イメージとスキャン後イメージは互いに分離する必要があります。DevOps

エンジニアは、このプロセスを一元管理するための戦略を作成する必要があります。

これらの要件を満たし、管理オーバーヘッドが最も少ないのはどの手順の組み合わせですか？ (2 つ選択してください)。",TRUE,共有サービスアカウントにAmazon Elastic Container Registry (Amazon ECR)リポジトリを作成します。プレスキャンイメージごとに1つ、ポストスキャンイメージごとに1つです。プレスキャンリポジトリへの新しいイメージのプッシュ時にAmazon ECRイメージスキャンが実行されるように設定します。リソースベースのポリシーを使用して、組織にプレスキャンリポジトリへの書き込みアクセスとポストスキャンリポジトリへの読み取りアクセスを付与します。,TRUE,コンテナイメージを公開する各アカウントに、スキャン前の Amazon Elastic Container Registry (Amazon ECR) リポジトリを作成します。スキャン後のイメージ用のリポジトリは共有サービスアカウントに作成します。スキャン前のリポジトリに新しいイメージがプッシュされた際に Amazon ECR イメージスキャンが実行されるように設定します。リソースベースのポリシーを使用して、組織にスキャン後のリポジトリへの読み取りアクセス権限を付与します。,FALSE,イメージの事前スキャン リポジトリからイメージの事後スキャン リポジトリへの各イメージのイメージ レプリケーションを構成します。,FALSE,AWS CodePipeline で、各プレスキャンリポジトリ用のパイプラインを作成します。新しいイメージがプレスキャンリポジトリにプッシュされた際に実行されるソースステージを作成します。AWS CodeBuild をアクションプロバイダーとして使用するステージを作成します。イメージのスキャンステータスを判定し、重大な脆弱性のないイメージをポストスキャンリポジトリにプッシュする buildspec.yaml 定義を記述します。,FALSE,AWS Lambda関数を作成します。イメージスキャン完了イベントに反応してLambda関数を呼び出すAmazon EventBridgeルールを作成します。イメージスキャンのステータスを判定し、重大な脆弱性のないイメージをスキャン後リポジトリにプッシュする関数コードを記述します。,TRUE,,,"正解：A と E

A. 共有サービスアカウントに「プレスキャン用」「ポストスキャン用」ECR を分離して集中管理
共有サービスアカウントに集約することで管理一元化。
プレスキャン: 組織内アカウントから書き込み可（push）
ポストスキャン: 下流デプロイ側は読み取りのみ
ECR の**スキャン（on push）**をプレスキャン側に有効化 → スキャン前と後を明確に分離
E. EventBridge（ECRのスキャン完了イベント）→ Lambda で合格のみポストスキャンへ昇格
画像スキャン完了イベントで Lambda 起動
CRITICAL/HIGH = 0 などを判定し、合格したイメージのみポストスキャン・リポジトリへコピー（BatchGetImage＋PutImage で同アカウント内コピー可）
不合格は留め置き（隔離）→ 下流はポストスキャンのみ参照するため、未スキャン/不合格の利用を防止
サーバレスで運用オーバーヘッドが最小

他案が劣る理由
B: 各アカウントにプレスキャン・リポジトリを作ると分散運用で管理が煩雑。
C: ECR レプリケーションはスキャン結果に基づく条件付き移送ができないため、未合格が混入する恐れ。
D: リポジトリごとに CodePipeline を作るのはオーバーヘッドが大きい。",,,2025-11-21
DOP-C02-Q239,"ある企業は、Amazon Elastic Kubernetes Service (Amazon EKS) クラスターを使用して、コンテナ上にウェブアプリケーションをデプロイしています。ウェブアプリケーションには、特定の認証情報なしでは復号できない機密データが含まれています。DevOps

エンジニアは、この認証情報を AWS Secrets Manager に保存しました。シークレットは、AWS Key Management Service (AWS KMS) のカスタマー管理キーによって暗号化されています。サードパーティツールの Kubernetes サービスアカウントによって、アプリケーションでシークレットを利用できるようになります。このサービスアカウントは、企業がシークレットにアクセスするために作成した IAM ロールを引き受けます。サービス

アカウントは、Secrets Manager からシークレットを取得しようとした際に、アクセス拒否 (403 Forbidden) エラーを受け取ります。

この問題の根本的な原因は何でしょうか？",FALSE,EKS クラスターにアタッチされている IAM ロールには、Secrets Manager からシークレットを取得するアクセス権がありません。,FALSE,カスタマー管理キーのキーポリシーでは、Kubernetes サービス アカウントの IAM ロールによるキーの使用が許可されていません,TRUE,カスタマー管理キーのキーポリシーでは、EKS クラスターの IAM ロールによるキーの使用が許可されていません,FALSE,Kubernetes サービス アカウントが引き受けている IAM ロールには、EKS クラスターにアクセスする権限がありません。,FALSE,,,,,"正解：B

シークレット自体の secretsmanager:GetSecretValue 権限があっても、暗号化に使った KMS のカスタマー管理キー (CMK) のキー・ポリシーで、そのサービスアカウントが引き受ける IAM ロールに対して kms:Decrypt（少なくとも kms:Decrypt と kms:DescribeKey）の使用許可がないと、復号できず 403 Forbidden になります。
EKS クラスターのロール権限は関係ありません（Cは不正解）。",,,2025-11-21
DOP-C02-Q240,"ある企業が、製品開発チームをオンプレミスのデータセンターからハイブリッド環境に移行しています。新しい環境では 4 つの AWS リージョンが追加され、開発者は地理的に最も近いリージョンを使用できるようになります。

すべての開発チームは、Linux アプリケーションの共有セットを使用しています。オンプレミスのデータセンターは、アプリケーションを NetApp ONTAP ストレージデバイスに保存します。ストレージボリュームは、開発用のオンプレミス VM に読み取り専用でマウントされます。同社は共有ボリューム上のアプリケーションを週に 1 回更新しています。DevOps

エンジニアは、すべての新しいリージョンにデータを複製する必要があります。DevOps エンジニアは、重複排除によってデータが常に最新の状態であることを確認する必要があります。また、データはオンプレミスのストレージデバイスの可用性に依存してはなりません。

これらの要件を満たすソリューションはどれですか。",FALSE,オンプレミスデータセンターに Amazon S3 ファイルゲートウェイを作成します。各リージョンに S3 バケットを作成します。ストレージデバイスから S3 ファイルゲートウェイにデータをコピーする cron ジョブを設定します。各リージョンの S3 バケットに S3 クロスリージョンレプリケーション (CRR) を設定します。,FALSE,1 つのリージョンに Amazon FSx ファイルゲートウェイを作成します。各リージョンの Amazon FSx for Windows ファイルサーバーにファイルサーバーを作成します。ストレージデバイスから FSx ファイルゲートウェイにデータをコピーする cron ジョブを設定します。,FALSE,各リージョンにマルチAZ Amazon FSx for NetApp ONTAPインスタンスとボリュームを作成します。オンプレミスストレージデバイスとFSx for ONTAPインスタンス間のスケジュールされたSnapMirror関係を設定します。,TRUE,各リージョンに Amazon Elastic File System (Amazon EFS) ファイルシステムを作成します。オンプレミスデータセンターに AWS DataSync エージェントをデプロイします。DataSync がデータを Amazon EFS に毎日コピーするようにスケジュールを設定します。,FALSE,,,,,"正解：C

FSx for NetApp ONTAP × SnapMirrorを各リージョンに配置し、オンプレの NetApp ONTAP からスケジュール複製。

SnapMirror は ブロックレベル増分と 重複排除/圧縮の効率を活かして転送量を抑えつつ最新化でき、オンプレ可用性に依存せず AWS 側に独立コピーを保持できます。

A/B/D は、S3 や FSx for Windows、EFS/DataSync で要件（NetApp ネイティブ複製・重複排除最適化・多リージョン同構成）と一致しません。",,,2025-11-21
DOP-C02-Q241,"ある企業には、Amazon S3 バケットに個人識別情報 (PII) を含むデータを保存するアプリケーションがあります。すべてのデータは、AWS Key Management Service (AWS KMS) のカスタマー管理キーで暗号化されています。すべての AWS リソースは、AWS CloudFormation テンプレートからデプロイされています。DevOps

エンジニアは、別の AWS アカウントにアプリケーションの開発環境をセットアップする必要があります。開発環境の S3 バケット内のデータは、本番環境の S3 バケットから週に 1 回更新する必要があります。

企業は、PII を匿名化せずに本番環境から PII を移動してはなりません。各環境のデータは、異なる KMS カスタマー管理キーで暗号化する必要があります。

これらの要件を満たすために、DevOps エンジニアが実行する必要がある手順の組み合わせはどれですか (2 つ選択してください)。",TRUE,本番環境アカウントのS3バケットでAmazon Macieを有効化します。AWS Step Functionsステートマシンを作成し、検出ジョブを開始してすべてのPII（個人情報）を削除してから、開発アカウントのS3バケットにファイルをコピーします。ステートマシンタスクに、本番環境アカウントのKMSキーに対する復号権限を付与します。開発アカウントのステートマシンタスクに、KMSキーに対する暗号化権限を付与します。,TRUE,本番環境用S3バケットと開発環境用S3バケット間のS3レプリケーションを設定します。開発環境用S3バケットでAmazon Macieを有効化します。AWS Step Functionsステートマシンを作成し、検出ジョブを開始して、開発環境用S3バケットにファイルがコピーされる際にすべてのPII（個人情報）を削除します。ステートマシンタスクに、開発アカウントのKMSキーに対する暗号化および復号化の権限を付与します。,FALSE,本番環境のS3バケットから開発環境のS3バケットにファイルをコピーするS3バッチオペレーションジョブを設定します。開発アカウントで、すべての個人情報（PII）を削除するAWS Lambda関数を設定します。S3 Object Lambda関数をS3 GETリクエストに使用するように設定します。開発アカウントで、Lambda関数のIAMロールにKMSキーの暗号化および復号化権限を付与します。,FALSE,開発アカウントの CloudFormation テンプレートから開発環境を作成します。Amazon EventBridge ルールをスケジュールし、AWS Step Functions ステートマシンを週に 1 回起動します。,TRUE,開発アカウントのCloudFormationテンプレートから開発環境を作成します。Amazon EC2インスタンスでcronジョブを週1回実行し、S3バッチオペレーションジョブを開始するようにスケジュールします。,FALSE,,,"正解：A と D

A（PIIを移送前に除去＋鍵の切替を担保）
本番バケットで Macie による検出ジョブを実行 → Step Functions でワークフローを組み、PII を削除（匿名化）してから 開発バケットへコピー。
その際、本番側 KMS CMK の復号権限 と 開発側 KMS CMK の暗号化権限 をタスクに付与し、環境ごとに異なる鍵での保存を満たす。
D（週1の自動実行をマネージドで実現）
EventBridge スケジュール → Step Functions を 週1回起動して A の処理を定期実行。EC2 や自前ジョブ不要で運用負荷が小さい。

他の選択肢が不適な理由
B：S3 レプリケーションで PII をそのまま開発へ移送してから除去は要件違反。
C：Object Lambda は 取得時フィルタであり、保存データは PII を含んだまま移送され要件違反。
E：EC2 で cron 実行は運用負荷が高く、バッチオペでの生コピーはやはり PII 移送の懸念。",,,2025-11-21
DOP-C02-Q242,"ある企業では、Amazon Elastic Kubernetes Service (Amazon EKS) クラスターを使用して機械学習 (ML) アプリケーションをホストしています。ML モデルとコンテナイメージのサイズが大きくなるにつれて、新しいポッドの起動にかかる時間が数分にまで増加しました。DevOps

エンジニアは、起動時間を数秒に短縮する必要があります。また、このソリューションでは、クラスターに最近追加されたノードでポッドが実行される場合の起動時間も数秒に短縮する必要があります。DevOps

エンジニアは、AWS Systems Manager で自動化を呼び出す Amazon EventBridge ルールを作成します。自動化は、新しいイメージがリポジトリにプッシュされると、Amazon Elastic Container Registry (Amazon ECR) リポジトリからコンテナイメージをプリフェッチします。DevOps エンジニアは、クラスターとノードグループに適用するタグも設定します。DevOps

エンジニアは、要件を満たすために次に何をすべきでしょうか?",FALSE,EventBridge が Systems Manager を使用して EKS クラスターのコントロールプレーンノードでコマンドを実行できるようにするポリシーを持つ IAM ロールを作成します。コントロールプレーンノードのタグを使用して対応するコンテナイメージをプリフェッチする Systems Manager ステートマネージャーの関連付けを作成します。,FALSE,EventBridge が Systems Manager を使用して EKS クラスターのノードでコマンドを実行できるようにするポリシーを持つ IAM ロールを作成します。ノードのマシンサイズを使用して対応するコンテナイメージをプリフェッチする Systems Manager ステートマネージャーの関連付けを作成します。,FALSE,EventBridge が Systems Manager を使用して EKS クラスターのノードでコマンドを実行できるようにするポリシーを持つ IAM ロールを作成します。ノードのタグを使用して対応するコンテナイメージをプリフェッチする Systems Manager ステートマネージャーの関連付けを作成します。,TRUE,EventBridge が Systems Manager を使用して EKS クラスターのコントロールプレーンノードでコマンドを実行できるようにするポリシーを持つ IAM ロールを作成します。ノードのタグを使用して対応するコンテナイメージをプリフェッチする Systems Manager ステートマネージャーの関連付けを作成します。,FALSE,,,,,"正解：C

理由

EKS のコントロールプレーンはマネージドで、ユーザーが SSM でコマンド実行する対象ではありません（A/Dは不可）。

目的は各ワーカーノードに事前に docker pull/ctr pull させて起動を秒単位にすること。

すでにクラスター/ノードグループにタグを付けているため、そのタグで対象ノードを選択して SSM State Manager の関連付けを作り、EventBridge→SSM Automation からノード上でイメージのプリフェッチを実行するのが筋。

マシンサイズでの選別（B）は要件・設計意図とズレる。
→ よって、EventBridge が SSM を用いて EKS ノードにコマンドを実行できる IAM ロールを作成し、ノードのタグに基づいて該当イメージをプリフェッチする State Manager の関連付けを設定する（C）。",,,2025-11-21
DOP-C02-Q243,ある企業のアプリケーションには、ワークロードメトリクスを取得するAPIがあります。大規模な問題検出のためには、アプリケーションからこれらのメトリクスを監査、分析、可視化する必要があります。 これらの要件を満たす手順の組み合わせはどれですか（3つ選択してください）。,TRUE,Amazon EventBridge スケジュールを設定して、ワークロードメトリクスを取得する API を呼び出す AWS Lambda 関数を呼び出します。ワークロードメトリクスデータは Amazon S3 バケットに保存します。,TRUE,Amazon EventBridge スケジュールを設定して、API を呼び出してワークロードメトリクスを取得する AWS Lambda 関数を起動します。ワークロードメトリクスデータは、DynamoDB ストリームが有効になっている Amazon DynamoDB テーブルに保存します。,FALSE,AWS Glue クローラーを作成し、Amazon S3 バケット内のワークロードメトリクスデータをカタログ化します。カタログ化されたデータ用の Amazon Athena ビューを作成します。,TRUE,AWS Glue クローラーを Amazon DynamoDB ストリームに接続し、ワークロードメトリクスデータをカタログ化します。カタログ化されたデータ用のビューを Amazon Athena に作成します。,FALSE,Amazon Athena ビューから Amazon QuickSight データセットを作成します。ワークロードメトリクスデータをダッシュ​​ボードとして視覚化するための QuickSight 分析を作成します。,TRUE,AWS Lambda関数を呼び出すカスタムウィジェットを備えたAmazon CloudWatchダッシュボードを作成します。Amazon AthenaビューからワークロードメトリクスデータをクエリするようにLambda関数を設定します。,FALSE,"正解：A、C、E

A：EventBridge スケジュール → Lambda で API からメトリクス取得し S3 に保存（監査・長期保管に最適）。

C：Glue クローラーで S3 上のデータをカタログ化し、Athena でクエリ（分析基盤を最小構成で用意）。

E：QuickSight を Athena ビューに接続して ダッシュボード可視化。

B/D/Fは、分析・可視化までの最短経路として冗長もしくは不適（DynamoDBやCloudWatchダッシュボードは本要件に非最適）。",,,2025-11-21
DOP-C02-Q244,"DevOps エンジニアがアプリケーションのインフラストラクチャを構築しています。アプリケーションは、Amazon EC2 インスタンスを含む Amazon Elastic Kubernetes Service (Amazon EKS) クラスター上で実行する必要があります。EC2 インスタンスは、ストレージバックエンドとして Amazon Elastic File System (Amazon EFS) ファイルシステムを使用する必要があります。Amazon EFS Container Storage Interface (CSI) ドライバーが EKS クラスターにインストールされています。DevOpsエンジニアがアプリケーションを起動しても、EC2 インスタンスは EFS ファイルシステムをマウントしません。

この問題を解決するには、どのような解決策がありますか？（3 つ選択してください。）",TRUE,EKS ノードを Amazon EC2 から AWS Fargate に切り替えます。,FALSE,EFS ファイルシステムのセキュリティグループに受信ルールを追加して、EKS クラスターからの NFS トラフィックを許可します。,TRUE,Amazon EFS CSIドライバーがファイルシステムと対話できるようにするIAMロールを作成する,TRUE,AWS DataSync をセットアップして、EFS ファイルシステムと EKS ノード間のファイル転送を設定します。,FALSE,EKS ノードのサブネットに EFS ファイルシステムのマウントターゲットを作成します。,TRUE,暗号化または EFS ファイル システムを無効にします。,FALSE,"正解：B、C、E

B. EFS（マウントターゲット側）のセキュリティグループに、EKS ノードのセキュリティグループからの NFS(2049/TCP) を許可する受信ルールを追加。

C. EFS CSI ドライバー用の IAM ロール（IRSA 推奨） を作成し、必要な権限（例：elasticfilesystem:ClientMount、アクセスポイントを使う場合は CreateAccessPoint/DeleteAccessPoint など）を付与。

E. EKS ノードがいる 各 AZ のサブネットに EFS のマウントターゲット を作成（ノードと同一 AZ に MT がないとマウント失敗しやすい）。

A/D/F は問題の本質（ネットワーク到達性・EFS 連携権限・マウントターゲット不足）に関係しません。",,,2025-11-21
DOP-C02-Q245,"ある企業が、自社のオンプレミスデータセンター内のオンプレミスデバイスにアプリケーションをデプロイしています。データセンターと自社のAWSアカウントの間では、AWS Direct Connect接続を使用しています。オンプレミスデバイスの初期セットアップ時およびアプリケーションの更新時に、アプリケーションはAmazon Elastic File System（Amazon EFS）ファイルシステムから設定ファイルを取得する必要があります。オンプレミス

デバイスからAmazon EFSへのすべてのトラフィックは、プライベートかつ暗号化された状態を維持する必要があります。オンプレミスデバイスは、AWSアクセスにおいて最小権限の原則に従う必要があります。同社のDevOpsチームは、他のデバイスのアクセスに影響を与えずに、単一のデバイスからのアクセスを取り消す機能を必要としています。

これらの要件を満たす手順の組み合わせはどれですか？（2つ選択してください。）",TRUE,各デバイスにアクセスキーとシークレットキーを持つIAMユーザーを作成します。すべてのIAMユーザーにAmazonElasticFileSystemFullAccessポリシーをアタッチします。オンプレミスデバイス上のAWS CLIで、IAMユーザーのアクセスキーとシークレットキーを使用するように設定します。,FALSE,AWSプライベート認証局で、オンプレミスの各デバイスの証明書を生成します。IAM Roles Anywhereに、AWSプライベートCAを参照するトラストアンカーを作成します。IAM Roles Anywhereを信頼するIAMロールを作成します。AmazonElasticFileSystemClientReadWriteAccessをロールにアタッチします。IAMロール用のIAM Roles Anywhereプロファイルを作成します。オンプレミスデバイス上のAWS CLIを設定し、aws_signing_helperコマンドを使用して認証情報を取得します。,TRUE,すべてのデバイスにアクセスキーとシークレットキーを持つIAMユーザーを作成します。AmazonElasticFileSystemClientReadWriteAccessポリシーをIAMユーザーにアタッチします。オンプレミスデバイス上のAWS CLIで、IAMユーザーのアクセスキーとシークレットキーを使用するように設定します。,FALSE,amazon-efs-utils パッケージを使用して EFS ファイルシステムをマウントします。,TRUE,ネイティブ Linux NFS クライアントを使用して EFS ファイル システムをマウントします。,FALSE,,,"正解：B と D

B. IAM Roles Anywhere（＋AWS Private CA）で各デバイスに一時認証情報を付与
各デバイス証明書→Roles Anywhere→一時クレデンシャルで 最小権限（例：AmazonElasticFileSystemClientReadWriteAccess）。
証明書失効 or プロファイル無効化で 個別デバイスだけ即時にアクセス取り消しが可能。

D. amazon-efs-utils でマウント（tls／iam オプション）
EFS マウントヘルパーは TLS による通信暗号化と SigV4（IAM 認可）をサポート。Direct Connect 経由でもプライベートかつ暗号化を満たせます。

A/C は長期アクセスキー（非推奨）で最小権限や個別失効の運用が難しく、
E（ネイティブ NFS）のみでは 暗号化（TLS）や IAM 認可を満たせません。",,,2025-11-21
DOP-C02-Q246,"DevOpsエンジニアは、AWS CodeDeployとAWS CloudFormationを使用して、アプリケーションのAmazon Elastic Container Service（Amazon ECS）ブルー/グリーンデプロイを設定しています。デプロイ期間中、アプリケーションは高可用性を維持する必要があり、CodeDeployはすべてのトラフィックが移行されるまで、毎分10%のトラフィックをアプリケーションの新しいバージョンに移行する必要があります。

これらの要件を満たすために、DevOpsエンジニアはCloudFormationテンプレートにどのような設定を追加する必要がありますか？",FALSE,CodeDeployDefault.ECSLinearl OPercentEveryl Minutes デプロイメント構成を含む AppSpec ファイルを追加します。,FALSE,CodeDeployDefault.ECSLinear10PercentEvery1Minutes デプロイ構成を使用して、AWS::CodeDeployBlueGreen トランスフォームと AWS::CodeDeploy::BlueGreen フックパラメータを追加します。,TRUE,ECSCanary10Percent5Minutes デプロイメント構成を含む AppSpec ファイルを追加します。,FALSE,ECSCanary10Percent5Minutes デプロイ設定で、AWS::CodeDeployBlueGreen トランスフォームと AWS::CodeDepioy::BlueGreen フックパラメータを追加します。,FALSE,,,,,"正解：B

CloudFormationの AWS::CodeDeployBlueGreen トランスフォーム と AWS::CodeDeploy::BlueGreen フックを使い、
CodeDeployDefault.ECSLinear10PercentEvery1Minutes の 事前定義デプロイ構成を指定します。

これで 毎分10%ずつトラフィックを新バージョンへ段階移行し、全移行が終わるまで高可用性を維持できます。",,,2025-11-21
DOP-C02-Q247,"ある企業は、AWS Organizations 内の組織を使用して AWS アカウントを管理しています。同社の DevOps チームは、Organizations API を呼び出して新しい AWS アカウントを作成する AWS Lambda 関数を開発しました。

この Lambda 関数は、組織の管理アカウントで実行されます。DevOps チームは、この Lambda 関数を管理アカウントから専用の AWS アカウントに移動する必要があります。DevOps チームは、Lambda 関数を新しいアカウントにデプロイする前に、Lambda 関数が Organizations 内でのみ新しい AWS アカウントを作成できることを確認する必要があります。

これらの要件を満たすソリューションはどれでしょうか？",FALSE,管理アカウントで、Organizations に新しいアカウントを作成するために必要な権限を持つ新しい IAM ロールを作成します。新しい AWS アカウントの Lambda 実行ロールがこのロールを引き受けられるようにします。Lambda 関数が新しい AWS アカウントを作成する際に、このロールを引き受けるように Lambda 関数のコードを更新します。Lambda 実行ロールを更新し、新しいロールを引き受ける権限が付与されていることを確認します。,TRUE,管理アカウントで、Organizations の委任管理を有効にします。新しい AWS アカウントに Organizations で新しい AWS アカウントを作成する権限を付与する新しい委任ポリシーを作成します。Lambda 実行ロールに organizations:CreateAccount 権限があることを確認します。,FALSE,管理アカウントで、Organizations に新しいアカウントを作成するために必要な権限を持つ新しい IAM ロールを作成します。このロールを Lambda サービスプリンシパルが引き受けられるようにします。Lambda 関数が新しい AWS アカウントを作成する際に、このロールを引き受けられるように Lambda 関数のコードを更新します。Lambda 実行ロールを更新し、新しいロールを引き受ける権限が付与されていることを確認します。,FALSE,管理アカウントで、AWS Control Tower を有効にします。AWS Control Tower の委任管理をオンにします。新しい AWS アカウントが AWS Control Tower で新しい AWS アカウントを作成できるようにするリソースポリシーを作成します。新しい AWS アカウントで AWS Control Tower API を使用できるように、Lambda 関数のコードを更新します。Lambda 実行ロールに controltower:CreateManagedAccount 権限があることを確認します。,FALSE,,,,,"正解：A

理由：organizations:CreateAccount は管理アカウントの権限でのみ実行できます。
したがって、Lambda を専用（メンバー）アカウントに移す場合は、管理アカウント側に必要権限を持つ IAM ロールを作成し、専用アカウントの Lambda 実行ロールにそのロールをsts:AssumeRoleさせるのが正解です。
Lambda 関数の実行時にそのロールを明示的に引き受けて Organizations API を呼び出すことで、「Organizations 内でのみ」アカウント作成が可能になります。

他案が不適な理由
B：Organizations の「委任管理」は CreateAccount をメンバーに委任しません。
C：ロールを Lambda サービスプリンシパルに開放しても、別アカウントの関数からは使えません（クロスアカウント委任になっていない）。
D：Control Tower 導入は過剰かつ要件外。Lambda から Control Tower API を使う必要はありません。",,,2025-11-21
DOP-C02-Q248,"ある企業が単一のAWSリージョンにアプリケーションをデプロイしました。アプリケーションのバックエンドはAmazon DynamoDBテーブルとAmazon S3バケットを使用しています。

この企業は、アプリケーションをセカンダリリージョンにデプロイしたいと考えています。DynamoDBテーブルとS3バケットのデータが両方のリージョン間で維持されるようにする必要があります。また、データはリージョン間で即座に伝播される必要があります。

これらの要件を最も効率的に満たすソリューションはどれでしょうか？",FALSE,プライマリリージョンのS3バケットとセカンダリリージョンのS3バケット間で双方向のS3バケットレプリケーションを実装します。DynamoDBテーブルをグローバルテーブルに変換します。セカンダリリージョンを追加リージョンとして設定します。,TRUE,すべてのS3バケットに対して、プライマリリージョンとセカンダリリージョン間のS3バッチオペレーションコピージョブを実装します。DynamoDBテーブルをグローバルテーブルに変換します。セカンダリリージョンを追加リージョンとして設定します。,FALSE,プライマリリージョンのS3バケットとセカンダリリージョンのS3バケット間で双方向のS3バケットレプリケーションを実装します。両リージョンのDynamoDBテーブルでDynamoDBストリームを有効にします。各リージョンで、DynamoDBストリームをサブスクライブするAWS Lambda関数を作成します。Lambda関数は、新しいレコードをもう一方のリージョンのDynamoDBテーブルにコピーするように設定します。,FALSE,すべてのS3バケットに対して、プライマリリージョンとセカンダリリージョン間のS3バッチオペレーションのコピージョブを実装します。両リージョンのDynamoDBテーブルでDynamoDBストリームを有効にします。各リージョンで、DynamoDBストリームをサブスクライブするAWS Lambda関数を作成します。Lambda関数は、新しいレコードを他のリージョンのDynamoDBテーブルにコピーするように設定します。,FALSE,,,,,"答え：A

理由（要点）
DynamoDBはGlobal Tablesが最適解。各リージョンでマルチマスター書き込みができ、変更は数秒オーダーで自動レプリケーションされます。Lambda＋Streams で自前複製（C/D）は二重書き込み・順序制御・リトライなどの運用負荷が高く、衝突処理も自作になり非効率。

S3はクロスリージョンレプリケーション（CRR）を双方向に設定するのがリアルタイム同期に最も近い選択肢。S3 Replication Time Control (RTC) を併用すれば、15分以内のSLAで大半が数分以内に伝搬します。
バッチオペレーション（B/D）は一括コピー用途で、継続的・即時伝搬要件を満たしません。

補足：S3は“厳密な即時”は提供していません。要件が「実運用上の即時（数分以内）」ならAがベストプラクティスです。サブ秒レベルの双方向即時性が本当に必要なのはDynamoDB Global Tables側で満たし、S3はRTCで実務十分なレベルまで短縮する、という設計が一般的です。",,,2025-11-21
DOP-C02-Q249,"ある企業が、RDS DBインスタンスにAmazon RDSストレージの自動スケーリングを設定しました。DevOpsチームは、Amazon CloudWatchダッシュボードで自動スケーリングイベントを視覚化する必要があります。

この要件を満たすソリューションはどれでしょうか？",FALSE,RDS イベントからの RDS ストレージ自動スケーリングイベントに反応する Amazon EventBridge ルールを作成します。CloudWatch カスタムメトリクスを発行する AWS Lambda 関数を作成します。EventBridge ルールを設定して Lambda 関数を呼び出します。CloudWatch ダッシュボードを使用してカスタムメトリクスを視覚化します。,TRUE,管理イベントが設定されたAWS CloudTrailを使用して証跡を作成します。管理イベントをAmazon CloudWatch Logsに送信するように証跡を設定します。RDSストレージの自動スケーリングイベントに一致するメトリクスフィルターをCloudWatch Logsに作成します。CloudWatchダッシュボードを使用して、メトリクスフィルターを視覚化します。,FALSE,RDS イベントから RDS ストレージの自動スケーリングイベントに反応する Amazon EventBridge ルールを作成します。CloudWatch アラームを作成します。EventBridge ルールを設定して、CloudWatch アラームのステータスを変更します。CloudWatch ダッシュボードを使用してアラームのステータスを視覚化します。,FALSE,データイベントが設定されたAWS CloudTrailを使用して証跡を作成します。証跡を設定して、データイベントをAmazon CloudWatch Logsに送信します。RDSストレージの自動スケーリングイベントに一致するメトリクスフィルターをCloudWatch Logsに作成します。CloudWatchダッシュボードを使用して、メトリクスフィルターを視覚化します。,FALSE,,,,,"答え：A

理由（簡潔）
RDSのストレージ自動スケーリングは「RDSイベント」として発生します。これをEventBridgeで受け、Lambdaが CloudWatch のカスタムメトリクス（例：RDS/StorageAutoscaling, Metric: ScaleUp=1）を発行すれば、CloudWatchダッシュボードで時系列に可視化できます。

B/D（CloudTrail起点）：自動スケーリングはユーザーAPIではなくサービスイベントで、CloudTrailの管理/データイベントに確実に載せて可視化する方法としては不適。

C（アラーム強制遷移）：アラーム状態をイベントで書き換えるのは本来の用途ではなく、時系列メトリクスとしての可視化にも不向き。

したがって、RDSイベント→EventBridge→Lambdaでカスタムメトリクス化→ダッシュボード表示、が最も素直で運用しやすい解です。",,,2025-11-21
DOP-C02-Q250,"ある企業は、アプリケーションにコンテナを使用しています。一部のコンテナイメージに必要なセキュリティ設定が不足していることが判明しました。DevOpsエンジニアは、標準のベースイメージを作成するためのソリューションを実装する必要があります。このソリューションは、us-west-2リージョン、us-east-2リージョン、eu-central-1リージョンに毎週ベースイメージを公開する必要があります。

これらの要件を満たすソリューションはどれでしょうか？",FALSE,コンテナレシピを使用してイメージをビルドするEC2 Image Builderパイプラインを作成します。パイプラインを設定して、us-west-2にあるAmazon Elastic Container Registry（Amazon ECR）リポジトリにイメージを配信します。us-west-2からus-east-2、およびus-east-2からeu-central-1へのECRレプリケーションを設定します。パイプラインは毎週実行するように設定します。,TRUE,AWS CodeBuild プロジェクトを使用してイメージをビルドする AWS CodePipeline パイプラインを作成します。AWS CodeDeploy を使用して、us-west-2 にある Amazon Elastic Container Registry (Amazon ECR) リポジトリにイメージを公開します。us-west-2 から us-east-2 へ、および us-east-2 から eu-central-1 への ECR レプリケーションを設定します。パイプラインは毎週実行されるように設定します。,FALSE,コンテナレシピを使用してイメージをビルドするEC2 Image Builderパイプラインを作成します。パイプラインを設定して、3つのリージョンすべてにあるAmazon Elastic Container Registry (Amazon ECR)リポジトリにイメージを配信します。パイプラインは毎週実行されるように設定します。,FALSE,AWS CodeBuild プロジェクトを使用してイメージをビルドする AWS CodePipeline パイプラインを作成します。AWS CodeDeploy を使用して、3 つのリージョンすべてにある Amazon Elastic Container Registry (Amazon ECR) リポジトリにイメージを公開します。パイプラインを毎週実行するように設定します。,FALSE,,,,,"答え：A

理由
ベースイメージの標準化と定期ビルドは、**EC2 Image Builder（コンテナレシピ）**が最適。スキャンやハードニング手順をレシピ化し、毎週実行のスケジュールで継続運用できる。

生成物の配布は、ECR のクロスリージョンレプリケーションがベストプラクティス。ビルド元（us-west-2）へ push → ポリシーで us-east-2 / eu-central-1 に自動複製。
（選択肢Aは “west→east2、east2→eu” のチェーン記述だが、実運用では west→{east2, eu} の一対多でも可。いずれにせよ設計意図はA。）

B/D：ECRへの公開にCodeDeployは不要/不適（用途外）。
C：Image Builderのコンテナ配布は基本単一ECRへのpushで、マルチリージョン展開はECRレプリケーションで解決するのが一般的。",,,2025-11-21
DOP-C02-Q251,DevOpsエンジニアは、AWSアカウント内のすべてのAmazon EC2インスタンスにウイルス対策ソフトウェアをインストールするソリューションを実装する必要があります。EC2インスタンスは最新バージョンのAmazon Linuxを実行しています。 このソリューションはすべてのインスタンスを検出し、ソフトウェアが存在しない場合はAWS Systems Managerドキュメントを使用してソフトウェアをインストールする必要があります。 これらの要件を満たすソリューションはどれでしょうか？,FALSE,Systems Manager State Managerで関連付けを作成します。すべての管理対象ノードをターゲットとし、ソフトウェアを関連付けに含めます。Systems Managerドキュメントを使用するように関連付けを設定します。,FALSE,アカウント内のすべてのリソースを記録するようにAWS Configを設定します。すべてのEC2インスタンスにソフトウェアがインストールされているかどうかを判断するためのAWS Configカスタムルールを作成します。コンプライアンス違反のEC2インスタンスに対して、Systems Managerドキュメントを使用して自動修復アクションを設定します。,TRUE,Amazon Inspector で Amazon EC2 スキャンを有効化し、すべての EC2 インスタンスにソフトウェアがインストールされているかどうかを確認します。結果を Systems Manager ドキュメントに関連付けます。,FALSE,AWS CloudTrail を使用して Runinstances API 呼び出しを検出する Amazon EventBridge ルールを作成します。Systems Manager Inventory でインベントリ収集を設定し、EC2 インスタンスにソフトウェアがインストールされているかどうかを判断します。Systems Manager インベントリを Systems Manager ドキュメントに関連付けます。,FALSE,,,,,"答え：B
理由
望む状態＝「全EC2にAVが入っている」を継続的に検出し、未導入だけ**自動修復（SSMドキュメントでインストール）**する要件に最も合致。

AWS Config+カスタムルールで「インストール有無」を評価し、自動修復 (SSM Automation/RunCommand) を紐づければ、検出→是正の流れを標準機能で実装できる。

**A（State Manager一律適用）**は検出・条件分岐なしで全台に実行されがちで要件の「未導入のみ」が弱い。

**C（Inspector）**は脆弱性/準拠性スキャン用途で、指定ソフトの有無判定→インストールのワークフローには不適。

**D（RunInstancesイベント）**は既存インスタンスを網羅できず、継続的な検出にもならない。",,,2025-11-21
DOP-C02-Q252,"ある企業は、本番環境で実行されるコンテナイメージのセキュリティを強化する必要があります。CI/CDパイプライン内のコンテナに対して、オペレーティングシステムスキャンとプログラミング言語パッケージの脆弱性スキャンを統合したいと考えています。このCI/CDパイプラインは、AWS CodeBuildビルドプロジェクト、AWS CodeDeployアクション、Amazon Elastic Container Registry（Amazon ECR）リポジトリを含むAWS CodePipelineパイプラインです。DevOpsエンジニアは、CI/CDパイプラインにイメージスキャンを追加する必要があります。CI/CDパイプラインは、CRITICALおよびHIGHの検出結果がないイメージのみを本番環境にデプロイする必要があります。

これらの要件を満たす手順の組み合わせはどれですか？（2つ選択してください。）",TRUE,Amazon ECR 基本スキャンを使用します。,FALSE,Amazon ECR 拡張スキャンを使用します。,TRUE,イメージスキャンで CRITICAL または HIGH の結果が返されたときに、CI/CD パイプラインに拒否ステータスを送信するように Amazon ECR を設定します。,FALSE,イメージスキャンが完了したときにAWS Lambda関数を呼び出すようにAmazon EventBridgeルールを設定します。Lambda関数は、Amazon Inspectorのスキャンステータスを取得し、CI/CDパイプラインに承認または拒否ステータスを送信するように設定します。,TRUE,イメージスキャンが完了したときにAWS Lambda関数を呼び出すようにAmazon EventBridgeルールを設定します。Lambda関数は、Clairスキャンステータスを取得し、CI/CDパイプラインに承認または拒否ステータスを送信するように設定します。,FALSE,,,"答え：B と D

理由
B. ECR 拡張スキャン：Amazon Inspector ベースで、OSパッケージ＋言語パッケージ（npm、pip、Maven など）をカバー。要件の両方のスキャンに合致。

D. EventBridge → Lambda → パイプライン制御：ECR のスキャン完了イベントで Lambda を起動し、Inspector の検出結果を取得して、CRITICAL/HIGH があれば CodePipeline に拒否、なければ承認を返すゲートを実装できる。

※A（基本スキャン/Clair）は言語パッケージを網羅せず不十分、C は ECR から直接「パイプライン拒否」を送るネイティブ機能がないため不適、E は Clair 想定で要件未達。",,,2025-11-21
DOP-C02-Q253,"ある企業のDevOpsチームは、AWS Organizations内の組織内にある複数のAWSアカウントを管理しています。

この企業は、すべてのAmazon EC2インスタンスがDevOpsチームが管理する承認済みのAMIを使用することを保証するソリューションを必要としています。また、このソリューションは、承認されていないAMIの使用状況を修正する必要もあります。個々のアカウント管理者が、承認済みAMIの使用制限を解除できないようにする必要があります。

これらの要件を満たすソリューションはどれでしょうか？",FALSE,AWS CloudFormation StackSets を使用して、各アカウントに Amazon EventBridge ルールをデプロイします。Amazon EC2 の AWS CloudTrail イベントに反応し、Amazon Simple Notification Service (Amazon SNS) トピックに通知を送信するようにルールを設定します。DevOps チームを SNS トピックにサブスクライブします。,FALSE,AWS CloudFormation StackSets を使用して、approved-amis-by-id AWS Config マネージドルールを各アカウントにデプロイします。承認済み AMI のリストを使用してルールを設定します。また、非準拠の EC2 インスタンスに対して AWS Systems Manager Automation ランブック AWS-StopEC2Instance を実行するようにルールを設定します。,FALSE,Amazon EC2 の AWS CloudTrail イベントを処理する AWS Lambda 関数を作成します。Amazon Simple Notification Service (Amazon SNS) トピックに通知を送信するように Lambda 関数を設定します。DevOps チームを SNS トピックにサブスクライブします。組織内の各アカウントに Lambda 関数をデプロイします。各アカウントに Amazon EventBridge ルールを作成します。Amazon EC2 の AWS CloudTrail イベントに反応し、Lambda 関数を呼び出すように EventBridge ルールを設定します。,FALSE,組織全体で AWS Config を有効化します。承認済み AMI のリストを含む、approved-amis-by-id AWS Config マネージドルールを使用する適合パックを作成します。適合パックを組織全体に展開します。非準拠の EC2 インスタンスに対して、AWS Systems Manager Automation ランブック「AWS-StopEC2lnstance」を実行するようにルールを設定します。,TRUE,,,,,"答え：D

理由
使うべきガードレールはAWS Config の organization 全体適用＋approved-amis-by-id マネージドルール。

Organization Conformance Packとして展開すれば、メンバーアカウント側で管理者が勝手に無効化・変更しにくい統制になる（管理/委任管理アカウントから一括管理）。

自動修復は AWS Systems Manager Automation の**AWS-StopEC2Instance**で実現（非準拠＝承認外AMIのインスタンスを停止）。

B（各アカウントに個別デプロイ）は各アカウント管理者により無効化・改変されうるため要件の「解除できない」に不適。A/C は通知中心で強制力・修復が不足。",,,2025-11-21
DOP-C02-Q254,"ある企業は、従業員にAWSの限定的な権限を与えています。DevOpsエンジニアは管理者ロールを引き受ける権限を持っています。セキュリティチームは、追跡のために、管理者ロールが引き受けられた際にほぼリアルタイムで通知を受け取りたいと考えています。

これはどのように実現すればよいでしょうか？",FALSE,AWS Config を設定して、ログを Amazon S3 バケットに公開します。Amazon Athena を使用してログをクエリし、管理者ロールが引き継がれた際にセキュリティチームに通知を送信します。,FALSE,管理者ロールが引き受けられたときに監視し、セキュリティ チームに通知を送信するように Amazon GuardDuty を設定します。,FALSE,管理者ロールが引き受けられた場合に Amazon SNS トピックにメッセージを公開する AWS マネジメントコンソールのサインインイベントのイベントパターンを使用して、Amazon EventBridge イベントルールを作成します。,FALSE,管理者ロールが引き受けられた場合に、AWS CloudTrail イベントパターンを使用して Amazon SNS トピックにメッセージを公開する AWS Lambda 関数を呼び出す AWS API 呼び出しを使用して、Amazon EventBridge イベントルールを作成します。,TRUE,,,,,"答え：D

理由
追跡したいのは管理者ロールのAssumeRole実行。これはCloudTrailの管理イベント（AssumeRole）として記録され、EventBridgeはこのイベントをほぼリアルタイムにマッチできます。

EventBridge ルール（ソース：CloudTrail、イベント名：AssumeRole、ロールARNでフィルタ）→ Lambda → SNS通知の流れなら、通知内容の整形や追加検証も可能。

Cは「コンソールサインイン」イベント依存で、CLI/SDK経由のロール引受けを網羅できません。

Aはバッチ分析でリアルタイム性なし。

BはGuardDutyの検知頼みで、通常の正規のAssumeRoleを確実に毎回通知する用途には不向き。",,,2025-11-21
DOP-C02-Q255,"ある企業は、データとアプリケーションのフェイルオーバーと災害復旧のための戦略を必要としています。アプリケーションはMySQLデータベースとAmazon EC2インスタンスを使用しています。この企業では、データとアプリケーションに対して常時、最大RPO（目標復旧時点）2時間、最大RTO（目標復旧時間）10分を要求しています。

これらの要件を満たす導入戦略の組み合わせはどれですか（2つ選択してください）。",TRUE,複数のAWSリージョンにAmazon Aurora Single-AZクラスターを作成し、データストアとして使用します。災害発生時には、Auroraの自動復旧機能をご利用ください。,FALSE,データストアとして、2つのAWSリージョンにAmazon Auroraグローバルデータベースを作成します。障害発生時には、セカンダリリージョンをアプリケーションのプライマリリージョンに昇格させます。セカンダリリージョンのAuroraクラスターエンドポイントを使用するようにアプリケーションを更新します。,TRUE,データストアとして、複数のAWSリージョンにAmazon Auroraクラスターを作成します。ネットワークロードバランサーを使用して、異なるリージョン間のデータベーストラフィックを分散させます。,FALSE,アプリケーションを2つのAWSリージョンにセットアップします。Amazon Route 53フェイルオーバールーティングを使用し、両方のリージョンのApplication Load Balancerを指定します。各リージョンでヘルスチェックとAuto Scalingグループを使用します。,TRUE,アプリケーションを2つのAWSリージョンにセットアップします。AWS Global Acceleratorを両方のリージョンのアプリケーションロードバランサー（ALB）を指すように設定します。両方のALBを単一のエンドポイントグループに追加します。各リージョンでヘルスチェックとAuto Scalingグループを使用します。,FALSE,,,"答え：B と D
理由
B. Aurora グローバルデータベース
リージョン間で非同期レプリケーション（秒単位）を行い、フェイルオーバー時はセカンダリを昇格可能。要件の RPO ≤ 2時間 を十分満たし、RTO も短時間で実現しやすい（アプリの接続先をセカンダリのエンドポイントへ切替）。

D. アプリを2リージョンに用意＋Route 53 フェイルオーバー
各リージョンで ALB + Auto Scaling + ヘルスチェック を用意し、Route 53 のフェイルオーバールーティングで切替。ヘルスチェック間隔を適切に設定すれば RTO ≤ 10分 を満たせる。


不正解の理由（簡潔）
A：Single-AZは可用性/復旧性が不足。
C：NLBでリージョン跨ぎにDBトラフィック分散は設計不適切（レプリケーション整合性/遅延・書込み衝突の問題）。
E：Global Accelerator も有効だが要件達成に必須ではなく、標準解は D。",,,2025-11-21
DOP-C02-Q256,"開発者は、AWS サーバーレスアプリケーションモデル (AWS SAM) を使用して、AWS Lambda 関数のプロトタイプを作成しています。AWS SAM テンプレートには、Amazon S3 の場所を指す CodeUri プロパティを持つ AWS::Serverless::Function リソースが含まれています。開発者は、CI/CD パイプラインを作成する前に、デプロイメントに適切なコマンドを特定したいと考えています。

開発者は、package.zip という名前の Lambda 関数コードのアーカイブを作成します。開発者は、CodeUri プロパティで指定された S3 の場所に .zip ファイルアーカイブをアップロードします。開発者は sam deploy コマンドを実行し、Lambda 関数をデプロイします。開発者は Lambda 関数コードを更新し、同じ手順を使用して新しいバージョンの Lambda 関数をデプロイします。sam deploy コマンドは失敗し、「デプロイする変更がありません」というエラーを返します。

どのソリューションが新しいバージョンをデプロイしますか？ (2 つ選択してください。)",TRUE,sam deploy コマンドの代わりに aws cloudformation update-stack コマンドを使用します。,FALSE,sam deploy コマンドの代わりに aws cloudformation update-stack-instances コマンドを使用します。,FALSE,CodeUriプロパティを更新して、ローカルアプリケーションコードフォルダを参照するようにします。sam deployコマンドを使用します。,TRUE,CodeUriプロパティを更新して、ローカルアプリケーションコードフォルダを参照します。aws cloudformation create-change-setコマンドとaws cloudformation execute-change-setコマンドを使用します。,FALSE,CodeUriプロパティを更新して、ローカルアプリケーションコードフォルダを参照します。aws cloudformation packageコマンドとaws cloudformation deployコマンドを使用します。,TRUE,,,"答え：C と E

理由
同じ S3 パス（同じ CodeUri）のままでは、テンプレート差分がなく CloudFormation は変更なしと判断します。

CodeUri をローカルフォルダにし、パッケージ処理で内容ハッシュに基づく新しいS3キーへアップロードさせるのが正解。

C：CodeUri をローカルに変更し、sam deploy（必要に応じ --guided／--resolve-s3）で SAM がパッケージ→デプロイを実施。

E：CodeUri をローカルに変更し、aws cloudformation package → aws cloudformation deploy の流れで新アーティファクトをS3へ上げ、テンプレートを書き換えてデプロイ。

A はテンプレート不変のままで差分が出ず、B/D は用途不適 or パッケージ処理がなく失敗します。",,,2025-11-21
DOP-C02-Q257,"ある企業は、AWS App Runner でコンテナワークロードを実行しています。DevOps エンジニアは、Amazon Elastic Container Registry (Amazon ECR) にある同社のコンテナリポジトリを管理しています。DevOps

エンジニアは、コンテナリポジトリを継続的に監視するソリューションを実装する必要があります。このソリューションは、オペレーティングシステムまたは言語パッケージの脆弱性を検出した場合に、新しいコンテナイメージを作成する必要があります。

これらの要件を満たすソリューションはどれでしょうか？",FALSE,EC2 Image Builder を使用してコンテナイメージパイプラインを作成します。Amazon ECR をターゲットリポジトリとして使用します。ECR リポジトリで拡張スキャンを有効にします。Inspector? の検出イベントをキャプチャするための Amazon EventBridge ルールを作成します。このイベントを使用してイメージパイプラインを呼び出します。コンテナをリポジトリに再アップロードします。,TRUE,EC2 Image Builder を使用してコンテナイメージパイプラインを作成します。ターゲットリポジトリとして Amazon ECR を使用します。コンテナワークロードで Amazon GuardDuty マルウェア対策を有効にします。GuardDuty 検出イベントをキャプチャするための Amazon EventBridge ルールを作成します。このイベントを使用してイメージパイプラインを呼び出します。,FALSE,コンテナイメージを作成するためのAWS CodeBuildプロジェクトを作成します。Amazon ECRをターゲットリポジトリとして使用します。リポジトリの基本スキャンを有効にします。ECRイメージアクションイベントをキャプチャするためのAmazon EventBridgeルールを作成します。イベントを使用してCodeBuildプロジェクトを呼び出します。コンテナをリポジトリに再アップロードします。,FALSE,コンテナイメージを作成するためのAWS CodeBuildプロジェクトを作成します。ターゲットリポジトリとしてAmazon ECRを使用します。AWS Systems Manager Complianceを設定して、すべての管理対象ノードをスキャンします。Amazon EventBridgeルールを作成し、設定コンプライアンス状態の変更イベントをキャプチャします。このイベントを使用してCodeBuildプロジェクトを呼び出します。,FALSE,,,,,"✅ 正解：A

理由
ECR内のコンテナリポジトリを継続的に監視Amazon ECR拡張スキャン (Enhanced Scanning) を有効化。これは Amazon Inspector によって自動的に OS／言語パッケージ両方の脆弱性を継続スキャンします。脆弱性検出時に新しいコンテナイメージを再構築EventBridge ルールを使用して、Inspector の 検出イベント（例：inspector2 findings）をトリガーし、EC2 Image Builder の コンテナイメージパイプラインを起動。新しいイメージを自動ビルド・ECRへ再登録。App Runner への自動反映App Runner 側で「ECR 新イメージ更新時の自動デプロイ」を有効にしておけば、新しい安全なイメージが自動的に展開される。

なぜ他の選択肢は不正解か
BGuardDuty はマルウェア検知・脅威検出であり、コンテナイメージの脆弱性スキャンには使用しません。C「ECR 基本スキャン」は Clair ベースで手動スキャンのみ、継続監視や言語パッケージ検出に非対応。DSystems Manager Compliance は EC2 構成やパッチ準拠性の評価用。ECR コンテナスキャンとは無関係。

✅ まとめ：
ECR 拡張スキャン（Inspector統合）＋EventBridge＋Image Builder
　→ 継続監視＋脆弱性検出時の自動再ビルドを自動化できる。
正答：A",,,2025-11-21
DOP-C02-Q258,"ある企業は、AWS Systems Manager ドキュメントを使用して、開発者向けの物理ラップトップをブートストラップしたいと考えています。ブートストラップコードは GitHub に保存されています。DevOps エンジニアは既に Systems Manager アクティベーションを作成し、登録コードを使用して Systems Manager エージェントをインストールし、すべてのラップトップにアクティベーション ID をインストールしています。

次に実行すべき一連の手順はどれですか？",FALSE,Systems Manager ドキュメントを設定して、AWS-RunShellScript コマンドを使用して GitHub から Amazon S3 にファイルをコピーし、次に sourceType が S3 の aws-downloadContent プラグインを使用します。,FALSE,インストール アクションで aws-configurePackage プラグインを使用し、Git リポジトリをポイントするように Systems Manager ドキュメントを構成します。,FALSE,Systems Manager ドキュメントを設定して、sourceType が GitHub、sourceInfo がリポジトリの詳細である aws-downloadContent プラグインを使用します。,TRUE,aws:softwareInventory プラグインを使用するように Systems Manager ドキュメントを設定し、Git リポジトリからスクリプトを実行します。,FALSE,,,,,"✅ 正解：C

理由
要件：

物理ラップトップ（オンプレ環境）を SSM ハイブリッド管理対象としてブートストラップ

コードは GitHub に格納

すでに Systems Manager アクティベーション & SSM Agent 登録済み

したがって次に必要なのは：

SSM ドキュメント（Run Command / Automation）で GitHub から直接コードを取得して実行する

正しい手順
SSM ドキュメントを作成
ドキュメント内で aws:downloadContent プラグインを使用し、

sourceType: GitHub

sourceInfo: { ""owner"": ""repo_owner"", ""repository"": ""repo_name"", ""path"": ""scripts/bootstrap.sh"" }
のように GitHub リポジトリを指定。

取得したスクリプトを aws:runCommand や aws:runShellScript ステップで実行。

他の選択肢の誤り
A        aws:downloadContent を使うのは良いが、sourceType=S3 にして GitHub→S3 経由は不要に複雑。
B        aws:configurePackage は SSM Distributor（パッケージ管理） 用。GitHub 直接参照には使えない。
D        aws:softwareInventory は ソフトウェア情報収集用プラグインで、リポジトリからコードを取得・実行する機能はない。

✅ 結論：
C. Systems Manager ドキュメントを設定して、sourceType が GitHub、sourceInfo がリポジトリの詳細である aws-downloadContent プラグインを使用します。",,,2025-11-21
DOP-C02-Q259,"ある企業の開発チームは、AWS CloudFormation を使用してアプリケーションリソースをデプロイしています。チームは、環境へのすべての変更に CloudFormation を使用する必要があります。AWS マネジメントコンソールまたは AWS CLI を使用して直接手動で変更することはできません。チームは、開発者 IAM ロールを使用して環境にアクセスします。このロールは、AdministratorAccess マネージド IAM ポリシーで設定されています。企業は、次のポリシーがアタッチされた新しい CloudFormationDeployment IAM ロールを作成しました。企業は、この新しいロールを CloudFormation のみが使用できるようにしたいと考えています。開発チームは、デプロイされたリソースを手動で変更することはできません。
{
  ""Version"": ""2012-10-17"",
  ""Statement"": [
    {
      ""Effect"": ""Allow"",
      ""Action"": [
        ""elasticloadbalancing:*"",
        ""lambda:*"",
        ""dynamodb:*""
      ],
      ""Resource"": ""*""
    }
  ]
}

これらの要件を満たす手順の組み合わせはどれですか（3 つ選択してください）。",TRUE,AdministratorAccess ポリシーを削除します。ReadOnlyAccess マネージド IAM ポリシーを開発者ロールに割り当てます。開発者が新しいスタックをデプロイする際には、CloudFormation サービスロールとして CloudFormationDeployment ロールを使用するように指示します。,TRUE,CloudFormationDeployment ロールの信頼ポリシーを更新して、開発者 IAM ロールが CloudFormationDeployment ロールを引き受けることを許可します。,FALSE,iam:PassedToService が の場合、開発者IAMロールを設定して、CloudFormationDeploymentロールを取得および渡すことができるようにします。CloudFormationDeploymentロールを設定して、すべてのリソースに対してすべてのcloudformationアクションを許可します。,FALSE,CloudFormationDeployment ロールの信頼ポリシーを更新して、cloudformation.amazonaws.com AWS プリンシパルが iam:AssumeRole アクションを実行できるようにします。,TRUE,AdministratorAccessポリシーを削除します。ReadOnlyAccessマネージドIAMポリシーを開発者ロールに割り当てます。開発者が新しいスタックをデプロイする際には、CloudFormationDeploymentロールを引き受けるように指示します。,FALSE,CloudFormationDeploymentロールにIAMポリシーを追加し、すべてのリソースに対してcloudformation:*を許可します。iam:PassedToServiceがcloudformation.amazonaws.comと等しい場合、CloudFormationDeploymentロールのARNに対してiam:PassRoleアクションを許可するポリシーを追加します。,TRUE,"✅ 正解：A、D、F

理由
要件を整理すると：
開発者は直接リソースを変更できない（手動変更禁止）
すべての変更は CloudFormation 経由のみ
CloudFormation が使用する専用のロール（CloudFormationDeployment ロール）を作成済み
このロールは CloudFormation サービスだけが AssumeRole できる必要がある

各選択肢の意味と評価
A開発者ロールから AdministratorAccess を削除し、ReadOnlyAccess に変更。開発者が CloudFormation スタック作成時に CloudFormationDeployment ロールをサービスロールとして指定するように指示。✅ 正しい。開発者に直接リソース変更権限を与えず、CloudFormation 経由でのみ変更可能にする。BCloudFormationDeployment ロールの信頼ポリシーに「開発者ロールが AssumeRole できる」設定を追加。❌ 不要・危険。開発者が直接 AssumeRole できてしまうため「手動変更禁止」要件を破る。C開発者が CloudFormationDeployment ロールを PassRole できるよう設定する案だが、信頼関係が誤り（CloudFormation に許可すべき）。❌ 誤り。PassRole 権限の向きが逆。DCloudFormationDeployment ロールの信頼ポリシーに cloudformation.amazonaws.com を指定。これにより CloudFormation サービスのみがロールを AssumeRole できる。✅ 正しい。セキュリティ境界を守る。E開発者が CloudFormationDeployment ロールを直接 AssumeRole できるようにする案。❌ 開発者が直接リソースを操作できてしまうため要件違反。FCloudFormationDeployment ロールに cloudformation:* を許可するポリシーを追加し、開発者ロールに対して iam:PassRole（条件：iam:PassedToService = cloudformation.amazonaws.com）を許可。これにより 開発者は CloudFormation にのみロールを渡せる。✅ 正しい。PassRole制御により手動操作を防ぐ。

✅ 結論
A（開発者制限＋サービスロール使用）
D（CloudFormation に AssumeRole 許可）
F（PassRole 条件で安全にロールを渡す）

これが、CloudFormation 経由のみで安全にリソース変更を行える正しい3手順です。",,,2025-11-21
DOP-C02-Q260,"ある企業がAWS CloudFormationを使用してウェブアプリケーションのインフラストラクチャを開発しています。データベースエンジニアリングチームはCloudFormationテンプレートでデータベースリソースを管理し、ソフトウェア開発チームは別のCloudFormationテンプレートでウェブアプリケーションリソースを管理しています。アプリケーションのスコープが拡大するにつれて、ソフトウェア開発チームはデータベースエンジニアリングチームが管理するリソースを使用する必要があります。しかし、両チームにはそれぞれ独自のレビュープロセスとライフサイクル管理プロセスがあり、それらを維持することが必要です。また、両チームともリソースレベルの変更セットレビューも必要です。ソフトウェア開発チームは、CI/CDパイプラインを使用してこのテンプレートへの変更をデプロイしたいと考えています。

これらの要件を満たすソリューションはどれでしょうか？",FALSE,データベースの CloudFormation テンプレートからスタックのエクスポートを作成し、それらの参照を Web アプリケーションの CloudFormation テンプレートにインポートします。,TRUE,CloudFormation ネストされたスタックを作成して、クロススタック リソース参照とパラメータを両方のスタックで使用できるようにします。,FALSE,クロススタック リソース参照とパラメータを両方のスタックで使用できるように、CloudFormation スタック セットを作成します。,FALSE,Web アプリケーションの CloudFormation テンプレートに入力パラメータを作成し、データベース スタックからリソース名と ID を渡します。,FALSE,,,,,"答え：A

理由

2つのスタックのライフサイクルとレビュー（変更セット）を分離維持したまま、DBスタックの値をWebスタックで参照するには、**クロススタック参照（Export/Import）**が最適。

DB側テンプレートで Outputs を Export → Web側テンプレートの Fn::ImportValue で取り込み、リソース間依存を安全に解決できる。

B（ネストドスタック）は親子でライフサイクルが結びつき分離要件に不適。

C（StackSets）は複数アカウント/リージョン配布用途。

D（パラメータでリソース名/ID手渡し）は手動管理が増え、整合性・自動化・変更セットの精度が落ちる。",,,2025-11-21
DOP-C02-Q261,"ある企業はAWS Organizationsに組織を持っています。DevOpsエンジニアは、組織内の異なるOUに属する複数のAWSアカウントを管理する必要があります。アカウント内のIAMポリシーやAmazon S3ポリシーを含むすべてのリソースは、AWS CloudFormationを通じてデプロイされます。すべてのテンプレートとコードはAWS CodeCommitリポジトリで管理されています。最近、一部の開発者が組織内の一部のアカウントからS3バケットにアクセスできない問題が発生しています。S3バケットには以下のポリシーがアタッチされています。

{
  ""Version"": ""2012-10-17"",
  ""Statement"": [
    {
      ""Effect"": ""Allow"",
      ""Action"": [
        ""s3:GetObject*"",
        ""s3:PutObject*""
      ],
      ""Principal"": {
        ""AWS"": ""arn:aws:sts::*:assumed-role/developer-role/access-session""
      },
      ""Resource"": [
        ""arn:aws:s3:::DOC-EXAMPLE-BUCKET"",
        ""arn:aws:s3:::DOC-EXAMPLE-BUCKET/*""
      ]
    }
  ]
}
このアクセス問題を解決するために、DevOpsエンジニアはどのような対応をすべきでしょうか？",FALSE,S3バケットポリシーを変更します。S3バケットの「S3ブロックパブリックアクセス」設定をオフにします。S3ポリシーにaws:SourceAccount条件を追加します。問題が発生しているすべての開発者のAWSアカウントIDを追加します。,FALSE,IAM 権限境界によって開発者の S3 バケットへのアクセスが拒否されていないことを確認します。IAM 権限境界に必要な変更を加えます。問題が発生している個々の開発者アカウントで AWS Config レコーダーを使用し、アクセスをブロックしている変更を元に戻します。修正内容を CodeCommit リポジトリにコミットします。CloudFormation を介してデプロイを実行し、変更を適用します。,FALSE,開発者OU内のIAMリソースを誰も変更できないようにするSCPを設定します。S3ポリシーにaws:SourceAccount条件を追加します。問題が発生しているすべての開発者のAWSアカウントIDを追加します。修正をCodeCommitリポジトリにコミットします。CloudFormationを介してデプロイを呼び出して変更を適用します。,FALSE,S3バケットへの開発者のアクセスをブロックするSCPがないことを確認してください。開発者のIAMユーザーへのアクセスをブロックするIAMポリシーの権限境界がないことを確認してください。CodeCommitリポジトリのSCPおよびIAMポリシーの権限境界に必要な変更を加えてください。変更を適用するには、CloudFormationを介してデプロイを呼び出してください。,TRUE,,,,,"答え：D

理由
バケットポリシー自体は arn:aws:sts::*:assumed-role/developer-role/... を許可しており、組織内の一部アカウントだけ拒否される場合は、上位のSCPや各アカウント側のIAM権限境界で s3:GetObject / s3:PutObject が明示的に拒否されている可能性が高いです。

したがって、SCP と権限境界に拒否がないかを確認し、必要な修正を CodeCommit→CloudFormation で適用するのが正解。

A：Block Public Access をオフにするのは不要かつ非推奨。aws:SourceAccount の列挙運用も煩雑。

B：各アカウントで AWS Config から「元に戻す」は不適切で、要件（CFn/CodeCommitで一元管理）に反する。

C：追加のSCPでIAM変更禁止にするのは本件の解決にならず、aws:SourceAccount 追加も本質的でない。",,,2025-11-21
DOP-C02-Q262,ある企業は、マルチアカウント環境のためにAWS Organizationsに組織を構築しています。DevOpsエンジニアは、組織全体のアプリケーションパッケージ管理のためにAWS CodeArtifactベースの戦略を開発しています。この企業では、各アプリケーションチームが組織内に独自のアカウントを持っています。また、各アプリケーションチームは、一元管理された共有サービスアカウントへの限定的なアクセス権も持っています。各アプリケーションチームは、独自のパッケージをダウンロード、公開、およびアクセス権限付与するためのフルアクセス権限を必要とします。アプリケーションチームが使用する共通ライブラリパッケージの中には、組織全体で共有する必要があるものもあります。これらの要件を、管理オーバーヘッドを最小限に抑えながら満たすには、どの手順の組み合わせが適切でしょうか？（3つ選択してください。）,TRUE,各アプリケーションチームのアカウントにドメインを作成します。各アプリケーションチームのアカウントに、アプリケーションチームのドメインへの完全な読み取りアクセスと書き込みアクセスを付与します。,FALSE,共有サービスアカウントにドメインを作成し、組織に読み取りアクセスとCreateRepositoryアクセスを付与します。,TRUE,各アプリケーションチームのアカウントにリポジトリを作成します。各アプリケーションチームのアカウントに、それぞれのリポジトリへの完全な読み取りアクセスと書き込みアクセスを付与します。,TRUE,共有サービスアカウントにリポジトリを作成します。組織に共有サービスアカウントのリポジトリへの読み取りアクセス権を付与し、各アプリケーションチームのリポジトリでリポジトリをアップストリームリポジトリとして設定します。,TRUE,共有パッケージを必要とするチームの場合は、他のアプリケーション チームのアカウントからリポジトリへの読み取りアクセスを許可するリソースベースのポリシーを作成します。,FALSE,他のアプリケーション チームのリポジトリをアップストリーム リポジトリとして設定します。,FALSE,"✅ 正解：B、C、D

理由
この設問は、AWS Organizations 環境での CodeArtifact のマルチアカウント設計に関するものです。
要件を整理すると：
要件意味各チームが自分のパッケージを自由に操作できる各アプリケーションアカウントで独立したリポジトリ管理が必要共通ライブラリを全社で共有共有サービスアカウントに集中管理された共通リポジトリが必要管理オーバーヘッドを最小化1つの中央ドメインで認証・共有制御を一元化

各選択肢の解説
A各アプリケーションアカウントごとにドメインを作成❌ ドメインは組織内で1つにまとめる方がよく、個別管理はオーバーヘッド大。B共有サービスアカウントにドメインを作成し、組織全体に読み取り・CreateRepositoryアクセスを付与✅ 中央ドメイン構成の基本。組織全体で共通認証・共有可能。C各チームのアカウントにリポジトリを作成し、各チームに完全アクセスを付与✅ 各チームが自分のリポジトリを自由に管理できるようにするため。D共有サービスアカウントに共通リポジトリを作成し、全組織に読み取り権限を付与。各チームのリポジトリでアップストリームに設定✅ 共有ライブラリを全社展開できる仕組み。これにより共通パッケージを自動参照可能。E他チームリポジトリごとにリソースベースポリシーを個別設定❌ アカウント数が増えると管理コスト大。F他チームのリポジトリをアップストリーム設定❌ 相互依存が複雑化し、メンテナンス負荷が大きい。中央共有リポジトリ経由がベスト。

✅ まとめ
組織全体で共通ライブラリを共有B, D各チームが自分のリポジトリを自由に管理C

最終解答：
B. 共有サービスアカウントにドメインを作成し、組織に読み取りアクセスとCreateRepositoryアクセスを付与する
C. 各アプリケーションチームのアカウントにリポジトリを作成し、チームに完全アクセスを付与する
D. 共有サービスアカウントに共通リポジトリを作成し、アップストリーム構成で共有する",,,2025-11-21
DOP-C02-Q263,"ある企業がAmazon EC2インスタンスにアプリケーションをデプロイしています。アプリケーションはAmazon Linux 2で実行され、AWS CodeDeployを使用しています。アプリケーションのコードリポジトリのファイル構造は以下のとおりです。appspec.yml
appspec.yml
config/config.txt
application/web

ファイルのfilesセクションには以下の内容が含まれています。config.txt
files:
  - source: config/config.txt
    destination: /usr/local/src/config.txt
  - source: /
    destination: /var/www/html

ファイルをデプロイすると、どのような結果になるでしょうか？",FALSE,config.txt ファイルは /var/www/html/config/config.txt にのみ展開されます。,FALSE,config.txt ファイルは、/usr/local/src/config.txt と /var/www/html/config/config.txt に展開されます。,TRUE,config.txt ファイルは /usr/local/src/config.txt にのみ展開されます。,FALSE,config.txt ファイルは、/usr/local/src/config.txt と /var/www/html/application/web/config.txt に展開されます。,FALSE,,,,,"✅ デプロイ結果の動作を整理すると…

appspec.yml に記載された files セクションは以下の 2 つのコピー処理を行います：

files:
  - source: config/config.txt
    destination: /usr/local/src/config.txt
  - source: /
    destination: /var/www/html

1️⃣ 最初の定義
source: config/config.txt
→ /usr/local/src/config.txt にコピーされる

2️⃣ 2つ目の定義
source: /
→ リポジトリルート全体が /var/www/html にコピーされる

つまり、config/config.txt もリポジトリに含まれるため、
/var/www/html/config/config.txt にもコピーされます。

📌 結果として配置される場所
コピー元	コピー先
config/config.txt	/usr/local/src/config.txt
config/config.txt（リポジトリ全体コピーに含まれるため再配置）	/var/www/html/config/config.txt

✅ よって回答は：
B. config.txt ファイルは、/usr/local/src/config.txt と /var/www/html/config/config.txt に展開されます。",,,2025-11-21
DOP-C02-Q264,"ある企業は、AWS CodeArtifactリポジトリをパブリックなアップストリームリポジトリと連携させて構築しました。開発チームは、社内ネットワーク内のリポジトリからオープンソースの依存関係を使用しています。

セキュリティチームは最近、開発チームが使用しているパッケージの最新バージョンに重大な脆弱性を発見しました。セキュリティチームはこの脆弱性を修正するためのパッチ適用版を作成しました。企業は、脆弱なバージョンのダウンロードを防止し、セキュリティチームがパッチ適用版を公開できるようにする必要があります。

これらの要件を満たす手順の組み合わせはどれですか？（2つ選択してください。）",TRUE,影響を受ける CodeArtifact パッケージ バージョンのステータスを非公開に更新します。,FALSE,影響を受ける CodeArtifact パッケージ バージョンのステータスを削除済みに更新します。,TRUE,影響を受ける CodeArtifact パッケージ バージョンのステータスをアーカイブに更新します。,FALSE,CodeArtifact パッケージのオリジン制御設定を更新して、直接公開を許可し、アップストリーム操作をブロックします。,TRUE,CodeArtifact パッケージのオリジン制御設定を更新して、直接公開をブロックし、アップストリーム操作を許可します。,FALSE,,,"正解：B と D

B：削除済みに更新
　→ 脆弱なバージョンを開発者がダウンロードできなくする。

D：オリジン制御を「直接公開のみ許可」に変更
　→ セキュリティチームが社内でパッチ版を公開でき、
　　外部（アップストリーム）からの脆弱版流入を防ぐ。

✅ 要するに：危険な版を削除し、パッチ版を社内で公開できるようにする。",,,2025-11-21
DOP-C02-Q265,"ある企業は、レコード処理用のカスタムアプリケーションを運用しています。すべてのコンポーネントは、Auto Scaling グループで稼働する Amazon EC2 インスタンス上で実行されます。各レコードの処理は、コンピューティング負荷の高い複数のステップから成るシーケンシャルアクションです。各ステップは常に 5 分以内に完了します。

現在のシステムには、いずれかのステップが失敗すると、アプリケーションがレコードを最初から再処理しなければならないという制約があります。同社は、アプリケーションが失敗したステップのみを再処理するようにアーキテクチャを更新したいと考えています。

これらの要件を満たす、最も運用効率の高いソリューションは何でしょうか？",FALSE,Amazon S3 にレコードを書き込むウェブアプリケーションを作成します。S3 イベント通知を使用して、Amazon Simple Notification Service (Amazon SNS) トピックにパブリッシュします。EC2 インスタンスを使用して Amazon SNS をポーリングし、処理を開始します。中間結果を Amazon S3 に保存し、次のステップに渡します。,FALSE,アプリケーション内のロジックを使用して処理ステップを実行します。アプリケーションコードをコンテナ内で実行するように変換します。AWS Fargateを使用してコンテナインスタンスを管理します。コンテナが自身を呼び出して、あるステップから次のステップに状態を渡すように設定します。,FALSE,Amazon Kinesis データストリームにレコードを渡すウェブアプリケーションを作成します。Kinesis データストリームと AWS Lambda 関数を使用して、処理を分離します。,FALSE,AWS Step Functions にレコードを渡すウェブアプリケーションを作成します。処理を Step Functions タスクと AWS Lambda 関数に分離します。,TRUE,,,,,"正解：D

Step Functions は各ステップを明確に分離し、**状態管理・リトライ・失敗時の再実行（該当ステップからの再開）**を標準機能で提供。

各ステップは Lambda タスク（≤ 5 分） で実装すれば運用負担が最小。

A/C はオーケストレーションが弱く再開制御が複雑。B は自己呼び出し+状態管理で運用が重くなる。",,,2025-11-21
DOP-C02-Q266,"ある企業がオンプレミスのWindowsアプリケーションとLinuxアプリケーションをAWSに移行しています。オンプレミスの構成をミラーリングするために、Amazon EC2インスタンスを自動化機能を使って起動します。移行したアプリケーションは、Windowsの場合はSMB、Linuxの場合はNFSを使用する共有ストレージにアクセスする必要があります。

また、別のAWSリージョンにパイロット版の災害復旧（DR）環境を構築しています。DRリージョンでは、EC2インスタンスの起動と設定を自動化機能を使って行います。さらに、ストレージをDRリージョンにレプリケートする必要があります。

これらの要件を満たすストレージソリューションはどれでしょうか？",FALSE,アプリケーションストレージにはAmazon S3を使用します。プライマリリージョンとDRリージョンにそれぞれS3バケットを作成します。プライマリリージョンからDRリージョンへのS3クロスリージョンレプリケーション（CRR）を設定します。,FALSE,アプリケーションストレージにはAmazon Elastic Block Store（Amazon EBS）を使用します。AWS Backupでバックアッププランを作成し、プライマリリージョンにあるEBSボリュームのスナップショットを作成し、そのスナップショットをDRリージョンに複製します。,FALSE,アプリケーションストレージには、AWS Storage Gateway のボリュームゲートウェイを使用します。プライマリリージョンから DR リージョンへのボリュームゲートウェイのクロスリージョンレプリケーション (CRR) を設定します。,FALSE,アプリケーションストレージにはAmazon FSx for NetApp ONTAPを使用します。DRリージョンにFSx for ONTAPインスタンスを作成します。プライマリリージョンからDRリージョンへのNetApp SnapMirrorレプリケーションを設定します。,TRUE,,,,,"正解：D（Amazon FSx for NetApp ONTAP + SnapMirror）

SMB と NFS を同一ボリュームで提供できるマルチプロトコル対応（WindowsはSMB、LinuxはNFS）。

共有ストレージとしてEC2からマウント可能（オンプレの構成をそのまま再現しやすい）。

別リージョンへSnapMirrorレプリケーションでDRを実現（パイロットDRに最適）。

A：S3はSMB/NFSの共有FSではない

B：EBSはブロックで共有不可、プロトコル要件を満たさない

C：Volume GatewayはiSCSI/オンプレ向けでSMB/NFS共有やクロスリージョンDR要件に不適",,,2025-11-21
DOP-C02-Q267,"ある企業のアプリケーションは、Amazon EC2オンデマンドインスタンス群を使用してデータの分析と処理を行っています。EC2インスタンスはAuto Scalingグループに属しています。Auto Scalingグループは、Application Load Balancer（ALB）のターゲットグループです。アプリケーションは、中断を許容できない重要なデータを分析します。また、中断に耐えられる重要でないデータも分析します。

重要なデータ分析には、リアルタイムのアプリケーション需要に対応できる迅速な拡張性が求められます。重要でないデータ分析にはメモリ消費が伴います。DevOpsエンジニアは、重要なデータのスケールアウトレイテンシを削減するソリューションを実装する必要があります。このソリューションは、重要でないデータも処理する必要があります。

これらの要件を満たす手順の組み合わせはどれですか？（2つ選択してください。）",TRUE,重要なデータについては、既存のAuto Scalingグループを変更します。停止状態のWarm Poolインスタンスを作成します。Warm Poolのサイズを定義します。詳細モニタリングを有効にした新しいバージョンの起動テンプレートを作成します。スポットインスタンスを使用します。,FALSE,重要なデータについては、既存のAuto Scalingグループを変更します。停止状態のWarm Poolインスタンスを作成します。Warm Poolのサイズを定義します。詳細モニタリングを有効にした新しいバージョンの起動テンプレートを作成します。オンデマンドインスタンスを使用します。,TRUE,重要なデータについては、既存のAuto Scalingグループを変更します。ブートストラップスクリプトが正常に完了するように、ライフサイクルフックを作成します。インスタンスを登録する前に、インスタンス上のアプリケーションがトラフィックを受け入れる準備ができていることを確認します。詳細モニタリングを有効にした新しいバージョンの起動テンプレートを作成します。,FALSE,重要でないデータ用に、起動テンプレートを使用する2つ目のAuto Scalingグループを作成します。起動テンプレートを設定して、統合Amazon CloudWatchエージェントをインストールし、カスタムメモリ使用率メト​​リクスを使用してCloudWatchエージェントを設定します。スポットインスタンスを使用します。新しいAuto ScalingグループをALBのターゲットグループとして追加します。アプリケーションを変更して、重要データと重要でないデータの2つのターゲットグループを使用します。,TRUE,重要でないデータ用に、2つ目のAuto Scalingグループを作成します。ターゲットトラッキングスケーリングポリシーには、定義済みのメモリ使用率メト​​リクスタイプを選択します。スポットインスタンスを使用します。新しいAuto ScalingグループをALBのターゲットグループとして追加します。アプリケーションを変更し、重要データと重要でないデータにそれぞれ2つのターゲットグループを使用します。,FALSE,,,"正解：B と D

B（重要データ向け）

Warm Pool（停止状態）で起動待ちインスタンスを確保 → 起動/ブート時間を短縮しスケールアウトのレイテンシを削減。

**詳細モニタリング（1分粒度）**でスケーリング判断を高速化。

オンデマンドを使用（中断不可なワークロードに適合）。

D（重要でないデータ向け）

別ASGを作成し、Spotでコスト最適化（中断許容）。

CloudWatch Agentでメモリのカスタムメトリクスを送信し、メモリ使用率でスケーリング。

別ターゲットグループに接続し、アプリ側で重要/非重要の振り分けを実装。

※Eの「定義済みのメモリメトリクス」はEC2に標準では存在しないため不適。Aは重要データにSpotを使うため不適。",,,2025-11-21
DOP-C02-Q268,"ある企業は最近、Amazon EC2 インスタンスを使用する Amazon Elastic Kubernetes Service (Amazon EKS) クラスターにアプリケーションを移行しました。この企業は、CPU 使用率に基づいてアプリケーションを自動的にスケーリングするように設定しました。

アプリケーションは、高負荷になるとメモリエラーが発生します。また、アプリケーションは増加した負荷に対応できるほどスケールアウトしていません。この企業は、アプリケーションのメモリメトリクスを経時的に収集し、分析する必要があります。

これらの要件を満たす手順の組み合わせはどれですか（3つ選択してください）。",TRUE,ク​​ラスターが使用する IAM インスタンスプロファイルに、CloudWatchAgentServerPolicy マネージド IAM ポリシーをアタッチします。,FALSE,CloudWatchAgentServerPolicy マネージド IAM ポリシーをクラスターのサービス アカウント ロールにアタッチします。,TRUE,クラスター内の既存のEC2インスタンスに統合Amazon CloudWatchエージェントをデプロイし、パフォーマンスメトリクスを収集します。クラスターに新しく追加されるEC2インスタンスのAMIにエージェントを追加します。,FALSE,AWS Distro for OpenTelemetry コレクターを DaemonSet としてデプロイして、パフォーマンス ログを収集します。,TRUE,サービスディメンションを使用して、ContainerInsights 名前空間の pod_memory_utilization Amazon CloudWatch メトリックを分析します。,TRUE,ClusterName ディメンションを使用して、ContainerInsights 名前空間の node_memory_utilization Amazon CloudWatch メトリックを分析します。,FALSE,"正解：B・D・E

B：CloudWatch 連携は EKS では **IRSA（サービスアカウントのロール）**に権限付与がベストプラクティス。CloudWatchAgentServerPolicy をサービスアカウントのロールに付与。

D：AWS Distro for OpenTelemetry（ADOT）Collector を DaemonSet でデプロイし、クラスタ全体のメトリクス（メモリ含む）を収集。Container Insights 方式として推奨。

E：ContainerInsights の pod_memory_utilization を Service ディメンションで分析し、アプリ（Pod/Service）単位のメモリ利用を経時的に可視化。

※A はノードのインスタンスプロファイルに権限を広く付ける古い方法で過剰権限になりやすい。C は EC2 の AMI にエージェントを焼き込むやり方で、EKS の収集は DaemonSet 常駐が標準のため不適。F はノード全体のメモリで、アプリ原因のボトルネック特定には E がより直接的。",,,2025-11-21
DOP-C02-Q269,"ある企業のビデオストリーミングプラットフォームの利用が、複数の国で 1 日あたり 10,000 ユーザーから 50,000 ユーザーに増加しました。同社はストリーミングプラットフォームを Amazon Elastic Kubernetes Service (Amazon EKS) にデプロイしています。EKS ワークロードは、視聴ピーク時には数千ノードにスケールアップします。

同社のユーザーから、不正ログインの発生が報告されています。また、突然の中断やプラットフォームからのログアウトも報告されています。

同社はプラットフォーム全体のセキュリティ対策を強化したいと考えています。さらに、AWS 環境全体のリソースの動作とインタラクションの概要も必要です。概要には、ログイン試行、API 呼び出し、ネットワークトラフィックが表示される必要があります。ソリューションでは、ログ管理のオーバーヘッドを最小限に抑えながら、ネットワークトラフィック分析を可能にする必要があります。また、EKS ワークロードに関連する潜在的な悪意のある動作を迅速に調査する必要もあります。

これらの要件を満たすソリューションはどれでしょうか。",FALSE,EKS 監査ログモニタリングのために Amazon GuardDuty を有効にします。AWS CloudTrail ログを有効にします。EKS 監査ログと CloudTrail ログファイルを Amazon S3 バケットに保存します。Amazon Athena を使用して外部テーブルを作成します。Amazon QuickSight を使用してダッシュボードを作成します。,FALSE,EKS 監査ログモニタリングのために Amazon GuardDuty を有効にします。社内の AWS アカウントで Amazon Detective を有効にします。Detective のオプションのソースパッケージから EKS 監査ログを有効にします。,TRUE,Amazon CloudWatch Container Insights を有効にします。AWS CloudTrail ログを有効にします。EKS 監査ログと CloudTrail ログファイルを Amazon S3 バケットに保存します。Amazon Athena を使用して外部テーブルを作成します。Amazon QuickSight を使用してダッシュボードを作成します。,FALSE,EKS監査ログモニタリングのためにAmazon GuardDutyを有効にします。Amazon CloudWatch Container InsightsとVPCフローログを有効にします。AWS CloudTrailログを有効にします。,FALSE,,,,,"正解：B

GuardDuty の EKS 監査ログ保護で不正ログインや悪意のある振る舞いを検知。

Amazon Detectiveを有効化し、オプションの EKS 監査ログパッケージを使うと、CloudTrail・VPC フローログ・GuardDuty 連携の相関可視化と深掘り調査が可能。

S3/Athena/QuickSight の運用が不要で、ログ管理のオーバーヘッドを最小化しつつ、API 呼び出し・ログイン試行・ネットワークトラフィックの関係を迅速に追跡できる。

A/C は S3・Athena・QuickSight 構築で運用負荷大。D は性能監視（Container Insights）寄りで、攻撃調査の相関分析は弱い。",,,2025-11-21
DOP-C02-Q270,"ある企業は、AWS Organizations を使用して数百の AWS アカウントを管理しています。この企業には、AWS Identity and Access Management (IAM) を担当するチームがあります。IAM

チームは、AWS IAM Identity Center (AWS Single Sign-On) を実装したいと考えています。IAM チームには、IAM Identity Center を管理するために必要な最小限の権限のみを付与する必要があります。IAM チームは、Organizations の管理アカウントへの不要なアクセス権を取得できないようにする必要があります。IAM チームは、既存および新規メンバーアカウントに対して、新しい IAM Identity Center の権限セットと割り当てをプロビジョニングできる必要があります。

これらの要件を満たす手順の組み合わせはどれですか (3 つ選択してください)。",TRUE,IAM チーム用に新しい AWS アカウントを作成します。新しいアカウントで IAM Identity Center を有効にします。Organizations の管理アカウントで、新しいアカウントを IAM Identity Center の委任管理者として登録します。,FALSE,IAM チーム用の新しい AWS アカウントを作成します。Organizations の管理アカウントで、IAM Identity Center を有効にします。Organizations の管理アカウントで、新しいアカウントを IAM Identity Center の委任管理者として登録します。,TRUE,IAM Identity Centerで、IAMチームのユーザーとグループを作成します。ユーザーをグループに追加します。新しい権限セットを作成します。AWSSSODirectoryAdministrator管理のIAMポリシーをグループにアタッチします。,FALSE,IAM Identity Centerで、IAMチームのユーザーとグループを作成します。ユーザーをグループに追加します。新しい権限セットを作成します。AWSSSOMemberAccountAdministrator管理のIAMポリシーをグループにアタッチします。,TRUE,組織の管理アカウントに権限セットを割り当てます。IAMチームグループが権限セットを使用できるようにします。,FALSE,新しいAWSアカウントに権限セットを割り当てます。IAMチームグループに権限セットの使用を許可します。,TRUE,"正解：B・D・F

B：管理アカウントで IAM Identity Center を有効化し、IAM チーム用に作成した新アカウントを委任管理者として登録（管理アカウントへの不要なアクセスを回避）。

D：IAM チーム用の権限セットを作成し、AWSSSOMemberAccountAdministrator を含めて付与（メンバーアカウントへの権限セット作成・割り当てを実行できる最小権限）。

F：その権限セットを新しい（IAM チーム用）アカウントに割り当て、IAM チームのグループが使用できるようにする（委任管理者アカウントから全メンバーアカウントをプロビジョニング）。

※C/A/E は不適：
C（DirectoryAdministrator）はユーザー/グループ管理権限まで含み過剰になりがち。
A は委任管理者登録の手順が誤り（有効化は管理アカウントで実施）。
E は管理アカウントへのアクセス付与となり要件に反する。",,,2025-11-21
DOP-C02-Q271,"ある企業は、AWS Organizations ですべての機能が有効になっている組織を使用しています。この企業は、プライマリアカウントで AWS Backup を使用し、AWS Key Management Service (AWS KMS) キーを使用してバックアップを暗号化しています。

この企業は、AWS Backup がプライマリアカウントにバックアップするリソースのクロスアカウントバックアップを自動化する必要があります。この企業は、Organizations の管理アカウントでクロスアカウントバックアップを設定します。この企業は、組織内に新しい AWS アカウントを作成し、その新しいアカウントに AWS Backup バックアップボールトを設定します。この企業は、新しいアカウントに KMS キーを作成してバックアップを暗号化します。最後に、プライマリアカウントに新しいバックアッププランを設定します。新しいバックアッププランの保存先は、新しいアカウントのバックアップボールトです。

プライマリアカウントで AWS Backup ジョブが呼び出されると、ジョブによってプライマリアカウントにバックアップが作成されます。ただし、バックアップは新しいアカウントのバックアップボールトにコピーされません。

バックアップを新しいアカウントのバックアップボールトにコピーするには、どの組み合わせの手順を実行する必要がありますか？（2つ選択してください。）",TRUE,新しいアカウントのバックアップ ボールト アクセス ポリシーを編集して、プライマリ アカウントへのアクセスを許可します。,TRUE,プライマリ アカウントのバックアップ ボールト アクセス ポリシーを編集して、新しいアカウントへのアクセスを許可します。,FALSE,プライマリ アカウントのバックアップ ボールト アクセス ポリシーを編集して、新しいアカウントの KMS キーへのアクセスを許可します。,FALSE,プライマリ アカウントの KMS キーのキー ポリシーを編集して、キーを新しいアカウントと共有します。,FALSE,新しいアカウントの KMS キーのキーポリシーを編集して、キーをプライマリ アカウントと共有します。,TRUE,,,"正解：A と E

A.（必須） 新しいアカウント側のバックアップボールトのアクセスポリシーで、プライマリアカウントからの書き込み許可を付与する（クロスアカウントでコピー先ボールトへ投入できるようにする）。

E.（必須） 新しいアカウント側のKMSキーのキーポリシーで、プライマリアカウント（AWS Backup）に対してそのキーの使用権限（Encrypt等）を付与する（コピー時に再暗号化するため）。

B/C/D は方向が逆または不要。コピー先は**新アカウント側のリソースポリシー（Vault/KMS）**を開けるのがポイントです。",,,2025-11-21
DOP-C02-Q272,"ある企業では、Amazon S3 バケットを使用して画像を保存するアプリケーションを運用しています。DevOps エンジニアは、S3 バケットに保存されているオブジェクトに対してマルチリージョン戦略を実装する必要があります。また、別の AWS リージョンの S3 バケットへのフェイルオーバーも実現する必要があります。いずれかの S3 バケットに画像が追加された場合、その画像は 15 分以内にもう一方の S3 バケットに複製される必要があります。DevOpsエンジニアは、S3 バケット間の双方向レプリケーションを有効にします。

要件を満たすために、DevOps エンジニアは次にどのような手順の組み合わせを実行する必要がありますか？（3 つ選択してください。）",TRUE,各レプリケーション ルールで S3 レプリケーション時間制御 (S3 RTC) を有効にします。,TRUE,アクティブ/パッシブ構成で S3 マルチリージョン アクセス ポイントを作成します。,TRUE,企業が他のリージョンの S3 バケットにフェイルオーバーする必要がある場合は、AWS API で SubmitMultiRegionAccessPointRoutes オペレーションを呼び出します。,TRUE,両方の S3 バケットで S3 Transfer Acceleration を有効にします。,FALSE,Amazon Route 53 Recovery Controller でルーティング制御を設定します。S3 バケットをアクティブ/パッシブ構成で追加します。,FALSE,企業が他のリージョンの S3 バケットにフェイルオーバーする必要がある場合は、AWS API で UpdateRoutingControlStates オペレーションを呼び出します。,FALSE,"正解：A・B・C

A. S3 Replication Time Control を有効化
双方向レプリケーションの各ルールで S3 RTC を有効にして、15 分以内のレプリケーション要件を満たす。

B. S3 マルチリージョン アクセスポイントをアクティブ/パッシブで作成
単一のエンドポイントで複数リージョンのバケットを束ね、フェイルオーバー運用を簡素化。

C. SubmitMultiRegionAccessPointRoutes を呼び出す
フェイルオーバー時に MRAP のルーティングを切り替え、パッシブ側をアクティブ化。

**E/F（Route 53 Recovery Controller）**や **D（Transfer Acceleration）**は本要件には不要。MRAP自身のルーティング制御API（C）を使うのが最小オーバーヘッドで適切。",,,2025-11-21
DOP-C02-Q273,"ある企業は、AWS クラウド開発キット (AWS CDK) を使用してアプリケーションを定義しています。CDK アプリケーションをデプロイするために、AWS CodePipeline と AWS CodeBuild で構成されるパイプラインを使用しています。

このパイプラインにユニットテストを導入し、様々なインフラストラクチャコンポーネントをテストしたいと考えています。ユニットテストで失敗が発生しない場合は、デプロイが続行されるようにしたいと考えています。パイプライン

でテスト要件を強制するには、どのステップの組み合わせが適切ですか (2 つ選択してください)。",TRUE,CodeBuildビルドフェーズコマンドを更新して、テストを実行し、アプリケーションをデプロイします。OnFailureフェーズプロパティをABORTに設定します。,TRUE,CodeBuild ビルドフェーズコマンドを更新し、テストを実行してからアプリケーションをデプロイします。cdk deploy コマンドに --rollback true フラグを追加します。,FALSE,CodeBuild ビルドフェーズコマンドを更新し、テストを実行してからアプリケーションをデプロイします。cdk deploy コマンドに --require-approval any-change フラグを追加します。,FALSE,AWS CDKアサーションモジュールを使用したテストを作成します。template.hasResourcePropertiesアサーションを使用して、リソースに期待されるプロパティがあることをテストします。,TRUE,cdk diff コマンドを使用するテストを作成します。リソースが変更された場合にテストが失敗するように設定します。,FALSE,,,"正解：A と D

A：CodeBuild のビルドコマンドでユニットテスト →（パスしたら）cdk deployを実行。on-failure: ABORT（またはテスト失敗で非ゼロ終了）により、テスト失敗時はパイプライン停止、成功時のみデプロイ継続。

D：AWS CDK Assertions（aws-cdk-lib/assertions）でテンプレートをユニットテスト。template.hasResourceProperties などでリソース/プロパティを検証し、インフラの単体テスト要件を満たす。

C は手動承認の強制、B は意味が薄く、E は変更検出であってユニットテストではありません。",,,2025-11-21
DOP-C02-Q274,"ある企業では、アプリケーションロードバランサー（ALB）の背後にあるAmazon EC2インスタンス上でアプリケーションを実行しています。EC2インスタンスは複数のアベイラビリティゾーンに分散しています。あるアベイラビリティゾーンでアプリケーションが誤って設定されたため、部分的な停止が発生しました。DevOpsエンジニアは、あるアベイラビリティゾーンのEC2インスタンスの異常が他のアベイラビリティゾーンの正常なEC2インスタンスに影響を与えないように変更を加えました。DevOpsエンジニアは、アプリケーションのフェイルオーバーをテストし、ALBがトラフィックを送信する場所を変更する必要があります。フェイルオーバー中、ALBは障害が発生したアベイラビリティゾーンへのトラフィックの送信を回避する必要があります。

これらの要件を満たすソリューションはどれでしょうか？",FALSE,ALB のクロスゾーン負荷分散をオフにします。Amazon Route 53 アプリケーションリカバリコントローラーを使用して、アベイラビリティゾーンからのゾーンシフトを開始します。,FALSE,ALB のターゲットグループでクロスゾーン負荷分散をオフにします。Amazon Route 53 アプリケーションリカバリコントローラーを使用して、アベイラビリティゾーンからのゾーンシフトを開始します。,FALSE,ALB の DNS ホスト名を使用する Amazon Route 53 アプリケーションリカバリコントローラーのリソースセットを作成します。リソースセットのゾーンシフトをアベイラビリティゾーンから開始します。,TRUE,ALB のターゲットグループの ARN を使用する Amazon Route 53 アプリケーションリカバリコントローラーのリソースセットを作成します。ElbV2TargetGroupsCanServeTraffic ルールを使用する準備状況チェックを作成します。,FALSE,,,,,"正解：C

フェイルオーバーのテストで 特定 AZ へのトラフィックを一時的に避けるには、Amazon Route 53 Application Recovery Controller（ARC）の Zonal Shift を使います。

ALB のクロスゾーン負荷分散をオフにする必要はありません（ALB では前提的に不要／不適）。

準備状況チェックやターゲットグループ単位の設定変更は要件外。Zonal Shift で 指定 AZ からのシフトを開始すれば、ALB がその AZ へトラフィックを送らない状態で挙動確認できます。",,,2025-11-21
DOP-C02-Q275,"ある企業は、AWS Network Firewall のフローログを Amazon S3 バケットに送信しています。その後、Amazon Athena を使用してフローログを分析します。

フローログを既存の S3 バケットに送信する前に、フローログを変換し、追加データを追加する必要があります。

これらの要件を満たすソリューションはどれでしょうか？",FALSE,データを変換し、既存のS3バケットに新しいオブジェクトを書き込むAWS Lambda関数を作成します。Lambda関数に、既存のS3バケットのS3トリガーを設定します。イベントタイプには、すべてのオブジェクト作成イベントを指定します。再帰呼び出しを承認します。,FALSE,既存のS3バケットでAmazon EventBridge通知を有効にします。カスタムEventBridgeイベントバスを作成します。カスタムイベントバスに関連付けられたEventBridgeルールを作成します。既存のS3バケットのすべてのオブジェクト作成イベントに反応し、AWS Step Functionsワークフローを呼び出すようにルールを設定します。データを変換し、新しいS3バケットに書き込むStep Functionsタスクを設定します。,FALSE,デフォルトのEventBridgeイベントバスに関連付けられたAmazon EventBridgeルールを作成します。既存のS3バケットのすべてのオブジェクト作成イベントに反応するようにルールを設定します。ルールのターゲットとして新しいS3バケットを定義します。イベントをルールターゲットに渡す前に、EventBridge入力変換を作成してイベントをカスタマイズします。,FALSE,AWS Lambdaトランスフォーマーを設定したAmazon Kinesis Data Firehose配信ストリームを作成します。既存のS3バケットを宛先として指定します。ネットワークファイアウォールのログ出力先をAmazon S3からKinesis Data Firehoseに変更します。,TRUE,,,,,"正解：D

Network Firewall → Kinesis Data Firehose へログ出力先を変更。

Firehose の Lambda 変換で到着時にログを整形・付加情報を付与。

変換後を既存の S3 バケットに配信（圧縮/パーティションも可）。

A/B/C は「S3に置かれた後に処理」するため要件の「送信前に変換」に不一致。さらに A は再帰リスク、C は EventBridge で S3 へ直接書き込みできません。",,,2025-11-21
DOP-C02-Q276,"DevOpsエンジニアは、Amazon Elastic Container Service (Amazon ECS)サービスの既存のAWS CodePipeline CI/CDワークフローに統合テストを実装する必要があります。CI/CDワークフローは、AWS CodeCommitリポジトリから新しいアプリケーションコードを取得し、コンテナイメージを構築します。CI/CDワークフローは、新しいイメージタグバージョンを使用してコンテナイメージをAmazon Elastic Container Registry (Amazon ECR)にアップロードします。

統合テストでは、新しいバージョンのサービスエンドポイントにアクセスできること、およびさまざまなAPIメソッドが正常な応答データを返すことを確認する必要があります。DevOpsエンジニアは、サービスをテストするために既にECSクラスターを作成しています。

管理オーバーヘッドを最小限に抑えながら、これらの要件を満たす手順の組み合わせはどれですか？（3つ選択してください。）",TRUE,パイプラインにデプロイステージを追加します。Amazon ECS をアクションプロバイダーとして設定します。,TRUE,パイプラインにデプロイステージを追加します。AWS CodeDeploy をアクションプロバイダーとして設定します。,FALSE,CodeCommit リポジトリに appspec.yml ファイルを追加します。,FALSE,イメージ ビルド パイプライン ステージを更新して、新しいイメージ タグを参照する imagedefinitions.json ファイルを出力します。,TRUE,サービスに対して接続チェックとAPI呼び出しを実行するAWS Lambda関数を作成します。Lambdaアクションステージを使用して、Lambda関数をCodePipelineと統合します。,TRUE,サービスに対して統合テストを実行するスクリプトを作成します。スクリプトをAmazon S3バケットにアップロードします。S3アクションステージを使用して、S3バケット内のスクリプトをCodePipelineに統合します。,FALSE,"正解：A・D・E

A｜ECS デプロイアクションを追加
CodePipeline に Amazon ECS をアクションプロバイダーとして追加し、ECS サービスへ新イメージをロールアウト。

D｜imagedefinitions.json を出力
ビルド（CodeBuild）で新しいイメージタグを埋めた imagedefinitions.json を生成し、ECS デプロイアクションに渡して自動更新。

E｜Lambda で統合テスト
エンドポイント疎通と各 API メソッドのHTTP 検証を行う Lambda を用意し、CodePipeline の Lambda アクションとして実行（追加のサーバ管理なしで最小オーバーヘッド）。

B/C は CodeDeploy＋appspec 前提（ECS Blue/Green 用）で運用が重い。
F の S3 アクションはファイル取得のみで実行は不可。",,,2025-11-21
DOP-C02-Q277,"ある企業は、Windows および Linux の Amazon EC2 インスタンス上でアプリケーションを実行しています。これらのインスタンスは、AWS リージョン内の複数のアベイラビリティゾーンにまたがって実行されています。各アプリケーションには Auto Scaling グループを使用しています。これら

のインスタンスには、耐久性の高いストレージソリューションが必要です。このソリューションでは、Windows の場合は SMB、Linux の場合は NFS を使用する必要があります。また、レイテンシは 1 ミリ秒未満である必要があります。すべてのインスタンスがデータの読み取りと書き込みを行います。

これらの要件を満たす手順の組み合わせはどれですか（3 つ選択してください）。",TRUE,複数のアベイラビリティーゾーンにターゲットを持つ Amazon Elastic File System (Amazon EFS) ファイルシステムを作成します。,FALSE,Amazon FSx for NetApp ONTAP マルチ AZ ファイルシステムを作成します。,TRUE,共有ストレージに使用する汎用 SSD (gp3) Amazon Elastic Block Store (Amazon EBS) ボリュームを作成します。,FALSE,各アプリケーションの起動テンプレートのユーザーデータを更新して、ファイルシステムをマウントします。,TRUE,各 Auto Scaling グループでインスタンスの更新を実行します。,TRUE,新しいインスタンスが起動されたときにファイルシステムをマウントするように、各アプリケーションの EC2 インスタンスを更新します。,FALSE,"正解：B・D・E

B：**Amazon FSx for NetApp ONTAP（マルチAZ）**を作成

SMB（Windows）と NFS（Linux）のマルチプロトコル対応

共有書き込み・高耐久・低レイテンシ要件に適合

D：各アプリの起動テンプレートのユーザーデータにマウント処理を追加

新規起動インスタンスが自動でファイルシステムをマウント

E：各 Auto Scaling グループで**インスタンス更新（インスタンスリフレッシュ）**を実行

変更したユーザーデータを全インスタンスへ展開し、確実にマウント設定を反映

A（EFS）はNFSのみかつレイテンシ要件不適、C（EBS）は共有ファイルシステム用途に不適、FはD/Eで包括済み。",,,2025-11-21
DOP-C02-Q278,"ある企業では、セキュリティチームと DevOps チームが管理する AWS Organizations で組織を使用しています。両チームとも AWS IAM Identity Center を使用してアカウントにアクセスします。

各チームに専用のグループが作成されています。DevOps チームのグループには、DevOps という名前の権限セットが割り当てられています。権限セットには、AdministratorAccess 管理 IAM ポリシーがアタッチされています。権限セットは、組織内のすべてのアカウントに適用されています。

セキュリティチームは、DevOps チームが組織の管理アカウントで IAM Identity Center にアクセスできないようにしたいと考えています。セキュリティチームは、次の SCP を組織のルートにアタッチしました。

ポリシーを実装した後、セキュリティチームは DevOps チームが引き続き IAM Identity Center にアクセスできることを発見しました。

{
    ""Version"": ""2012-10-17"",
    ""Statement"": [
        {
            ""Sid"": ""DenyIAMIdentityCenter"",
            ""Effect"": ""Deny"",
            ""Action"": [
                ""sso:*"",
                ""sso-directory:*""
            ],
            ""Resource"": ""*"",
            ""Condition"": {
                ""ArnLike"": {
                    ""aws:PrincipalARN"": [
                        ""arn:aws:iam::*:role/AWSReservedSSO_DevOps_*""
                    ]
                }
            }
        }
    ]
}

どの解決策が問題を解決しますか。",FALSE,組織の管理アカウントで新しいOUを作成します。組織の管理アカウントを新しいOUに移動します。SCPを組織のルートからデタッチします。SCPを新しいOUにアタッチします。,FALSE,組織の管理アカウントで、DevOps チームのグループロールの ARN への SCP 条件参照を更新し、組織の管理アカウントの AWS アカウント ID を含めます。,FALSE,IAM Identity Center で新しい権限セットを作成します。割り当てられたポリシーにフルアクセス権限が付与されていることを確認し、sso:* アクションと sso-directory:* アクションへの権限を明示的に拒否します。組織の管理アカウントで、DevOps チームのグループロールに割り当てられた権限セットを更新します。SCP を削除します。,TRUE,IAM Identity Center で、DevOps 権限セットを更新します。割り当てられたポリシーにフルアクセス権限が付与されていることを確認し、sso:* アクションと sso-directory:* アクションへの権限を明示的に拒否します。Deny ステートメントに、aws:SourceAccount グローバル条件コンテキストキーと組織の管理アカウント IDelete を比較する StringEquals 条件を追加します。,FALSE,,,,,"正解：C

理由：

SCP は管理アカウントには適用されません。（組織の管理アカウントは SCP の影響外）
そのため、ルートに付けた「sso:* を Deny」の SCP では、管理アカウントでのアクセスを止められません。

管理アカウントだけで DevOps を制限するには、IAM Identity Center の権限セットで明示的 Deny を入れ、その権限セットを管理アカウントの割り当てに使うのが適切です（C）。

A：管理アカウントは OU に移せない／SCP でも解決しない

B：SCP 条件を直しても、そもそも管理アカウントには効かない

D：既存の DevOps 権限セットを全アカウントで Deny させる恐れ＋aws:SourceAccount は文脈不適切

したがって、管理アカウント専用の権限セットで sso 系アクションを明示的に拒否する C が正解です。",,,2025-11-21
DOP-C02-Q279,"Amazon EC2 Auto Scaling グループは、AMI から作成された EC2 インスタンスを管理します。AMI には AWS Systems Manager エージェントがインストールされています。EC2 インスタンスが Auto Scaling グループに起動されると、EC2 インスタンスにタグが適用されます。Auto

Scaling グループによって起動される EC2 インスタンスには、適切なオペレーティングシステム設定が必要です。

これらの要件を満たすソリューションはどれですか？",FALSE,必要なインスタンス構成を設定するSystems Manager Run Commandドキュメントを作成します。EC2インスタンスが最新のパッチに準拠していない場合にRun Commandドキュメントを呼び出すようにSystems Manager Complianceを設定します。,FALSE,Systems ManagerコマンドドキュメントにリンクするSystems Manager State Managerの関連付けを作成します。すぐに実行されるタグクエリを作成します。,TRUE,必要なインスタンス構成を指定するSystems Manager Run Commandタスクを作成します。Systems Manager Maintenance Windowsで、毎日実行されるメンテナンスウィンドウを作成します。メンテナンスウィンドウにRun Commandタスクを登録します。ターゲットを指定します。,FALSE,Auto Scalingグループが適用するタグと同じタグを使用するSystems Manager Patch Managerパッチベースラインとパッチグループを作成します。パッチグループをパッチベースラインに登録します。インスタンスにパッチを適用するためのSystems Managerコマンドドキュメントを定義します。Systems Manager Run Commandを使用してドキュメントを呼び出します。,FALSE,,,,,"正解：B

State Manager の関連付けを作成し、対象をASGが付与するタグで指定。

関連付けで **SSM ドキュメント（Run Command ドキュメント）を実行し、「すぐに実行」**を有効化。
→ 新規起動インスタンスはタグ付与後に自動で拾われ、必要な OS 設定が即時適用されます。

A/D：パッチ準拠・Patch Manager が主目的で要件と不一致。
C：メンテナンスウィンドウは定期実行で、起動直後の適用が遅れる。",,,2025-11-21
DOP-C02-Q280,"ある会社では、AWS Organizations を使用して AWS アカウントを管理しています。組織のルートには、Department という子 OU があります。Department OU には、Engineering という子 OU があります。デフォルトの FullAWSAccess ポリシーは、ルート、Department OU、および Engineering OU にアタッチされています。

この会社では、Engineering OU に多くの AWS アカウントがあります。各アカウントには、AdministratorAccess IAM ポリシーがアタッチされた管理 IAM ロールがあります。デフォルトの FullAWSAccessPolicy も各アカウントにアタッチされています。DevOps

エンジニアは、Department OU から FullAWSAccess ポリシーを削除する予定です。DevOps エンジニアは、すべての Amazon EC2 API 操作に対する Allow ステートメントを含むポリシーにポリシーを置き換えます。

この変更の結果、管理 1AM ロールのアクセス許可はどうなりますか?",FALSE,すべてのリソースに対するすべての API アクションが許可されます。,FALSE,EC2 リソースに対するすべての API アクションは許可されます。その他の API アクションはすべて拒否されます。,TRUE,すべてのリソースに対するすべての API アクションが拒否されます。,FALSE,EC2 リソースに対するすべての API アクションは拒否されます。その他の API アクションはすべて許可されます。,FALSE,,,,,"正解：B

SCP は「許可の上限」。
Department OU に EC2 のみ Allow の SCP を付けると、階層（Root/Engineering/Accountの FullAWSAccess）で許可されていても、Department の許可範囲（EC2 のみ）でフィルタされます。
結果、AdministratorAccess を持つ管理ロールでも EC2 以外は拒否 され、EC2 の全 API は許可されます。",,,2025-11-21
DOP-C02-Q281,"ある企業はAWS OrganizationsでAWSアカウントを管理しています。Amazon CloudWatch Logsのデータを専用のAWSアカウントのAmazon S3バケットに送信するソリューションが必要です。このソリューションは、既存および将来のすべてのCloudWatch Logsロググループをサポートする必要があります。

これらの要件を満たすソリューションはどれでしょうか？",FALSE,組織のバックアップポリシーを有効にして、すべてのロググループを専用のS3バケットにバックアップします。会社に属するすべてのアカウントからのアクセスを許可するS3バケットポリシーを追加します。,FALSE,AWS Backup でバックアッププランを作成します。専用の S3 バケットをバックアップボールトとして指定します。すべての CloudWatch Logs ロググループリソースをバックアッププランに割り当てます。会社に属するすべてのアカウントに対して、バックアッププランにリソース割り当てを作成します。,FALSE,AWS Backup でバックアッププランを作成します。専用の S3 バケットをバックアップボールトとして指定します。既存のすべてのロググループをバックアッププランに割り当てます。会社に属するすべてのアカウントに対して、バックアッププランにリソース割り当てを作成します。ロググループをバックアッププランに割り当てるための AWS Systems Manager Automation ランブックを作成します。すべての非準拠ロググループに対して自動修復アクションを実行する AWS Config ルールを作成します。このランブックをルールのターゲットとして指定します。,FALSE,専用のAWSアカウントに、CloudWatch Logsの送信先とAmazon Kinesis Data Firehoseの配信ストリームを作成します。配信ストリームの送信先としてS3バケットを指定します。すべてのアカウントの既存のロググループすべてに対してサブスクリプションフィルターを作成します。CloudWatch LogsのPutSubscriptionFilter APIオペレーションを呼び出すAWS Lambda関数を作成します。CreateLogGroupイベントが発生したときにLambda関数を呼び出すAmazon EventBridgeルールを作成します。,TRUE,,,,,"答え：D

要件を整理すると：
すべてのアカウントの CloudWatch Logs を専用アカウントの S3 バケットへ集約したい
既存のロググループだけでなく、今後新しく作られるロググループも自動で対象にしたい
これを満たすのが D の構成です。

D の構成ポイント
専用アカウントに CloudWatch Logs の送信先 (Destination) を作成
その送信先のターゲットとして Kinesis Data Firehose 配信ストリームを設定
Firehose の出力先として 専用アカウント内の S3 バケットを指定
→ これで「ログ → Logs サブスクリプション → Firehose → S3」の経路ができる
すべての既存ロググループに対して サブスクリプションフィルターを作成し、
上記 Logs Destination / Firehose に送信
さらに、
CreateLogGroup イベントをトリガーにする EventBridge ルール
そのルールから呼び出される Lambda 関数が PutSubscriptionFilter を実行
→ 新しいロググループが作られるたびに、自動で同じ送信先へのサブスクリプションフィルターが設定される
これにより、
既存＋今後作成される すべての CloudWatch Logs ロググループのデータを、専用アカウントの S3 バケットに集約できるので、要件を完全に満たします。

他の選択肢が不適な理由（ざっくり）
A / B / C：
いずれも AWS Backup / backup ポリシーベースの案ですが、
CloudWatch Logs の「リアルタイム/継続的なログ転送」ではなく「バックアップイメージ」を取る発想
Backup Vault と S3 バケットは別物であり、「専用 S3 バケットにログを送る」という要件とズレている
したがって、正解は D です。
",,,2025-11-21
DOP-C02-Q282,"DevOpsエンジニアは、AWS Fargate上のAmazon Elastic Container Service（Amazon ECS）クラスターで実行されるJavaベースのアプリケーションを管理しています。このアプリケーションには自動スケーリングが設定されていません。DevOps

エンジニアは、Java仮想マシン（JVM）のスレッド数がアプリケーションのスケーリングタイミングを判断する上で優れた指標であると判断しました。アプリケーションはポート8080で顧客トラフィックを処理し、ポート9404でJVMメトリクスを提供しています。

最近、アプリケーションの利用が増加しています。DevOpsエンジニアは、このアプリケーションの自動スケーリングを設定する必要があります。

これらの要件を満たし、運用オーバーヘッドが最も少ないソリューションはどれですか？（2つ選択してください。）",TRUE,Amazon CloudWatch エージェントをコンテナサイドカーとしてデプロイします。CloudWatch エージェントを設定して、ポート 9404 から JVM メトリクスを取得します。JVM スレッド数メトリクスに CloudWatch アラームを作成し、アプリケーションをスケールします。Fargate にステップスケーリングポリシーを追加し、CloudWatch アラームに基づいてスケールアップおよびスケールダウンします。,TRUE,Amazon CloudWatch エージェントをコンテナサイドカーとしてデプロイします。CloudWatch エージェントの CloudWatch ロググループに、JVM スレッド数メトリクスのメトリクスフィルターを設定します。Fargate にターゲット追跡ポリシーを追加します。メトリクスフィルターから、スケールターゲットとしてメトリクスを選択します。,FALSE,Amazon Managed Service for Prometheus ワークスペースを作成します。AWS Distro for OpenTelemetry をコンテナサイドカーとしてデプロイし、ポート 9404 から JVM メトリクスを Prometheus ワークスペースに公開します。ワークスペースのルールを設定し、JVM スレッド数メトリクスを使用してアプリケーションをスケーリングします。Fargate にステップスケーリングポリシーを追加します。スケールアップとスケールダウンに使用する Prometheus ルールを選択します。,FALSE,Amazon Managed Service for Prometheus ワークスペースを作成します。AWS Distro for OpenTelemetry をコンテナサイドカーとしてデプロイし、ポート 9404 から JVM メトリクスを取得し、Prometheus ワークスペースに公開します。Fargate にターゲット追跡ポリシーを追加します。スケールターゲットとして Prometheus メトリクスを選択します。,TRUE,,,,,"答え：A と D

A. CloudWatch エージェント（Prometheus対応）＋ CloudWatch アラーム＋ステップスケーリング

Fargate タスクに CloudWatch エージェントをサイドカーとして入れ、
ポート 9404 の JVM メトリクスをスクレイプして CloudWatch カスタムメトリクスとして送信。
その中の「JVM スレッド数」メトリクスに対して CloudWatch アラームを作成。
ECS サービス（Fargate）に ステップスケーリングポリシーを設定して、
そのアラームに応じてタスク数を増減。
→ CloudWatch + ECS Service Auto Scaling の 標準的な構成で、追加部品も少なく運用オーバーヘッドが小さい。

D. Amazon Managed Service for Prometheus（AMP）＋ ADOT サイドカー＋ターゲット追跡スケーリング
Amazon Managed Service for Prometheus ワークスペースを作成。
AWS Distro for OpenTelemetry（ADOT） をサイドカーとしてデプロイし、
ポート 9404 から JVM メトリクスを取得して AMP に送信。
ECS/Fargate のオートスケーリングに ターゲット追跡ポリシーを設定し、
Prometheus メトリクスを直接スケールターゲットとして指定。
→ Prometheus ベースのメトリクスをそのままスケーリングに利用でき、
CloudWatch アラームを個別に作って管理する必要がなく、
メトリクス駆動のスケーリングをシンプルに運用できる。

他の選択肢がダメな理由（ざっくり）
B：ログ → メトリクスフィルタ → メトリクス という経路は遠回りで、
CloudWatch エージェントはメトリクスを直接送れるのに、わざわざ Logs＋フィルタを挟んでおり、
オペレーションが複雑になる。
C：Prometheus の「ルール」をそのままステップスケーリングに使う、という形は想定されておらず、
AMP 連携では ターゲット追跡で Prometheus メトリクスを使うのが筋。
その意味で C の構成は不自然かつ運用負荷も高い。
なので、このシナリオで
「要件を満たし、かつ運用オーバーヘッドが最も少ない」のは A と D になります。",,,2025-11-21
DOP-C02-Q283,"ある企業には、単一のAWSリージョンで実行されるアプリケーションがあります。このアプリケーションはAmazon Elastic Kubernetes Service (Amazon EKS) クラスター上で実行され、Amazon Aurora MySQLクラスターに接続します。アプリケーションはAWS CodeBuildプロジェクトで構築されています。コンテナイメージはAmazon Elastic Container Registry (Amazon ECR) に公開されています。

この企業は、コンテナイメージとデータベースのアプリケーションの状態を別のリージョンに複製する必要があります。

これらの要件を最も運用効率の高い方法で満たすソリューションはどれでしょうか？",FALSE,ECR コンテナイメージが格納されているバケットで Amazon S3 クロスリージョンレプリケーション (CRR) を有効にします。Kubernetes デプロイメントファイルでコンテナイメージの新しい S3 バケットオブジェクト URL を参照し、2 番目のリージョンの EKS クラスターにアプリケーションをデプロイします。2 番目のリージョンにクロスリージョン Aurora レプリカを設定します。クロスリージョン Aurora レプリカのエンドポイントを使用するように、新しいアプリケーションデプロイメントを設定します。,FALSE,ECR リポジトリへのイメージプッシュに反応する Amazon EventBridge ルールを作成します。EventBridge ルールを設定して、AWS Lambda 関数を呼び出してイメージを 2 番目のリージョンの新しい ECR リポジトリにレプリケートします。Kubernetes デプロイメントファイルで新しい ECR リポジトリを参照することにより、アプリケーションを 2 番目のリージョンの EKS クラスターにデプロイします。2 番目のリージョンにクロスリージョン Aurora レプリカを設定します。クロスリージョン Aurora レプリカのエンドポイントを使用するように、新しいアプリケーションのデプロイを設定します。,FALSE,クロスリージョンレプリケーションをオンにして、ECRリポジトリを2つ目のリージョンに複製します。Kubernetesデプロイメントファイルで新しいECRリポジトリを参照し、2つ目のリージョンのEKSクラスターにアプリケーションをデプロイします。最初のリージョンと2つ目のリージョンのクラスターを使用してAuroraグローバルデータベースを設定します。Auroraグローバルデータベース内の2つ目のリージョンのクラスターのエンドポイントを使用するように、新しいアプリケーションのデプロイメントを設定します。,TRUE,CodeBuild プロジェクトを設定し、コンテナイメージを 2 番目のリージョンの ECR リポジトリにもプッシュします。Kubernetes デプロイメントファイルで新しい ECR リポジトリを参照することで、アプリケーションを 2 番目のリージョンの EKS クラスターにデプロイします。2 番目のリージョンの Aurora MySQL クラスターを、最初のリージョンの Aurora MySQL クラスターからのバイナリログレプリケーションのターゲットとして設定します。新しいアプリケーションのデプロイメントを、2 番目のリージョンのクラスターのエンドポイントを使用するように設定してください。,FALSE,,,,,"正解：C
理由

ECRはリポジトリ単位でのクロスリージョン・レプリケーション機能を提供しており、プッシュされた新イメージを自動で他リージョンのECRへ複製できます。運用オーバーヘッド最小。

データベースは Aurora Global Database を使うのがマネージドで最も効率的（低RPO/低RTO、リージョン間レプリケーションをサービスが管理）。

したがって、コンテナイメージはECRのCRR、DBはAurora Global DBで2リージョン目にクラスターを持たせ、そのエンドポイントをEKSデプロイで参照する C が要件と「運用効率の高さ」を同時に満たします。

他選択肢が劣る理由
A：ECRは内部的にS3を使うが、S3バケットURLでコンテナを参照する設計ではない。ECRのCRRを使うべき。
B：EventBridge→Lambdaで自前レプリケーションは保守コスト増。ECR標準機能のCRRがある。
D：CodeBuildから二重プッシュ＋binlogレプリケーションは構築/運用が重く、Aurora Global Databaseの方がマネージドでシンプル。",,,2025-11-21
DOP-C02-Q284,"ある企業が、AWS Lambda関数を用いてデータを処理するサーバーレスアプリケーションを構築しています。BeginResponse

Lambda関数は、特定のアプリケーションイベントに応じてデータを初期化します。この企業は、BeginResponse Lambda関数の実行後に多数のLambda関数が呼び出されるようにする必要があります。各Lambda関数は並列に呼び出され、BeginResponse Lambda関数の出力のみに依存します。各Lambda関数には、呼び出しの再試行ロジックがあり、データを失うことなく同時実行性を微調整できる必要があります。

これらの要件を最も効率的に満たすソリューションはどれでしょうか？",FALSE,Amazon Simple Notification Service (Amazon SNS) トピックを作成します。BeginResponse Lambda 関数を変更し、BeginResponse Lambda 関数の実行が完了する前に SNS トピックにパブリッシュするようにします。BeginResponse Lambda 関数の実行後に呼び出す必要があるすべての Lambda 関数を SNS トピックにサブスクライブします。新しい Lambda 関数も SNS トピックにサブスクライブします。,FALSE,BeginResponse Lambda関数の実行後に実行する必要がある各Lambda関数に対して、Amazon Simple Queue Service (Amazon SQS) キューを作成します。各Lambda関数を専用のSQSキューにサブスクライブします。Amazon Simple Notification Service (Amazon SNS) トピックを作成します。各SQSキューをSNSトピックにサブスクライブします。BeginResponse関数を変更し、実行完了時にSNSトピックにパブリッシュするようにします。,TRUE,BeginResponse Lambda関数の実行後に実行する必要がある各Lambda関数に対して、Amazon Simple Queue Service (Amazon SQS) キューを作成します。Lambda関数をSQSキューにサブスクライブします。各SQSキューに対してAmazon Simple Notification Service (Amazon SNS) トピックを作成します。SQSキューをSNSトピックにサブスクライブします。BeginResponse関数を変更し、関数の実行が終了したらSNSトピックにパブリッシュするようにします。,FALSE,AWS Step Functions 標準ワークフローを作成します。ワークフロー内の状態を設定し、Lambda 関数を順番に呼び出します。Amazon Simple Notification Service (Amazon SNS) トピックを作成します。BeginResponse Lambda 関数を変更し、Lambda 関数の実行が完了する前に SNS トピックにパブリッシュするようにします。SNS トピックにサブスクライブし、Step Functions ワークフローを呼び出す新しい Lambda 関数を作成します。,FALSE,,,,,"正解：B

理由

要件は「BeginResponse の出力を元に“多数のLambdaを並列起動”」「各Lambdaで再試行でき」「データ損失なし」「同時実行性を微調整」。

これには SNS→SQS fan-out が最適解。

SNS：BeginResponse の1回の publish を、複数の宛先に扇状配信（新しい関数の追加もSQSをサブスクするだけ）。

SQS（各関数専用キュー）：永続化・可視性タイムアウト・再試行/リドライブ(DLQ)・バッチサイズ/最大同時メッセージ取得などで関数ごとの処理速度や並列度を細かく制御可能。

Lambda×SQS イベントソース：関数側はポーリング駆動で自動スケールし、失敗時は再試行・DLQでデータ損失を防止。

他選択肢が劣る理由

A（SNS→Lambda直）：永続キューがなく、強い耐久性/細かな並列制御や失敗時の確実な再処理は関数側の実装・設定に依存し運用負荷増。

C：各SQSに対して個別にSNSトピックを作るのは冗長で運用負荷が高い（単一SNS→複数SQSで十分）。

D（Step Functions標準＋SNS）：標準ワークフローは順次実行が基本で要件の並列大量ファンアウトには過剰かつ不適。Parallelステートで並列化は可能だが、大量の動的分岐やスループット制御/リトライ耐久性はSQSの方が運用効率が高い。",,,2025-11-21
DOP-C02-Q285,ある企業は、複数のAWSリージョンにまたがってグローバルに展開されている製品を運用しています。同社のDevOpsチームは、製品をサポートするAPIをAmazon API Gatewayでデプロイする必要があります 。APIは冗長化してデプロイする必要があります。デプロイは、各拠点から独立した可用性を提供する必要があります。また、カスタムドメインURLに応答し、APIユーザーリクエストのパフォーマンスを最適化する必要があります。 これらの要件を満たすソリューションはどれでしょうか？,FALSE,us-east-1 リージョンに API Gateway エッジ最適化 API エンドポイントをデプロイします。API 用の API Gateway カスタムドメインを作成します。API のカスタムドメインに対して、地理的近接性ルーティングポリシーを設定した Amazon Route 53 レコードセットを作成します。地理的バイアスを最大値まで増加します。,FALSE,us-east-1 リージョンに API Gateway リージョナル API エンドポイントをデプロイします。API Gateway API をパブリック Application Load Balancer (ALB) に統合します。AWS Global Accelerator 標準アクセラレータを作成します。エンドポイントを AL に関連付けます。カスタムドメイン名をアクセラレータに割り当てられた DNS 名にポイントする Amazon Route 53 エイリアスレコードセットを作成します。,FALSE,会社の製品がデプロイされているすべてのAWSリージョンに、API GatewayのリージョナルAPIエンドポイントをデプロイします。デプロイされたAPI Gateway API用に、各リージョンにAPI Gatewayカスタムドメインを作成します。デプロイされたすべてのAPI Gatewayカスタムドメインに対して、レイテンシールーティングポリシーを持つAmazon Route 53レコードセットを作成します。,TRUE,us-east-1 リージョンに API Gateway エッジ最適化 API エンドポイントをデプロイします。Amazon CloudFront ディストリビューションを作成します。CloudFront ディストリビューションを代替ドメイン名で設定します。API Gateway 呼び出し URL をオリジンドメインとして指定します。シンプルなルーティングポリシーを使用して Amazon Route 53 エイリアスレコードセットを作成します。ルーティングポリシーを CloudFront ディストリビューションのドメイン名に指定します。,FALSE,,,,,"正解：C

理由

各リージョンに API Gateway（Regional） をデプロイし、Route 53 のレイテンシー・ルーティングで各拠点へ誘導するのが、可用性（リージョン独立の冗長化）と性能最適化（最も遅延の小さいリージョンへ誘導）を同時に満たす最も運用効率の高い構成。

各リージョンで API Gateway カスタムドメインを作成し、それらに対して Route 53 エイリアス + Latency policy を構成することで、単一のカスタムURLでグローバル配信＆冗長化が実現。

他案が不適な理由

A / D：単一リージョン（us-east-1）依存。CloudFront/エッジ最適化で遅延は改善できても、リージョン障害時に独立可用性を提供できない。

B：単一リージョン依存のまま。さらに API Gateway を ALB へ統合＋Global Accelerator は冗長性/独立可用性の要件を満たしにくく、設計も冗長。",,,2025-11-21
DOP-C02-Q286,"DevOpsエンジニアはAWS CodeBuildを使用してソフトウェアパッケージを頻繁に作成しています。CodeBuildプロジェクトでは、DevOpsエンジニアが複数のビルドで使用できる大規模なDockerイメージをビルドします。DevOps

エンジニアは、ビルドのパフォーマンスを向上させ、コストを最小限に抑えたいと考えています。

これらの要件を満たすソリューションはどれでしょうか？",FALSE,DockerイメージをAmazon Elastic Container Registry（Amazon ECR）リポジトリに保存します。CodeBuild用のローカルDockerレイヤーキャッシュを実装します。,TRUE,複数のビルドホストで利用可能なAmazon S3バケットにDockerイメージをキャッシュします。S3ライフサイクルポリシーを使用してキャッシュを期限切れにします。,FALSE,DockerイメージをAmazon Elastic Container Registry（Amazon ECR）リポジトリに保存します。CodeBuildプロジェクトのランタイム設定を変更して、常に最新のイメージバージョンを使用するようにします。,FALSE,キャッシュされた Docker イメージを含むカスタム AMI を作成します。CodeBuild ビルドで、カスタム AMI から Amazon EC2 インスタンスを起動します。,FALSE,,,,,"正解：A

理由

CodeBuildはローカルキャッシュをサポートし、特にDocker layer cacheを有効化するとレイヤの再利用でビルド時間を大幅短縮できます（同一ホスト再利用時に効果大）。

生成した大きなDockerイメージはECRに保存しておくのが標準ベストプラクティス。プル/プッシュが高速・安価で、複数プロジェクトから共用可能。

他案が劣る理由

B：S3キャッシュはファイル用途。Dockerレイヤのキャッシュとしては非効率・非標準。

C：ECRに保存して“常に最新を使う”だけでは、ビルド時間短縮の本質（レイヤ再利用）に寄与しない。

D：CodeBuildはカスタムAMI起動の運用が前提ではない（マネージド環境）。管理コスト増・非推奨パターン。",,,2025-11-21
DOP-C02-Q287,"大企業が最近、中小企業を買収しました。大企業は、AWS Organizations内の既存の組織に中小企業を新しいOUとして参加させるよう招待しました。DevOps

エンジニアは、中小企業が自社のアプリケーションワークロード用にt3.small Amazon EC2インスタンスタイプを起動する必要があると判断しました。中小企業は、インスタンスを米国ベースのAWSリージョン内にのみ展開する必要があります。DevOps

エンジニアは、中小企業が必要なインスタンスタイプのみを起動できるように、中小企業の新しいOUでSCPを使用する必要があります。

これらの要件を満たすソリューションはどれでしょうか？",FALSE,"ec2:InstanceType 条件が t3.small と等しくない場合、
すべての EC2 インスタンスリソースに対して ec2:RunInstances アクションを拒否するステートメントを設定します。また、aws:RequestedRegion 条件が us-* と等しくない場合、すべての EC2 インスタンスリソースに対して ec2:RunInstances アクションを拒否する別のステートメントを設定します。",TRUE,"ec2:InstanceType 条件が t3.small と等しくない場合に、すべての EC2 インスタンスリソースに対して ec2
:RunInstances アクションを許可するステートメントを設定します。また、aws:RequestedRegion 条件が us-* と等しくない場合に、すべての EC2 インスタンスリソースに対して ec2:RunInstances アクションを許可するステートメントも設定します。",FALSE,"ec2:InstanceType 条件が t3.small に等しい場合、すべての EC2
インスタンスリソースに対して ec2:RunInstances アクションを拒否するステートメントを設定します。また、aws:RequestedRegion 条件が us-* に等しい場合、すべての EC2 インスタンスリソースに対して ec2:RunInstances アクションを拒否する別のステートメントを設定します。",FALSE,"ec2:InstanceType 条件が t3.small に等しい場合に、
すべての EC2 インスタンスリソースに対して ec2:RunInstances アクションを許可するステートメントを設定します。また、aws:RequestedRegion 条件が us-* に等しい場合に、すべての EC2 インスタンスリソースに対して ec2:RunInstances アクションを許可するステートメントも設定します。",FALSE,,,,,"正解：A

理由

SCPで制限したいときは、明示的 Deny を条件付きで書くのがベストプラクティス。

ec2:RunInstances を ec2:InstanceType != t3.small の場合に Deny することで、t3.small 以外の起動を封じる。

併せて aws:RequestedRegion != us-* の場合に Deny することで、USリージョン（us-*）以外での起動を封じる。

B/D は Allow 記述のみで 制限にならない（SCPは最大許可の上限であり、Allow だけでは他を自動で拒否しない）。

C は条件が逆で、t3.small と USリージョンを拒否してしまう。",,,2025-11-21
DOP-C02-Q288,"DevOps チームは、アプリケーションのインフラストラクチャを管理しています。このアプリケーションは、Amazon Simple Queue Service (Amazon SQS) キューからのアイテムを処理するために、長時間実行プロセスを使用しています。このアプリケーションは Auto Scaling グループにデプロイされています。

最近、このアプリケーションで、アイテムの処理に大幅に時間がかかる問題が発生しました。キューが想定サイズを超えたため、さまざまなビジネスプロセスが正常に機能しなくなりました。アプリケーションはすべてのログをサードパーティツールに記録します。

チームは現在、アラートに使用する Amazon Simple Notification Service (Amazon SNS) トピックをサブスクライブしています。キューが想定サイズを超えた場合、チームにアラートを送信する必要があります。

これらの要件を最も効率的に満たすソリューションはどれでしょうか？",FALSE,Amazon CloudWatch メトリクスアラームを作成し、周期を 1 時間に設定し、Static しきい値を設定します。このアラームは、 approximateNumberOfMessagesDelayed メトリクスの平均が期待値を超えた場合に通知されます。SNS トピックに通知するようにアラームを設定します。,FALSE,1時間の周期と静的しきい値を設定したAmazon CloudWatchメトリクスアラームを作成し、approximateNumberOfMessagesVisibleメトリクスの合計が期待値を超えた場合にアラームを発報します。SNSトピックに通知するようにアラームを設定します。,TRUE,SQSキュー属性値「approximateNumberOfMessages」を取得し、その値を新しいCloudWatchカスタムメトリクスとしてパブリッシュするAWS Lambda関数を作成します。5分ごとに実行するようにスケジュールされ、このLambda関数を呼び出すAmazon EventBridgeルールを作成します。新しいカスタムメトリクスの合計が期待値を超えた場合にアラームを発報する、1時間の周期と静的しきい値を設定したCloudWatchメトリクスアラームを設定します。,FALSE,SQSキュー属性「approximateNumberOfMessagesDelayed」をチェックし、その値を関数内で定義された想定サイズと比較するAWS Lambda関数を作成します。5分ごとに実行するようにスケジュールされ、Lambda関数を呼び出すAmazon EventBridgeルールを作成します。SQSキュー属性「approximateNumberOfMessagesDelayed」が想定サイズを超えた場合、SNSトピックに通知を送信します。,FALSE,,,,,"正解：B

理由

監視したいのは「想定よりキューが溜まっている（バックログ）」状況。SQS の標準メトリクスでは ApproximateNumberOfMessagesVisible（取得可能＝未処理メッセージ数）が最も直接的です。これに CloudWatch アラームを設定し、しきい値超過で既存の SNS トピックへ通知すれば要件を満たします。

A の ApproximateNumberOfMessagesDelayed は DelaySeconds により遅延状態のメッセージ数で、バックログ指標としては不適切。

C / D は Lambda と EventBridge でメトリクス作成/比較を行っており、SQS には標準メトリクスがあるため不要な運用負荷になります。",,,2025-11-21
DOP-C02-Q289,"ある大企業が、複数のAWSアカウントで重要なワークロードを実行しています。これらのAWSアカウントは、すべての機能が有効になっているAWS Organizationsで管理されています。同社は、機密性の高い顧客データをAmazon S3バケットに保存しています。S3バケットへのアクセスには、複数レベルの承認が必要です。

同社は、AWS CLIを使用してS3バケットへのアクセスを監視したいと考えています。また、AWSアカウント内の他のすべてのS3バケットで他のユーザーが実行するさまざまなアクティビティを把握し、問題を検出したいと考えています。

これらの要件を満たすソリューションはどれでしょうか？",FALSE,各AWSアカウントでAmazon CloudWatchに配信されるAWS CloudTrail証跡を作成します。すべてのS3バケットのデータイベントログを有効にします。すべてのAWSアカウントでAmazon GuardDutyを使用して異常検出を行います。Amazon Athenaを使用して、CloudTrailログから作成されたカスタムメトリクスに対してSQLクエリを実行します。,TRUE,Organizations 管理アカウントで Amazon CloudWatch に配信される AWS CloudTrail 組織証跡を作成します。すべての S3 バケットのデータイベントログを有効にします。すべての AWS アカウントで Amazon CloudWatch 異常検出を使用します。Amazon Athena を使用して、CloudTrail ログから作成されたカスタムメトリクスに対して SQL クエリを実行します。,FALSE,Organizations 管理アカウントで Amazon CloudWatch に配信される AWS CloudTrail 組織証跡を作成します。すべての S3 バケットのデータイベントログを有効にします。すべての AWS アカウントで Amazon CloudWatch 異常検出を使用します。Amazon CloudWatch Metrics Insights を使用して、CloudTrail ログから作成されたカスタムメトリクスに対して SQL クエリを実行します。,FALSE,各AWSアカウントのAmazon CloudWatchに配信されるAWS CloudTrail証跡を作成します。すべてのS3バケットのデータイベントログを有効にします。すべてのAWSアカウントで異常検出用のカスタムソリューションを使用します。Amazon CloudWatch Metrics Insightsを使用して、CloudTrailログから作成されたカスタムメトリクスに対してSQLクエリを実行します。,FALSE,,,,,"正解：A

理由
S3 へのアクセス監視は CloudTrail のデータイベントで実現（オブジェクトレベルの GET/PUT/DELETE 等を捕捉）。

異常検出はメトリクスの揺らぎを見る CloudWatch 異常検出ではなく、S3 への不審アクセスや権限乱用を検知できる Amazon GuardDuty（S3 Protection） が最適。

収集した CloudTrail ログは Athena で横断的にクエリ可能（アクセス元、ユーザー、操作内容の分析）。

選択肢Aは「各アカウントで CloudTrail（データイベント有効）＋ GuardDuty ＋ Athena 解析」という組み合わせで、要件（S3アクセス監視・全バケットの活動把握・問題検出）を満たします。

他選択肢が不適な理由

B / C：CloudTrailを「CloudWatchへ配信」とあるが、Athena は S3 の CloudTrail ログを前提にクエリするのが一般的。さらに「CloudWatch 異常検出」はセキュリティ異常検出の用途に合致しない。

D：異常検出をカスタムで実装するのは運用負荷が高く、GuardDuty のマネージド検出に劣る。",,,2025-11-21
DOP-C02-Q290,"DevOps チームは、Amazon Elastic Kubernetes Service (Amazon EKS) クラスター上にアプリケーションのマイクロサービスをデプロイしています。このクラスターではマネージドノードグループを使用しています。DevOps チームは、特定の CPU 使用率に基づいてマイクロサービス Pod の自動スケーリングを有効化したいと考えています。DevOps チームは既にクラスターに Kubernetes Metrics Server をインストールしています。

これらの要件を最も運用効率の高い方法で満たすソリューションはどれでしょうか？",FALSE,EKS クラスターのワーカーノードに関連付けられている Auto Scaling グループを編集します。Auto Scaling グループの平均 CPU 使用率が特定のパーセンテージに達したときにスケーリングを行うように、ターゲット追跡スケーリングポリシーを使用するように Auto Scaling グループを設定します。,FALSE,Kubernetes Horizo​​ntal Pod Autoscaler (HPA) と Kubernetes Vertical Pod Autoscaler (VPA) をクラスターにデプロイします。HPA は目標 CPU 使用率に基づいてスケーリングするように設定します。VPA はレコメンダーモード設定を使用するように設定します。,FALSE,AWS Systems Manager の AWS-UpdateEKSManagedNodeGroup 自動化ドキュメントを実行します。NodeGroupDesiredSize、NodeGroupMaxSize、NodeGroupMinSize の値を、必要なノードサイズの見積もりに基づいて変更します。,FALSE,Kubernetes Horizo​​ntal Pod Autoscaler (HPA) と Kubernetes Cluster Autoscaler をクラスターにデプロイします。HPA は目標 CPU 使用率に基づいてスケーリングするように設定します。Cluster Autoscaler は自動検出設定を使用するように設定します。,TRUE,,,,,"正解：D
理由

Pod を CPU 使用率で自動スケールする標準は Kubernetes HPA（Metrics Server利用）。

Pod 数が増えてノードが足りない場合に自動でノードを増減するのは Cluster Autoscaler（EKS マネージドノードグループの ASG を自動検出して調整）。

A はノードの ASG を CPU でスケールするだけで Pod の需要を直接反映できない。

B の VPA は今回は不要（しかも HPA と同時適用は工夫が必要）。

C は手動変更で自動スケーリングではない。",,,2025-11-21
DOP-C02-Q291,"ある会社には複数のAWSアカウントがあり、サードパーティのSAML 2.0アイデンティティプロバイダー（IdP）と統合されたAWS IAMアイデンティティセンターを使用しています

。IAMアイデンティティセンターでは、アクセスコントロール機能の属性が有効になっています。属性マッピングリストは、IdPの部門キーを${path:enterprise.department}属性にマッピングします。既存のすべてのAmazon EC2インスタンスには、会社の3つの部門に対応するd1、d2、d3部門タグがあります。DevOps

エンジニアは、一致する属性に基づいてポリシーを作成する必要があります。ポリシーは、各ユーザーに、それぞれの部門名でタグ付けされたEC2インスタンスへのアクセスのみを許可する必要があります。

これらの要件を満たすために、DevOpsエンジニアはカスタム権限ポリシーにどの条件キーを含める必要がありますか？",FALSE,"""Condition"": {
    ""ForAllValues:StringEquals"": {
        ""aws:TagKeys"": [""department""]
    }
}",FALSE,"""Condition"": {
    ""StringEquals"": {
        ""aws:PrincipalTag/department"": ""${aws:ResourceTag/department}""
    }
}",FALSE,"""Condition"": {
    ""StringEquals"": {
        ""ec2:ResourceTag/department"": ""${aws:PrincipalTag/department}""
    }
}",TRUE,"""Condition"": {
    ""ForAllValues:StringEquals"": {
        ""ec2:ResourceTag/department"": [""d1"", ""d2"", ""d3""]
    }
}
",FALSE,,,,,"✅ 正解：C

理由
この要件では：

IdP 側で enterprise.department 属性が AWS IAM Identity Center にマッピングされ、
→ ユーザーに PrincipalTag/department が付与される。

各 EC2 インスタンスには ResourceTag/department（例：d1, d2, d3）が付いている。

ポリシーで「ユーザーの department タグと、リソース（EC2インスタンス）の department タグが一致する場合のみ許可」する必要がある。

各選択肢の意味
Aタグキーの存在 (aws:TagKeys) を確認するだけ。値一致を比較していない。❌Baws:PrincipalTag/department と aws:ResourceTag/department を比較しているが、リソースコンテキストでの aws: プレフィックス指定が正しくない（サービスごとのキーが必要）。⚠️ 不完全✅ Cec2:ResourceTag/department と ${aws:PrincipalTag/department} を比較。サービス（EC2）固有キーとプリンシパルタグの両方を正しく参照。✅ 正しいD特定値 [""d1"",""d2"",""d3""] と比較するだけで、ユーザーごとのタグ値に動的対応しない。❌

✅ よって正解は：

C.
""Condition"": {
  ""StringEquals"": {
    ""ec2:ResourceTag/department"": ""${aws:PrincipalTag/department}""
  }
}


この条件により、ユーザーの department タグと一致する department タグを持つ EC2 インスタンスのみ操作が許可されます。",,,2025-11-21
DOP-C02-Q292,セキュリティチームは、AWS Organizations 内の同一組織内にある複数のアカウントにおけるすべてのアクションと API 呼び出しを、AWS CloudTrail を使用して監視したいと考えています。セキュリティチームは、アカウントユーザーがこれらのアカウントで CloudTrail を無効にできないようにする必要があります。 この要件を満たすソリューションはどれですか？,FALSE,すべての OU に SCP を適用して、cloudtrail:StopLogging アクションと cloudtrail:DeleteTrail アクションを拒否します。,TRUE,各アカウントで IAM ポリシーを作成し、cloudtrail:StopLogging アクションと cloudtrail:DeleteTrail アクションを拒否します。,FALSE,ユーザーがアカウントで CloudTrail を無効にしたときにセキュリティチームに通知するように Amazon CloudWatch アラームを設定します。,FALSE,ユーザーがアカウントで CloudTrail を無効にした場合、AWS Config を使用して CloudTrail を自動的に再度有効にします。,FALSE,,,,,"正解：A
理由

組織内の全アカウントで CloudTrail を確実に無効化できないようにするには、アカウント内の権限より上位に適用される SCP（サービスコントロールポリシー）で明示的Deny をかけるのが最適。

cloudtrail:StopLogging と cloudtrail:DeleteTrail を Deny すれば、各アカウントの管理者権限ユーザーでも停止・削除できません。

B（各アカウントのIAMポリシー）は、そのアカウントの管理者により変更可能。

C は通知のみで防止にならない。

D は無効化後に再有効化するだけで、発生時の監査ギャップを防げず、無効化自体は阻止できません。",,,2025-11-21
DOP-C02-Q293,"DevOpsエンジニアは、既存の3層アプリケーションにブルー/グリーンデプロイメントを設定する必要があります。アプリケーションはAmazon EC2インスタンス上で実行され、Amazon RDSデータベースを使用します。EC2インスタンスはApplication Load Balancer（ALB）の背後で実行され、Auto Scalingグループに属しています。DevOps

エンジニアは、ブルー環境とグリーン環境の起動テンプレート、Auto Scalingグループ、およびALBターゲットグループを作成しました。各ターゲットグループは、EC2インスタンスにロードされるアプリケーションバージョン（ブルーまたはグリーン）を指定します。www.example.comのAmazon Route 53レコードはALBを指しています。

デプロイメントでは、トラフィックをブルー環境からグリーン環境に一括して移行する必要があります。

これらの要件を満たすソリューションはどれでしょうか？",FALSE,Green環境のAuto Scalingグループのローリング再起動を開始し、新しいアプリケーションバージョンをGreen環境のEC2インスタンスにデプロイします。ローリング再起動が完了したら、AWS CLIコマンドを使用してALBを更新し、Green環境のターゲットグループにトラフィックを送信します。,TRUE,AWS CLI コマンドを使用して ALB を更新し、トラフィックを Green 環境のターゲットグループに送信するようにします。Green 環境の Auto Scaling グループのローリング再起動を開始し、新しいアプリケーションバージョンを Green 環境の EC2 インスタンスにデプロイします。,FALSE,起動テンプレートを更新し、グリーン環境のアプリケーションバージョンをブルー環境のEC2インスタンスにデプロイします。どちらの環境でもターゲットグループとAuto Scalingグループは変更しないでください。ブルー環境のEC2インスタンスをローリング再起動します。,FALSE,Green環境のAuto Scalingグループのローリング再起動を開始し、新しいアプリケーションバージョンをGreen環境のEC2インスタンスにデプロイします。ローリング再起動が完了したら、Route 53を更新して、ALB上のGreen環境のエンドポイントを参照するようにします。,FALSE,,,,,"正解：A
理由

既に Blue/Green で 別ターゲットグループがあり、ALB は Route 53 の同一ドメインを指しています。

まず Green 環境に新バージョンを展開・検証し、その後 ALB のリスナー/デフォルトアクションを Blue→Green のターゲットグループへ切替えるのが、一括スイッチの正道。

B は切替を先に行うため、未準備の Green にトラフィックが流れてしまう。

C は Blue/Green でなく、同一環境のローリング更新。

D は ALB 上でターゲットグループを切替えるべきで、Route 53 の変更は不要（ALB は同一DNS名）。",,,2025-11-21
DOP-C02-Q294,"ある企業では、Auto Scaling グループの Amazon EC2 インスタンス上で実行されるアプリケーションを運用しています。このアプリケーションは、Amazon Simple Queue Service (Amazon SQS) キューからの大量のメッセージを処理します。DevOps

エンジニアは、アプリケーションが SQS キューからの一連のメッセージを処理するのに数時間かかっていることに気付きました。Auto Scaling グループの平均 CPU 使用率は、メッセージ処理時にターゲット追跡スケーリングポリシーのしきい値を超えませんでした。SQS キューを処理するアプリケーションは、Amazon CloudWatch Logs にログを発行します。DevOps

エンジニアは、キューが迅速に処理されるようにする必要があります。

これらの要件を、運用オーバーヘッドが最も少ないソリューションはどれでしょうか？",FALSE,AWS Lambda関数を作成します。SQSキュー属性の approximateNumberOfMessagesVisible とAuto Scalingグループ属性の GroupInServiceInstances を使用して、各インスタンスのキューメッセージをパブリッシュするようにLambda関数を設定します。Amazon EventBridgeルールをスケジュールし、Lambda関数を1時間ごとに実行します。カスタムメトリクスを使用してスケールイン/スケールアウトするAuto Scalingグループのターゲット追跡スケーリングポリシーを作成します。,FALSE,AWS Lambda関数を作成します。SQSキュー属性の approximateNumberOfMessagesVisible とAuto Scalingグループ属性の GroupInServiceInstances を使用して、各インスタンスのキューメッセージをパブリッシュするようにLambda関数を設定します。Lambda関数をターゲットとして、アプリケーションログ用のCloudWatchサブスクリプションフィルターを作成します。カスタムメトリクスを使用してスケールイン/スケールアウトする、Auto Scalingグループのターゲットトラッキングスケーリングポリシーを作成します。,FALSE,Auto Scaling グループのターゲット追跡スケーリングポリシーを作成します。ターゲット追跡ポリシーでは、SQS キュー属性 approximateNumberOfMessagesVisible と Auto Scaling グループ属性 GroupInServiceInstances を使用して、メトリック計算によりインスタンス数ごとにキュー内のメッセージ数を計算します。計算された属性を使用してスケールインとスケールアウトを行います。,TRUE,SQSキューの approximateNumberOfMessagesVisible 属性をCloudWatch Logsロググループに記録するAWS Lambda関数を作成します。Amazon EventBridgeルールをスケジュールし、Lambda関数を5分ごとに実行します。CloudWatch Logsグループからのログイベント数をカウントするメトリクスフィルタを作成します。カスタムメトリクスを使用してスケールイン/スケールアウトする、Auto Scalingグループのターゲットトラッキングスケーリングポリシーを作成します。,FALSE,,,,,"正解：C
理由

したいことは「SQSのバックログ / 稼働中インスタンス数」に応じてASGを自動スケールさせること。

EC2 Auto Scaling のターゲット追跡は CloudWatch のメトリックマスを使って、
ApproximateNumberOfMessagesVisible ÷ GroupInServiceInstances をターゲット値にする構成が王道です。

これで CPUに依存せず、キューの滞留に比例して台数が増減します。追加のLambdaやカスタムメトリクス運用が不要でオーバーヘッド最小。

なぜ他は×？
A/B/D：Lambda やログ→メトリクス変換など余計な仕組みが増え、運用負荷が上がるため不適。",,,2025-11-21
DOP-C02-Q295,"ある企業は、単一のAWSアカウントを所有しており、単一のAWSリージョンで数百のAmazon EC2インスタンスを実行しています。この企業は、1時間ごとに新しいEC2インスタンスを起動および終了しています。このアカウントには、1週間以上稼働している既存のEC2インスタンスも含まれています。この企業のセキュリティポリシーでは、稼働中のすべてのEC2インスタンスにEC2インスタンスプロファイルをアタッチする必要があります。企業はデフォルトのEC2インスタンスプロファイルを作成しました。プロファイルがアタッチされていないEC2インスタンスには、デフォルトのEC2インスタンスプロファイルをアタッチする必要があります。

これらの要件を満たすソリューションはどれでしょうか？",FALSE,Amazon EC2 RunInstances API 呼び出しに一致する Amazon EventBridge ルールを設定します。AWS Lambda 関数を呼び出して、デフォルトのインスタンスプロファイルを EC2 インスタンスにアタッチするようにルールを設定します。,FALSE,AWS Config を設定します。AWS Config の ec2-instance-profile-attached マネージドルールをデプロイします。AWS Systems Manager Automation ランブックを呼び出してデフォルトのインスタンスプロファイルを EC2 インスタンスにアタッチする自動修復アクションを設定します。,TRUE,Amazon EC2 StartInstances API 呼び出しに一致する Amazon EventBridge ルールを設定します。AWS Systems Manager Automation ランブックを呼び出して、デフォルトのインスタンスプロファイルを EC2 インスタンスにアタッチするようにルールを設定します。,FALSE,AWS Config を設定します。AWS Config iam-role-managed-policy-check マネージドルールをデプロイします。AWS Lambda 関数を呼び出してデフォルトのインスタンスプロファイルを EC2 インスタンスにアタッチする自動修復アクションを設定します。,FALSE,,,,,"正解：B

理由

目的は「稼働中のすべての EC2 にインスタンスプロファイルが必須」「未付与の既存インスタンスも自動是正」。

AWS Config のマネージドルール ec2-instance-profile-attached は、インスタンスにプロファイルが付いているかを継続評価でき、
**自動修復（SSM Automation ランブック）**でデフォルトのプロファイルを自動アタッチできます。新規・既存どちらも網羅し、運用負荷が最小。

他が不適な理由

A：RunInstances で起動直後は対応できるが、既存インスタンスや後から外されたケースを網羅できない。

C：StartInstances トリガでは起動イベント時しか動かず、すでに稼働中の対象を拾えない。

D：iam-role-managed-policy-check はインスタンスプロファイル有無の評価ルールではない。",,,2025-11-21
DOP-C02-Q296,"ある企業は、AWS Organizations を使用して数百の AWS アカウントを管理しています。この企業には、AWS Identity and Access Management (IAM) を担当するチームがあります。IAM

チームは AWS IAM Identity Center を実装したいと考えています。IAM チームには、IAM Identity Center を管理するために必要な最小限の権限のみを付与する必要があります。IAM チームは、Organizations の管理アカウントへの不要なアクセスを取得できないようにする必要があります。IAM チームは、新規および既存のメンバーアカウントに対して、新しい IAM Identity Center の権限セットと割り当てをプロビジョニングできる必要があります。

これらの要件を満たす手順の組み合わせはどれですか（3 つ選択してください）。",TRUE,IAM チーム用に新しい AWS アカウントを作成します。新しいアカウントで IAM Identity Center を有効にします。Organizations 管理アカウントで、新しいアカウントを IAM Identity Center の委任管理者として登録します。,FALSE,IAM チーム用に新しい AWS アカウントを作成します。Organizations 管理アカウントで IAM Identity Center を有効にします。Organizations 管理アカウントで、新しいアカウントを IAM Identity Center の委任管理者として登録します。,TRUE,Organizations に SCP を作成します。Organizations 管理アカウント用の新しい OU を作成し、新しい SCP をその OU にリンクします。IAM Identity Center へのすべてのアクセスを拒否するように SCP を設定します。,FALSE,IAM Identity Center で、IAM チームの IAM ユーザーと IAM グループを作成します。ユーザーをグループに追加します。新しい権限セットを作成します。AWSSSOMemberAccountAdministrator 管理の IAM ポリシーをグループにアタッチします。,TRUE,新しい権限セットを組織の管理アカウントに割り当てます。IAMチームのグループが権限セットを使用できるようにします。,FALSE,新しいAWSアカウントに新しい権限セットを割り当てます。IAMチームのグループに権限セットの使用を許可します。,TRUE,"正解：B・D・F

B：IAM Identity Center は管理アカウントで有効化し、**委任管理者（Delegated Administrator）**として IAM チーム用の新しいメンバーアカウントを登録します。これで、管理アカウントに入らずに全組織の権限セット/割り当てを管理できます。

D：IAM Identity Center 側で IAM チーム用のユーザー/グループを用意し、新しい権限セットを作成して AWSSSOMemberAccountAdministrator（マネージド）相当の権限を付与します（※実際は権限セットにポリシーをアタッチ）。

F：作成した権限セットをIAM チーム用の新規アカウント（= 委任管理者アカウント）に割り当て、IAM チームのグループがその権限セットを使えるようにします。これで IAM チームは管理アカウントへ余計なアクセスなしで、新規/既存メンバーアカウントへの権限セットと割り当てのプロビジョニングを実施できます。",,,2025-11-21
DOP-C02-Q297,"ある企業では、2つのセカンダリAWSリージョンを持つAmazon Aurora PostgreSQLグローバルデータベースを使用しています。DevOpsエンジニアは、データベースパラメータグループを設定して、RPO（目標復旧時点）を60秒に保証しています。このRPO設定により、プライマリクラスターへの書き込み操作が時折ブロックされます。DevOpsエンジニアは、ブロックされる書き込み操作の頻度を減らす必要があります。

これらの要件を満たすソリューションはどれでしょうか？",FALSE,グローバル データベースにセカンダリ クラスターを追加します。,FALSE,グローバル データベースの書き込み転送を有効にします。,FALSE,グローバル データベースからセカンダリ クラスターの 1 つを削除します。,TRUE,グローバル データベースの同期レプリケーションを構成します。,FALSE,,,,,"正解：C

理由
Aurora Global Database の RPO ターゲットは、セカンダリ側のレプリケーション遅延がRPOを超えそうなときにプライマリの書き込みをスロットル/一時ブロックして目標を守ります。
セカンダリが2リージョンあると、その分ネットワーク距離・負荷が増え、遅延が大きくなりやすくブロック頻度が上がります。

→ セカンダリを1つ削除（C）すればレプリケーション遅延が減り、RPOを満たすための書き込みブロックも減ります。
Aは遅延悪化の恐れ、B（書き込み転送）はクライアント利便性でありRPO由来のスロットルに無関係、DはAurora Global DBに同期レプリケーションの選択肢はなく不適です。",,,2025-11-21
DOP-C02-Q298,"ある企業では、Amazon Elastic Kubernetes Service (Amazon EKS) クラスターでホストされているウェブアプリケーションを運用しています。EKS クラスターは、インターネットに接続された Application Load Balancer を通じて利用可能な AWS Fargate 上で稼働しています。

このアプリケーションで安定性の問題が発生しており、応答時間が長くなっています。DevOps エンジニアは、この問題を解決するために Amazon CloudWatch でオブザーバビリティを設定する必要があります。このソリューションでは、必要最小限の権限のみを提供する必要があります。

これらの要件を満たす手順の組み合わせはどれですか (3 つ選択してください)。",TRUE,CloudWatch エージェントを Kubernetes StatefulSet として EKS クラスターにデプロイします。,FALSE,AWS Distro for OpenTelemetry Collector を Kubernetes DaemonSet として EKS クラスターにデプロイします。,TRUE,Amazon EKS のサービスアカウント用 IAM ロールを使用して、Kubernetes サービスアカウントを IAM ロールに関連付けます。CloudWatchAgentServerPolicy AWS 管理ポリシーを使用します。,TRUE,Amazon EKS のサービスアカウント用 IAM ロールを使用して、Kubernetes サービスアカウントを IAM ロールに関連付けます。CloudWatchAgentAdminPolicy AWS 管理ポリシーを使用します。,FALSE,EKS クラスターの IAM OpenID Connect (OIDC) プロバイダーを構成します。,TRUE,EKS クラスターの EKS コントロール プレーン ログ記録を有効にします。,FALSE,"正解：B・C・E

B. ADOT Collector を DaemonSet としてデプロイ
EKS ワークロードのメトリクス／ログ／トレースを収集し、CloudWatch（Container Insights など）へ送信する標準。Fargate では DaemonSet は実行されませんが、選択肢の中では CloudWatch エージェントより ADOT が適切です（実運用ではサイドカー方式を用います）。

E. EKS の OIDC プロバイダーを構成
IRSA（IAM Roles for Service Accounts） を使う前提。Pod 単位で最小権限を付与する基盤。

C. サービスアカウントに IAM ロールを関連付け、CloudWatchAgentServerPolicy を付与
収集用Pod（ADOT/エージェント）へ必要最小限の権限を付与。AdminPolicy は過剰なので不採用（Dは×）。

不採用
A：CloudWatch エージェントを StatefulSet は不適切（構成パターンとしても非推奨、Fargate とも相性が悪い）。
D：最小権限の要件に反する（AdminPolicy）。
F：コントロールプレーンログは有用だが、アプリの遅延解析（Pod/アプリのメトリクス・トレース収集）に直接必要な3手順の枠外。",,,2025-11-21
DOP-C02-Q299,"ある企業は、PythonベースのアプリケーションコードをAWS CodeCommitに保存しています。アプリケーションのデプロイにはAWS CodePipelineを使用しています。CodeCommitリポジトリとCodePipelineパイプラインは同じAWSアカウントにデプロイされています。

同社のセキュリティチームは、コードを本番環境にデプロイする前に、すべてのコードに対して脆弱性スキャンを実施することを義務付けています。脆弱性が見つかった場合、デプロイを停止する必要があります。

これらの要件を満たすソリューションはどれでしょうか？",FALSE,新しい CodeBuild プロジェクトを作成します。Amazon CodeGuru Security を使用してコードのセキュリティスキャンを実行するようにプロジェクトを設定します。CodeGuru Security が脆弱性を発見した場合にエラーを発生させるように CodeBuild プロジェクトを設定します。CodeGuru Security スキャンを実行するのに十分な権限を持つ新しい IAM ロールを作成します。そのロールを CodeBuild プロジェクトに割り当てます。CodePipeline パイプラインで、デプロイメントステージの前に新しいステージを追加します。新しいステージのアクションプロバイダーとして AWS CodeBuild を選択します。CodeCommit リポジトリのソースアーティファクトを使用します。CodeBuild プロジェクトを使用するようにアクションを設定します。,TRUE,新しい CodeBuild プロジェクトを作成します。Amazon Inspector を使用してコードのセキュリティスキャンを実行するようにプロジェクトを設定します。Amazon Inspector が脆弱性を発見した場合にエラーを発生させるように CodeBuild プロジェクトを設定します。Amazon Inspector スキャンを実行するのに十分な権限を持つ新しい IAM ロールを作成します。そのロールを CodeBuild プロジェクトに割り当てます。CodePipeline パイプラインで、デプロイメントステージの前に新しいステージを追加します。新しいステージのアクションプロバイダーとして AWS CodeBuild を選択します。CodeCommit リポジトリのソースアーティファクトを使用します。アクションで CodeBuild プロジェクトを使用するように設定します。,FALSE,CodePipeline にアタッチされている IAM ロールを更新し、Amazon DevOps Guru を呼び出すための十分な権限を追加します。CodePipeline パイプラインで、デプロイステージの前に新しいステージを追加します。新しいステージのアクションプロバイダーとして DevOps Guru を選択します。ソースアーティファクトは CodeCommit リポジトリから使用します。,FALSE,CodePipeline にアタッチされている IAM ロールを更新し、Amazon DevOps Guru を呼び出すための十分な権限を追加します。CodePipeline パイプラインで、デプロイメントステージの前に新しいステージを追加します。新しいステージのアクションプロバイダーとして CodeGuru Security を選択します。ソースアーティファクトは CodeCommit リポジトリから使用します。,FALSE,,,,,"正解：A

理由
CodeGuru Securityはソースコード（Python対応）の脆弱性スキャンに最適。

CodeBuildでスキャンを走らせ、検出時にビルドを失敗させれば CodePipeline が以降のデプロイを自動停止。

BのAmazon Inspectorはソースコードではなく、ECR/EC2/Lambda等のランタイム資産の脆弱性向け。

C/D：CodePipelineのネイティブアクションとしては提供されていないため不適。",,,2025-11-21
DOP-C02-Q300,"DevOpsエンジニアがAmazon Linux EC2インスタンス群にアプリケーションをデプロイします。DevOpsエンジニアは、インスタンス群全体のシステムメトリクスを監視する必要があります。また、ネットワークトラフィックとアプリケーションコードのメモリ使用量の関係を監視したいと考えています。さらに、60秒間隔でデータを追跡したいと考えています。

これらの要件を満たすソリューションはどれでしょうか？",FALSE,Amazon CloudWatch の基本モニタリングを使用して、NetworkIn メトリクスと MemoryBytesUsed メトリクスを収集します。CloudWatch でメトリクスをグラフ化します。,FALSE,Amazon CloudWatch の詳細モニタリングを使用して、NetworkIn メトリクスと MemoryBytesUsed メトリクスを収集します。CloudWatch でメトリクスをグラフ化します。,FALSE,Amazon CloudWatch の詳細モニタリングを使用して NetworkIn メトリクスを収集します。EC2 インスタンスに CloudWatch エージェントをインストールして mem_used メトリクスを収集します。CloudWatch でメトリクスをグラフ化します。,TRUE,Amazon CloudWatch の基本モニタリングを使用して、組み込みの NetworkIn メトリクスを収集します。EC2 インスタンスに CloudWatch エージェントをインストールして、mem_used メトリクスを収集します。CloudWatch でメトリクスをグラフ化します。,FALSE,,,,,"正解：C

60秒間隔での収集には、EC2の詳細モニタリング（1分粒度）が必要 → NetworkIn を1分で取得。

メモリ使用量はEC2のデフォルトでは取れないため、CloudWatch エージェントを各インスタンスに入れて mem_used（または同等のメモリ系カスタムメトリクス）を送信。

これで ネットワークトラフィック（NetworkIn）× メモリ使用量（mem_used） を CloudWatch 上で同一ダッシュボード/グラフに可視化可能。

A/Bはメモリが標準では収集不可（MemoryBytesUsedはデフォルトに存在しない）。Dは基本モニタリング＝5分粒度で要件の60秒に不一致。",,,2025-11-21
DOP-C02-Q301,"ある企業は、AWS Systems Managerを使用して、SSMエージェントがインストールされたAmazon Linux EC2インスタンス群を管理しています。すべてのEC2インスタンスは、インスタンスメタデータサービスバージョン2（IMDSv2）を使用するように設定されており、同じAWSアカウントとAWSリージョンで実行されています。会社のポリシーでは、開発者はAmazon Linuxのみを使用することが義務付けられています。

同社は、すべての新規EC2インスタンスが作成後、Systems Managerによって自動的に管理されるようにしたいと考えています。

これらの要件を最も効率的に満たすソリューションはどれでしょうか？",FALSE,Systems Manager がロールを引き継ぐことを許可する信頼ポリシーを持つ IAM ロールを作成します。AmazonSSMManagedEC2InstanceDefaultPolicy ポリシーをロールにアタッチします。このロールを使用するように、SSM サービス設定 default-ec2-instance-management-role を設定します。,TRUE,AWS Config が設定されていることを確認します。EC2 インスタンスに SSM エージェントがインストールされているかどうかを検証する AWS Config ルールを作成します。EC2 の設定変更時にルールが実行されるように設定します。ルールの自動修復機能を設定し、AWS-InstallSSMAgent SSM ドキュメントを実行して SSM エージェントをインストールします。,FALSE,Systems Manager Patch Manager を設定します。すべての新規 EC2 インスタンスに SSM エージェントを自動的にインストールするパッチベースラインを作成します。すべての EC2 インスタンスのパッチグループを作成します。パッチベースラインをパッチグループにアタッチします。メンテナンスウィンドウとメンテナンスウィンドウタスクを作成し、SSM エージェントを毎日インストールできるようにします。,FALSE,Amazon EC2 がロールを引き継ぐことを許可する信頼ポリシーを持つ EC2 インスタンスロールを作成します。AmazonSSMManagedInstanceCore ポリシーをロールにアタッチします。AWS Config が設定されていることを確認します。ec2-instance-profile-attached マネージド AWS Config ルールを使用して、EC2 インスタンスにロールがアタッチされているかどうかを検証します。EC2 の設定変更時にルールが実行されるように設定し、AWS-SetupManagedRoleOnEc2Instance SSM ドキュメントを実行してロールを EC2 インスタンスにアタッチするように、ルールの自動修復を設定します。,FALSE,,,,,"正解：A

理由
既に全インスタンスは SSM エージェント導入済み・IMDSv2 有効・同一アカウント/リージョン・OSはAmazon Linuxに限定という前提なので、足りないのは SSM管理用の適切なインスタンスロールの自動付与です。

SSM のサービス設定 default-ec2-instance-management-role に、AmazonSSMManagedEC2InstanceDefaultPolicy を付与したロールを指定しておけば、新規EC2に対して自動で管理ロールを適用でき、起動直後から Systems Manager 管理下に入ります。

B/C は「SSM エージェントのインストール」が主眼で、今回は不要。

D は AWS Config + 自動修復で後追い付与を行う構成のため、運用オーバーヘッドが増えます。A が最小運用で要件を満たします。",,,2025-11-21
DOP-C02-Q302,"ある会社が AWS Lambda 関数用に Amazon S3 イベントソースを設定しました。特定の S3 バケットで新しいオブジェクトが作成される、または既存のオブジェクトが変更されるたびに Lambda 関数を実行する必要があります。Lambda 関数は、受信イベントの S3 バケット名と S3 オブジェクトキーを使用して、新規または変更された S3 オブジェクトの内容を読み取ります。Lambda 関数は内容を解析し、解析した内容を Amazon DynamoDB テーブルに保存します。Lambda

関数の実行ロールには、S3 バケットからの読み取りと DynamoDB テーブルへの書き込みの権限があります。テスト中に、DevOps エンジニアは、S3 バケットにオブジェクトが追加されたとき、または既存のオブジェクトが変更されたときに Lambda 関数が実行されないことを発見しました。

これらの問題を解決するソリューションはどれですか。",FALSE,S3 バケットに Lambda 関数を呼び出す権限を付与する S3 バケットポリシーを作成します。,FALSE,Lambda 関数のリソースポリシーを作成し、S3 バケットで Lambda 関数を呼び出すための Amazon S3 権限を付与します。,TRUE,Amazon Simple Queue Service (Amazon SQS) キューを Lambda 関数の OnFailure 出力先として設定します。SQS キューからのメッセージと S3 イベント通知を処理するように Lambda 関数を更新します。,FALSE,S3 バケットイベント通知の送信先として Amazon Simple Queue Service (Amazon SQS) キューを設定します。Lambda 関数の実行ロールを更新し、SQS キューからの読み取り権限を付与します。SQS キューからのメッセージをコンシュームするように Lambda 関数を更新します。,FALSE,,,,,"正解：B
S3 から Lambda をトリガーするには、Lambda 関数側のリソースポリシーで s3.amazonaws.com に対する lambda:InvokeFunction を許可し、SourceArn に対象バケットを指定しておく必要があります（lambda:add-permission で付与）。
A のバケットポリシーでは Lambda 実行許可は付与できず、C/D は失敗時処理や SQS 経由に設計変更していて不要です。",,,2025-11-21
DOP-C02-Q303,"ある企業は最近、AWS Organizations で組織内に AWS Control Tower を設定しました。既存のすべての AWS アカウントを AWS Control Tower に登録しました。そして、すべての新規 AWS アカウントが AWS Control Tower に自動的に登録されるようにしたいと考えています。この

企業には、新しい AWS アカウントを作成し、アカウント作成に必要なアクションを実行する AWS Step Functions ワークフローが既に存在します。この Step Functions ワークフローは、AWS Control Tower と同じ AWS アカウントに定義されています。

これらの要件を満たすために、Step Functions ワークフローに追加すべきステップの組み合わせはどれですか？（2つ選択してください。）",TRUE,aws.controltower ソースと CreateManagedAccount 詳細タイプを持つ Amazon EventBridge イベントを作成します。イベントの詳細フィールドに、新しい AWS アカウントの詳細を追加します。,FALSE,aws.controltower ソースと SetupLandingZone 詳細タイプを持つ Amazon EventBridge イベントを作成します。イベントの詳細フィールドに、新しい AWS アカウントの詳細を追加します。,FALSE,新しいAWSアカウントにAWSControlTowerExecutionロールを作成します。AWS Control Tower管理者アカウントがそのロールを引き継ぐことができるようにロールを設定します。,TRUE,新しい AWS アカウントの詳細を使用して、AWS Service Catalog ProvisionProduct API オペレーションを呼び出します。,TRUE,controltower.amazonaws.com サービス名と新しい AWS アカウントの詳細を使用して、Organizations EnableAWSServiceAccess API 操作を呼び出します。,FALSE,,,"正解：C と D

D. Service Catalog の ProvisionProduct を呼び出す
Control Tower への新規アカウントの登録（「アカウント作成」または「既存アカウントの登録」プロダクトのいずれか）は AWS Service Catalog 経由で実行します。Step Functions から ProvisionProduct を呼び出して、自動登録フローに組み込みます。

C. 新規アカウントに AWSControlTowerExecution ロールを作成
既存のワークフローが Organizations の CreateAccount 等でアカウントを先に作成している前提では、登録（Enroll）前提条件としてメンバーアカウント内に AWSControlTowerExecution ロールが必要です（管理アカウントから引き受け可能にする）。このロールがないと登録が失敗します。
※Account Factory で「作成」する場合は自動作成されますが、今回のように独自ワークフローで先に作成するなら C を満たす必要あり。

不正解の理由（要点）

A / B：EventBridge の aws.controltower イベントは Control Tower が発行する通知であり、こちらから作成・送信して登録を駆動するものではありません。

E：EnableAWSServiceAccess は 組織単位で最初に一度だけ必要な前提設定。Control Tower がすでに設定済みなら、新規アカウント登録ごとに都度呼ぶ手順ではありません。",,,2025-11-21
DOP-C02-Q304,"ある企業のウェブアプリケーションは、アプリケーションロードバランサー（ALB）を使用して、3つのアベイラビリティゾーンにまたがるAmazon EC2インスタンスにトラフィックを転送しています。

この企業は、テスト用に新しいバージョンのアプリケーションを1つのアベイラビリティゾーンにデプロイしました。アプリケーションに問題が検出された場合、デプロイがロールバックされるまで、影響を受けるアベイラビリティゾーンへのトラフィックを迂回させたいと考えています。ロールバック中もアプリケーションは可用性を維持し、静的安定性を維持する必要があります。

これらの要件を最も効率的に満たすソリューションはどれでしょうか？",FALSE,ALB のターゲットグループでクロスゾーン負荷分散を無効にします。ALB でゾーンシフトを開始し、影響を受けるアベイラビリティゾーンからトラフィックを迂回させます。,FALSE,ALB のターゲットグループでクロスゾーン負荷分散を無効にします。影響を受けるアベイラビリティゾーンに属するインスタンスをターゲットグループから手動で削除します。,FALSE,ALBのターゲットグループにクロスゾーン負荷分散を設定し、ALBの設定を継承します。ALBでゾーンシフトを開始し、影響を受けるアベイラビリティゾーンからトラフィックを迂回させます。,TRUE,ALB のターゲットグループにクロスゾーン負荷分散を設定し、ALB の設定を継承します。影響を受けるアベイラビリティゾーンに関連付けられているサブネットを削除します。,FALSE,,,,,"正解：C
理由

影響を受けた AZ を一時的に避けたい要件には、ALB のゾーンシフト（Zonal shift） が最も効率的。手動でターゲット削除やサブネット除去を行うより安全・迅速です。

ゾーンシフト中に**可用性と安定性（static stability）**を保つには、クロスゾーン負荷分散を有効にしておくのがベストプラクティス。残りの AZ のターゲットにも均等にトラフィックを分散でき、容量面の揺れを抑えられます。

B/D は手動作業かつリスク・運用負荷が高い。A の「無効化」は、残存 AZ に負荷が偏る可能性があり不適切。",,,2025-11-21
DOP-C02-Q305,"ある企業は複数のAWSアカウントを保有しています。各アカウントではAmazon Connectインスタンスが稼働しています。イベント処理には、各アカウントのAmazon EventBridgeデフォルトイベントバスを使用しています。DevOps

チームは、すべてのAmazon Connectイベントを単一のDevOpsアカウントで受信する必要があります。

これらの要件を満たすソリューションはどれでしょうか？",FALSE,各アカウントのデフォルトイベントバスのリソースベースポリシーを更新し、DevOps アカウントがイベントを再生できるようにします。DevOps アカウントで、Amazon Connect イベントに一致し、他のアカウントのデフォルトイベントバスをターゲットとする EventBridge ルールを設定します。,FALSE,各アカウントのデフォルトイベントバスのリソースベースポリシーを更新し、DevOpsアカウントがイベントを受信できるようにします。DevOpsアカウントで、Amazon Connectイベントに一致し、他のアカウントのデフォルトイベントバスをターゲットとするEventBridgeルールを設定します。,FALSE,DevOps アカウントのデフォルトイベントバスのリソースベースポリシーを更新します。ポリシーを更新し、アカウントからのイベントの受信を許可します。各アカウントで、Amazon Connect イベントに一致し、DevOps アカウントのデフォルトイベントバスをターゲットとする EventBridge ルールを設定します。,TRUE,DevOps アカウントのデフォルトイベントバスのリソースベースポリシーを更新します。ポリシーを更新して、アカウントによるイベントの再生を許可します。各アカウントで、Amazon Connect イベントに一致し、DevOps アカウントのデフォルトイベントバスをターゲットとする EventBridge ルールを設定します。,FALSE,,,,,"正解：C

理由
Cross-account で EventBridge にイベントを集約する基本形は、受信側（DevOpsアカウント）のイベントバスにリソースベースポリシーを設定し、送信元各アカウントからの events:PutEvents を許可すること。

その上で送信元各アカウントに、Amazon Connect イベントに一致するルールを作成し、ターゲットを DevOps アカウントのデフォルトイベントバスに設定して転送する。

A/B は送信元側のデフォルトバスのポリシーをいじっており方向が逆。D の「イベントの再生（replay）」許可は不要。",,,2025-11-21
DOP-C02-Q306,"ある企業が Amazon EC2 ノードグループを使用して Amazon Elastic Kubernetes Service (Amazon EKS) クラスターをデプロイしました。同社の DevOps チームは Kubernetes Horizo​​ntal Pod Autoscaler を使用しており、最近、サポートされている EKS クラスターオートスケーラーをインストールしました。DevOps

チームは、パフォーマンスのベースラインを確立するために、EKS クラスターのメトリクスとログを収集するソリューションを実装する必要があります。DevOps チームは、特定のメトリクスの初期しきい値セットを作成し、クラスターの使用に合わせてしきい値を更新します。DevOps チームは、初期しきい値セットを超えた場合、または EKS クラスターオートスケーラーが正常に機能していない場合、Amazon Simple Notification Service (Amazon SNS) のメール通知を受信する必要があります。

ソリューションは、クラスター、ノード、およびポッドのメトリクスを収集する必要があります。また、Amazon CloudWatch でログをキャプチャする必要もあります。

これらの要件を満たすために、DevOps チームはどのような手順の組み合わせを実行する必要がありますか? (3 つ選択してください)。",TRUE,CloudWatchエージェントとFluent Bitをクラスターにデプロイします。EKSクラスターに、メトリクスとログをCloudWatchに送信するための適切な権限があることを確認します。,TRUE,AWS Distro for OpenTelemetry をクラスターにデプロイします。EKS クラスターにメトリクスとログを CloudWatch に送信するための適切な権限があることを確認します。,FALSE,クラスターのCPU、メモリ、ノード障害のメトリクスを監視するためのCloudWatchアラームを作成します。しきい値を超えた場合にDevOpsチームにSNSメール通知を送信するようにアラームを設定します。,TRUE,クラスターのCPU、メモリ、ノードメトリクスのメトリクスログフィルターを監視するためのCloudWatch複合アラームを作成します。異常が検出されると、DevOpsチームにSNSメール通知を送信するようにアラームを設定します。,FALSE,CloudWatchアラームを作成し、Autoscalerのデプロイメントのログでエラーを監視します。しきい値を超えた場合にDevOpsチームにSNSメール通知を送信するようにアラームを設定します。,FALSE,CloudWatch アラームを作成し、Autoscaler デプロイメントのメトリクスログフィルターでエラーを監視します。しきい値を超えた場合に DevOps チームに SNS メール通知を送信するようにアラームを設定します。,TRUE,"正解：A・C・F

A. CloudWatch エージェント + Fluent Bit をデプロイ
EKS（EC2ノードグループ）での標準的なContainer Insights構成。

CloudWatch エージェント（DaemonSet）: クラスター/ノード/Pod のメトリクス収集

Fluent Bit: アプリ/ノード/コントローラ等のログを CloudWatch Logs へ集約
→ これで「メトリクス＆ログ収集」の要件を満たす

C. 主要メトリクスに CloudWatch アラーム + SNS 通知
CPU・メモリ・ノード障害などの初期しきい値を設定し、閾値超過で SNS メール通知。
→ 「初期しきい値セット」「超過時に通知」要件を満たす

F. Cluster Autoscaler の“ログベース監視”にメトリクスフィルタ + アラーム
Autoscaler のデプロイメントログにエラーが出たらメトリクスフィルタでカウントし、
そのメトリクスにアラーム → SNS 通知。
→ 「オートスケーラーが正常に機能していない場合の検知」要件を満たす

B（ADOT）は CloudWatch 連携も可能だが、EKS のメトリクス＆ログを網羅的に CloudWatch へ送る最小構成としては Container Insights（A） が定石。
D/E は「ログ→メトリクス→アラーム」の手順があいまい/冗長で、F の方が適切。",,,2025-11-21
DOP-C02-Q307,"ある企業が、本番環境と災害復旧（DR）環境が同じAWSリージョンにデプロイされていることを発見しました。すべての本番アプリケーションはAmazon EC2インスタンス上で実行され、AWS CloudFormationによってデプロイされています。アプリケーションは、アプリケーションストレージとしてAmazon FSx for NetApp ONTAPボリュームを使用しています。アプリケーションデータはEC2インスタンス上には保存されていません。DevOps

エンジニアは、必要なAMIを新しいDRリージョンにコピーします。また、DevOpsエンジニアは、リージョンをパラメータとして受け入れるようにCloudFormationコードを更新します。DRリージョンのストレージのRPOは10分である必要があります。

これらの要件を満たすソリューションはどれでしょうか？",FALSE,両方のリージョンに Amazon S3 バケットを作成します。S3 バケットに S3 クロスリージョンレプリケーション (CRR) を設定します。FSx for ONTAP ボリュームから本番環境リージョンの S3 バケットに新しいコンテンツをコピーする、スケジュールされた AWS Lambda 関数を作成します。,FALSE,AWS Backup を使用して、バックアップボールトと10分間隔のカスタムバックアッププランを作成します。ターゲットリージョンとしてDRリージョンを指定します。本番環境リージョンのEC2インスタンスをバックアッププランに割り当てます。,FALSE,EC2インスタンスにアタッチされているインスタンスストアボリュームのスナップショットを作成するAWS Lambda関数を作成します。Lambda関数は、スナップショットをDRリージョンにコピーし、以前のコピーを削除するように設定します。10分ごとにLambda関数を呼び出すAmazon EventBridgeのスケジュールルールを作成します。,FALSE,DRリージョンにFSx for ONTAPインスタンスを作成します。ボリュームレベルのNetApp SnapMirrorを5分間隔で実行し、本番環境リージョンからDRリージョンにボリュームを複製するスケジュールを設定します。,TRUE,,,,,"正解：D

理由

データはEC2ではなくFSx for NetApp ONTAP上にあるため、DRの肝はストレージのクロスリージョン複製。

FSx for ONTAPはNetApp SnapMirrorでリージョン間レプリケーションをネイティブに提供。5分間隔のスケジュールならRPO 10分要件を十分満たせます。

A：FSx→S3へコピー＋CRRはアプリのI/O形態と整合せず、復旧も煩雑。

B：AWS BackupはFSxのRPOを10分では満たせない（通常間隔が粗い）。

C：インスタンスストアは今回無関係（データはFSxにあり、しかもインスタンスストアはスナップショット不可）。",,,2025-11-21
DOP-C02-Q308,"ある企業は、セキュリティ監査中に、一部のセキュリティグループが 0.0.0.0/0 からの SSH トラフィックを許可していることを発見しました。セキュリティチームは、この問題をできるだけ早く検出し、修正するためのソリューションを実装する必要があります。この企業は、AWS Organizations 内の 1 つの組織を使用して、社内のすべての AWS アカウントを管理しています。

これらの要件を満たすソリューションはどれでしょうか？",FALSE,すべてのAWSアカウントでAWS Configを有効にします。定期的なトリガーを使用して、AWS Configルール「vpe-sg-port-restriction-check」を有効化します。AWS Lambda関数を作成し、違反ルールを修正します。,FALSE,各AWSアカウントに、セキュリティグループのすべてのルールを削除するAWS Lambda関数を作成します。セキュリティグループの更新イベントまたは作成イベントに一致するAmazon EventBridgeルールを作成します。各アカウントのLambda関数をルールのターゲットとして設定します。,FALSE,すべてのAWSアカウントでAWS Configを有効にします。restricted-ssh設定変更トリガーで実行されるカスタムAWS Configルールを作成します。ルールを設定して、AWS Lambda関数を呼び出して、違反しているリソースを修復します。,TRUE,各アカウントにAWS Systems Manager Automationドキュメントを作成し、すべてのセキュリティグループを検査し、違反しているルールを削除します。Amazon EventBridgeルールを使用して、Automationドキュメントを1時間ごとに実行します。,FALSE,,,,,"正解：C
理由

目的は「0.0.0.0/0 への SSH 許可」を迅速に検出し自動修復すること。

これには AWS Config（全アカウント有効）＋ “restricted-ssh” ルール（設定変更トリガ）＋ 自動修復（Lambda実行） が最適。設定変更のたびに評価され、違反時に即時修復できます。

A：ルール名が誤り・“定期”評価は遅延。
B：全ルール削除は破壊的で誤検知時の影響大。
D：定期実行は検出・修復が遅れる。",,,2025-11-21
DOP-C02-Q309,"ある企業のDevOpsエンジニアは、オンプレミスのVM 30台とAmazon EC2インスタンス15台にソフトウェアパッケージをインストールする必要があります。DevOps

エンジニアは、すべてのVMが監査可能なプロセスでパッケージを受信し、VMの設定に何らかの変更があった場合は自動的に検出され、アラートが送信されるようにする必要があります。この企業は、オンプレミスのデータセンターをAWSに接続するためにAWS Direct Connectを使用しています。

これらの要件を最も効率的に満たすソリューションはどれでしょうか？",FALSE,週に1回、VMのリストを反復処理するスクリプトを作成します。スクリプトは、パッケージの有無を確認し、見つからない場合はインストールするように設定してください。また、パッケージが見つからない場合は、システム管理者にメール通知を送信するように設定してくださ,FALSE,すべてのVMにAWS Systems Manager Agent（SSM Agent）をインストールします。SSM Agentを使用してパッケージをインストールします。AWS Configを使用して設定のドリフトを監視します。Amazon Simple Notification Service（Amazon SNS）を使用して、ドリフトが見つかった場合はシステム管理者に通知します。,TRUE,パッケージが環境全体にインストールされているかどうかを確認するスクリプトを作成します。スクリプトは、非準拠のVMのリストを作成するように設定し、そのリストをシステム管理者に送信して、非準拠のVMにパッケージをインストールするように設定してください。,FALSE,各VMにログインします。ローカルパッケージマネージャーを使用してパッケージをインストールします。AWS Configを使用してAWSリソースの設定変更を監視します。オンプレミスリソースを監視するスクリプトを作成します。,FALSE,,,,,"答え：B
理由：

AWS Systems Manager (SSM) を使えば、EC2だけでなく オンプレVMも“ハイブリッドアクティベーション”で管理対象 にでき、Distributor/State Manager でパッケージの配布・継続適用（ドリフト自動修復）・監査履歴の確保まで一元管理できます。

Inventory / Compliance で設定変更や準拠状況を可視化でき、SNS通知 を組み合わせてドリフト検出時に自動アラートを送れます。

A/C/Dのようなスクリプト運用や手作業は監査性・拡張性に劣り、効率的ではありません。

※設計上は「ドリフト監視」は SSMのCompliance/State Manager を主で使い、EC2側のAWSリソース構成の変化は AWS Config を補助的に使うのが実務でのベストプラクティスです。",,,2025-11-21
DOP-C02-Q310,"ある企業は、eu-west-1 リージョンに AWS CodePipeline パイプラインを運用しています。このパイプラインは、ビルドアーティファクトを Amazon S3 バケットに保存します。このパイプラインは、AWS CloudFormation のデプロイアクションを使用して AWS Lambda 関数をビルドおよびデプロイします。DevOps

エンジニアは、Lambda 関数を us-east-1 リージョンにもデプロイするために、既存のパイプラインを更新する必要があります。パイプラインは既に更新されており、us-east-1 にデプロイする追加のアーティファクトが作成されています。",TRUE,CloudFormation テンプレートを修正し、Lambda 関数コードの .zip ファイルの場所を指定するパラメータを追加します。パイプラインに us-east-1 用の新しい CloudFormation デプロイアクションを作成します。この新しいデプロイアクションで、us-east-1 のアーティファクトの場所をパラメータオーバーライドとして渡すように設定します。,FALSE,パイプラインに us-east-1 用の新しい CloudFormation デプロイアクションを作成します。us-east-1 用に作成された追加アーティファクトの CloudFormation テンプレートを使用するように、新しいデプロイアクションを設定します。,FALSE,us-east-1 に S3 バケットを作成します。S3 バケットポリシーを設定して、CodePipeline に読み取りおよび書き込みアクセスを許可します。,TRUE,us-east-1 に S3 バケットを作成します。eu-west-1 の S3 バケットから us-east-1 の S3 バケットへの S3 クロスリージョンレプリケーション (CRR) を設定します。,FALSE,パイプラインを修正し、us-east-1 の S3 バケットをアーティファクトストアとして追加します。パイプラインに us-east-1 用の新しい CloudFormation デプロイアクションを作成します。この新しいデプロイアクションは、us-east-1 アーティファクトの CloudFormation テンプレートを使用するように設定します。,TRUE,,,"答え：C と E

理由（要点）

CodePipelineでクロスリージョン（us-east-1）にデプロイアクションを置くには、そのリージョンに**リージョン別アーティファクトストア（S3バケット）**が必要です。
→ C（us-east-1 に S3 バケット作成 & CodePipeline 用の読み書き許可）

パイプライン定義にartifactStore（us-east-1）を追加し、そのリージョンにCloudFormation のデプロイアクションを作成して、us-east-1 用に生成されたアーティファクトを使うよう設定します。
→ E（us-east-1 の S3 をアーティファクトストアとして追加し、同リージョンのテンプレートを使用）

補足

CRR（D）は不要：クロスリージョンアクションを設定すると、CodePipeline が必要なアーティファクトをターゲットのアーティファクトストアへ自動レプリケートします。

A/B 単体では不十分：リージョン別アーティファクトストアが無いと、us-east-1 の CloudFormation アクションが参照できません。",,,2025-11-21
DOP-C02-Q311,"ある企業は、インフラストラクチャにAWS Cloud Development Kit (AWS CDK) アプリケーションを使用しています。AWS CDK アプリケーションは、AWS Lambda 関数と、その関数にアタッチされる IAM ロールを作成します。また、AWS Organizations も使用しています。同社の開発者は、AWS CDK アプリケーションのデプロイロールを引き受けることができます。ところが、

同社のセキュリティチームは、開発者と AWS CDK アプリケーションのデプロイに使用されるロールに、必要以上の権限が付与されていることを発見しました。さらに、セキュリティチームは、CDK アプリケーションが作成する Lambda 関数にアタッチされたロールに、必要以上の権限が付与されていることも発見しました。開発者には、追加の権限を付与する権限があってはなりません。

これらの要件を、運用オーバーヘッドが最も少ないソリューションはどれでしょうか？",FALSE,開発者ロールとAWS CDKアプリケーションデプロイロールの​​ iam:CreateRole アクションと iam:UpdateRole アクションを拒否するSCPを作成します。開発者がLambda関数のプロビジョニングに使用できるように、Lambda関数にアタッチする新しいIAMロールを一元的に作成します。,FALSE,IAM 権限境界ポリシーを作成します。ポリシーで、AWS CDK アプリケーションに必要なアクションの最大数を定義します。アカウントの AWS CDK ブートストラップを更新し、権限境界を使用します。AWS CDK アプリケーションで、デフォルトの権限境界がポリシーを使用するように設定を更新します。,TRUE,IAM 権限境界ポリシーを作成します。ポリシーで、AWS CDK アプリケーションに必要なアクションの最大数を定義します。開発者には、AWS CDK アプリケーションコードでロールを作成する際に、この権限境界ポリシー名を使用するように指示します。,FALSE,開発者ロールの iam:CreateRole アクションと iam:UpdateRole アクションを拒否する SCP を作成します。AWS CDK デプロイロールに、Lambda 関数に関連付けられたロールを作成するためのアクセス権を付与します。AWS Identity and Access Management Access Analyzer を実行して、Lambda 関数ロールに権限がないことを確認します。,FALSE,,,,,"答え：B

理由
**IAM 権限境界（Permissions Boundary）**は「そのロール/ユーザーが付与できる権限の上限」を強制できるため、開発者やCDKのデプロイロールが“必要以上の権限”を作れない/持てないようにできます。

CDK はデフォルト権限境界の適用を公式にサポートしており（アプリ側設定）、さらに CDK ブートストラップ側を更新しておくと、CDK が作成するロールにも境界を一貫適用できます。
→ 運用者が毎回レビューや個別SCPを調整する必要がなく、運用オーバーヘッドが最小。

C は「開発者に指定させる」ためヒューマンエラーの余地があり、A/D はSCPの粒度や運用負荷が高いうえ、CDKが必要なロールまで作れなくなる/予防ではなく検知寄りになりがちです。",,,2025-11-21
DOP-C02-Q312,"ある企業は、コンテナイメージの保存にAmazon Elastic Container Registry（Amazon ECR）のプライベートレジストリを使用しています。DevOps

チームは、コンテナイメージのソフトウェアパッケージの脆弱性を定期的にスキャンする必要があります。

この要件を満たすソリューションはどれでしょうか？",FALSE,Amazon ECR のプライベートレジストリの拡張スキャンを有効にします。,TRUE,Amazon ECR のプライベートレジストリの基本的な継続スキャンを有効にします。,FALSE,AWS SDK を使用してイメージをスキャンするための AWS System Manager Automation ドキュメントを作成します。新しいイメージが ECR レジストリにプッシュされたときに実行されるように Automation ドキュメントを設定します。,FALSE,AWS SDK を使用して、Amazon ECR 内のすべての画像をスキャンする AWS Lambda 関数を作成します。Amazon EventBridge ルールを作成し、毎日 Lambda 関数を実行します。,FALSE,,,,,"答え：A

✅ 理由

**Amazon ECR の「拡張スキャン（Enhanced Scanning）」**は、Aqua Security ベースの 継続的な脆弱性スキャン を提供し、最新の脆弱性DBで 定期スキャン & イメージ更新トリガー両方に対応します。

「定期的にスキャンする」という要件を マネージドで自動 かつ 最新精度で 満たせるのは 拡張スキャンのみ。

拡張スキャンは レポート生成、CVSSスコア、パッケージ単位の詳細診断、継続スキャン が可能で、企業向け要件に最も適合。


❌ 他の選択肢が不適な理由
B. 基本スキャン (Basic)イメージプッシュ時のみスキャン。定期スキャン機能なし。DB更新自動反映も弱いC. SSM Automation自前実装＋運用管理が必要 → “定期的にスキャン”をマネージドに任せられないD. Lambda + EventBridge脆弱性DB管理・結果保管・通知などを自作運用する必要があり保守コスト大

補足
機能基本スキャン拡張スキャンスキャンタイミングイメージ push 時のみpush + 継続スキャン脆弱性DBクラウドネイティブDB (簡易)Aqua Security DB (商用高精度)継続/定期スキャン❌ なし✅ ありCVE深度/解析限定的詳細なパッケージ/レイヤー解析

📌 よって最適解は：A. Amazon ECR の拡張スキャンを有効にする",,,2025-11-21
DOP-C02-Q313,"セキュリティチームは、Amazon EventBridge が特定のイベントに一致したときに AWS Step Functions ワークフローを呼び出すワークフローを設定しました。イベントは複数の AWS サービスによって生成される可能性があります。AWS CloudTrail はユーザーアクティビティを記録します。

セキュリティチームは、一部の重要なイベントが期待どおりにワークフローを呼び出さないことに気付きました。CloudTrail ログには、イベントの欠落に関連する直接的なエラーは示されていません。

どのステップの組み合わせが、イベントの欠落の根本原因を特定できますか（3 つ選択してください）。",TRUE,イベント バスで EventBridge スキーマ検出を有効にして、イベント パターンが予想されるスキーマと一致するかどうかを判断します。,TRUE,Amazon CloudWatch を設定して、EventBridge メトリクスと Step Functions メトリクスを監視します。イベントパターンとワークフロー呼び出しの異常に関するアラートを設定します。,FALSE,AWS Lambda ログ記録関数を設定して、EventBridge からのイベントを監視およびログに記録し、処理されたイベントに関する詳細情報を提供します。,FALSE,Step Functions の実行履歴を確認し、欠落したイベント呼び出しに関連する可能性のある失敗またはタイムアウトのパターンを探します。,TRUE,EventBridge の失敗した呼び出しのメトリクスを確認し、ルールにアタッチされている IAM 実行ロールに十分な権限があることを確認します。,TRUE,Step Functions ワークフローに、EventBridge によって呼び出される正しい権限があることを確認します。,FALSE,"答え：A・D・E

理由（要点）

A. スキーマ検出を有効化：EventBridgeルールのイベントパターンが、実際に届いているイベントのスキーマ（フィールド名・構造・型）に一致しているかを可視化でき、パターン不一致による未起動の切り分けができます。

D. Step Functions 実行履歴の確認：実行が開始されているのに失敗/タイムアウトしている場合は、**「届いてはいるが完了しない」**という別系統の原因（入力スキーマ違い・権限不足・リトライ上限 等）を特定できます。

E. EventBridge 側の失敗メトリクスと権限確認：ターゲット呼び出し失敗（Invoke失敗）の有無や、ルールに紐づく実行ロールの権限不足（states:StartExecution 等）を特定できます。ここで失敗が出ていれば、EventBridge→Step Functions 呼び出し権限問題が根本原因候補です。

B は監視体制の強化（検知）であって原因の特定には直結しづらく、
C は専用の中継/監視Lambdaを新設する運用負荷が高い、
F は是正策として重要ですが、E の診断で不足権限が判明してから実施すべき内容です。",,,2025-11-21
DOP-C02-Q314,"ある企業のDevOpsエンジニアは、AWS Systems Managerを使用してメンテナンスタスクを実行しています。この企業には、AWS Healthからの通知後に再起動が必要なAmazon EC2インスタンスがいくつかあります。DevOps

エンジニアは、Amazon EventBridgeを使用して、企業がスケジュールしているメンテナンス期間中に通知を修正する自動化ソリューションを実装する必要があります。

これらの要件を満たすために、DevOpsエンジニアはEventBridgeルールをどのように設定すればよいでしょうか？",FALSE,AWS Health のイベントソースを設定します。スケジュールされたインスタンスの終了とリタイアを示すイベントタイプを設定します。AWS-RestartEC2Instance Systems Manager Automation ランブックをターゲットとして、EC2 インスタンスを再起動します。,FALSE,Systems Managerのイベントソースを設定します。メンテナンスウィンドウを示すイベントタイプを設定します。AWS-RestartEC2Instance Systems Manager Automation Runbookをターゲットとして、EC2インスタンスを再起動します。,TRUE,AWS Health のイベントソースを設定します。インスタンスのスケジュールされた終了とリタイアを示すイベントタイプを設定します。Systems Manager メンテナンスウィンドウタスクを登録し、EC2 インスタンスを再起動する、新しく作成した AWS Lambda 関数をターゲットとします。,FALSE,EC2のイベントソースを設定します。インスタンス状態通知を示すイベントタイプを設定します。Systems Managerメンテナンスウィンドウタスクを登録し、EC2インスタンスを再起動する、新しく作成したAWS Lambda関数をターゲットとします。,FALSE,,,,,"答え：B
理由

目的は「AWS Healthの通知で再起動が必要になったEC2」を、会社が定めたメンテナンス期間中に自動で再起動すること。

これを実現するには、メンテナンスウィンドウのタイミングをトリガーにして処置を実行するのが筋。
→ EventBridgeのイベントソースをSystems Managerにし、メンテナンスウィンドウ開始イベントで**AWS-RestartEC2Instance Automationランブック**をターゲット実行すれば、ウィンドウ内でのみ再起動が走る。

A/CはAWS Healthイベント発生時に即実行されてしまい、ウィンドウ外で動く恐れ。

DはEC2インスタンス状態変化を見ても、ウィンドウ制御にならないため要件不適合。",,,2025-11-21
DOP-C02-Q315,"DevOps エンジニアは、AWS 上でウェブアプリケーションを構築およびデプロイする AWS CodePipeline パイプラインを管理しています。パイプラインには、ソース ステージ、ビルド ステージ、およびデプロイ ステージがあります。適切にデプロイされると、ウェブアプリケーションはホームページの URL が要求されたときに 200 OK HTTP 応答コードで応答します。

最近、CodePipeline がアプリケーションをデプロイした後、ホームページは 503 HTTP 応答コードを返しました。DevOps エンジニアは、パイプラインに自動テストを追加する必要があります。自動テストでは、アプリケーションのデプロイ後にアプリケーションが 200 OK HTTP 応答コードを返すことを確認する必要があります。テスト中に応答コードが存在しない場合、パイプラインは失敗する必要があります。DevOps エンジニアは、パイプラインのデプロイ ステージの後に CheckURL ステージを追加しました。DevOpsエンジニアは、自動テストを実装するために次に何をすべきでしょうか。",FALSE,CheckURL ステージで Amazon CloudWatch アクションを使用するように設定します。アプリケーション URL に対して Canary Synthetic Monitoring チェックを実行し、成功または失敗を CodePipeline に報告するようアクションを設定します。,FALSE,URLのレスポンスコードのステータスを確認し、CodePipelineに成功または失敗を報告するAWS Lambda関数を作成します。CheckURLステージでLambda関数を呼び出すアクションを設定します。,TRUE,CheckURLステージをAWS CodeDeployアクションを使用するように設定します。入力アーティファクトとしてアプリケーションのURLを指定し、成功または失敗をCodePipelineに報告するアクションを設定します。,FALSE,URLのレスポンスコードのステータスを確認し、CodePipelineに成功または失敗を報告するAmazon API Gateway HTTP APIをデプロイします。AWS Device Farmのテストアクションを使用し、API Gateway HTTP APIを入力アーティファクトとして提供するようにCheckURLステージを設定します。,FALSE,,,,,"答え：B

理由
CodePipeline には Lambda アクションがあり、ステージ内で Lambda を実行して成功/失敗をパイプラインに返すことができます。

Lambda で対象URLにHTTPリクエストを送り、200 OK なら PutJobSuccessResult、それ以外は PutJobFailureResult を返せば、要件どおり テスト失敗でパイプラインを止められる。

実装メモ（簡潔）

Lambda 関数（ランタイム任意）で URL を取得し HTTP GET。

statusCode === 200 → 成功、そうでなければ失敗として codepipeline:PutJob*Result を呼ぶ。

CheckURL ステージに 「Invoke」(Lambda) アクションを追加し、入力にURL（環境変数やアクション設定のUserParameters）を渡す。

タイムアウト/リトライ、コールドスタート対策、VPC内ならエンドポイント到達性も確認。",,,2025-11-21
DOP-C02-Q316,"ある企業では、アクセスログをAmazon CloudWatch Logsのロググループにアップロードするアプリケーションを使用しています。ログ行のフィールドには、レスポンスコードとアプリケーション名が含まれています。

この企業は、特定の範囲とアプリケーション名を持つレスポンスコード別にリクエスト数を追跡​​するCloudWatchメトリクスを作成したいと考えています。

これらの要件を満たすソリューションはどれでしょうか？",FALSE,CloudWatch Logs ログストリームに、レスポンスコードの範囲に一致する CloudWatch Logs ログイベントフィルターを作成します。ログイベントフィルターはメトリクスを増分するように設定し、レスポンスコードとアプリケーション名をディメンションとして設定します。,FALSE,CloudWatch Logs ロググループに、レスポンスコードの範囲に一致する CloudWatch Logs メトリクスフィルターを作成します。メトリクスフィルターはメトリクスを増分するように設定し、レスポンスコードとアプリケーション名をディメンションとして設定します。,FALSE,CloudWatch Logs ログストリームに、レスポンスコードの範囲に一致するフィルターを含む CloudWatch Contributor Insights ルールを作成します。レスポンスコードとアプリケーション名をディメンションとして CloudWatch メトリクスを増分するように Contributor Insights ルールを設定します。,FALSE,CloudWatch Logs ロググループに対して、レスポンスコードの範囲に一致する CloudWatch Logs Insights クエリを作成します。レスポンスコードとアプリケーション名をディメンションとして CloudWatch メトリクスを増分するように Logs Insights クエリを設定します。,TRUE,,,,,"答え：D
理由

CloudWatch Logs Insightsは、ログをクエリして範囲条件（例：200 <= status < 300）やアプリ名で集計し、その結果からCloudWatch メトリクスを作成できます（スケジュール実行で継続更新も可）。よって「特定範囲のレスポンスコード × アプリ名別のカウント」をディメンション相当の粒度で追跡可能。


A/Bのメトリクスフィルターはロググループに対して作成します（Aの“ログストリーム”指定は誤り）。またメトリクスフィルターはディメンションを任意に付与できず、範囲集計や多次元集計に不向き。


CのContributor Insightsは上位寄与分析向けで、任意メトリクス増分の仕組みではないため要件不適。",,,2025-11-21
DOP-C02-Q317,"DevOpsエンジニアが、マネージドノードグループを使用してAmazon Elastic Kubernetes Service（Amazon EKS）クラスターをプロビジョニングしました。DevOpsエンジニアは、OpenID Connect（OIDC）発行者をクラスターに関連付けました。DevOps

エンジニアは、クラスター用にAmazon Elastic Block Store（Amazon EBS）汎用SSD（gp3）ボリュームを設定しています。DevOpsエンジニアは、PersistentVolumeClaim（PVC）リクエストを開始しようとしましたが、ボリュームをプロビジョニングできません。この問題のトラブルシューティングを行うために、DevOpsエンジニアはkubectl describe pycコマンドを実行します。DevOpsエンジニアは、StorageClassエラーでボリュームのプロビジョニングに失敗し、EC2：UnauthorizedOperationでボリュームを作成できませんでしたというエラーを受け取りました。

これらのエラーを解決するには、どのソリューションが最適ですか？",FALSE,永続ボリュームに対して、取得、リスト、監視、作成、削除の各操作を実行できるようにするKubernetesクラスターロールを作成します。クラスター内のストレージに対して、取得、リスト、監視の各操作を許可するようにクラスターロールを設定します。,FALSE,必要な権限と信頼関係を持つ Amazon EBS コンテナストレージインターフェース (CSI) ドライバーの IAM ロールを作成します。この IAM ロールをクラスター内の Amazon EBS CSI ドライバーアドオンにアタッチします。,TRUE,クラスター内の PersistentVolumeClaim オブジェクトに ebs.csi.aws.com/volumeType:gp3 アノテーションを追加します。,FALSE,Kubernetesストレージクラスオブジェクトを作成します。プロビジョナーの値をebs.csi.aws.comに設定します。LasterのvolumeBindingModeの値をWaitForFirstConsumerに設定します。,FALSE,,,,,"答え：B
理由：

エラー EC2: UnauthorizedOperation は、EBSボリューム作成のための AWS側権限不足（IRSAで紐づくロール未設定/不備）が原因の典型です。

EBS CSIドライバー用のIAMロールを、クラスターの OIDCプロバイダ（IRSA） を信頼し、必要権限（ec2:CreateVolume など）を付与して EBS CSIアドオンにアタッチ するのが正解。

D（StorageClass作成）やC（アノテーション）は権限エラーの解決にならず、A（Kubernetes RBAC）はAWS API権限とは無関係。",,,2025-11-21
DOP-C02-Q318,"ある企業がVPC内でAmazon EC2インスタンス群を運用しています。従業員はリモートデスクトッププロトコル（RDP）を使用してEC2インスタンスにリモートアクセスしています。

企業は、従業員が毎日開始するRDPセッション数に関するメトリクスを収集したいと考えています。

この要件を満たす手順の組み合わせはどれですか（3つ選択してください）。",TRUE,EC2 インスタンス状態変更通知イベントに反応する Amazon EventBridge ルールを作成します。,FALSE,Amazon CloudWatch Logs ロググループを作成します。このロググループを EventBridge ルールのターゲットとして指定します。,FALSE,VPC フローログにフローログを作成します。,TRUE,Amazon CloudWatch Logs ロググループを作成します。フローログの送信先としてロググループを指定します。,TRUE,ログ グループ メトリック フィルターを作成します。,TRUE,ロググループサブスクリプションフィルターを作成します。送信先としてEventBridgeを使用します。,FALSE,"答え：C・D・E

C. VPC フローログを有効化（VPC/サブネット/ENI単位）：RDP（TCP/3389）への接続トラフィックを記録。

D. 送信先に CloudWatch Logs のロググループを指定：フローログを集約・保存。

E. ロググループにメトリクスフィルターを作成：dstport=3389 AND action=ACCEPT AND protocol=6 などの条件で一致ごとにカウントし、**「1日あたり開始されたRDPセッション数」**のメトリクスを作成（後は CloudWatch で日次合計/アラーム化）。",,,2025-11-21
DOP-C02-Q319,"ある企業は、Amazon Elastic Kubernetes Service (Amazon EKS) を使用してアプリケーションを実行しています。EKS クラスターは複数のポッドを正常に実行しています。ポッドイメージは Amazon Elastic Container Registry (Amazon ECR) に保存されています。EKS

クラスターのポッドアイデンティティアクセスを設定する必要があります。ポッドアイデンティティアクセスの権限を使用して、ノードの IAM ロールを既に更新済みです。

これらの要件を満たすソリューションはどれでしょうか？",FALSE,EKS クラスター用の IAM OpenID Connect (OIDC) プロバイダーを作成します。,FALSE,ノードがEKS Auth APIにアクセスできることを確認します。EKSクラスターにEKS Pod Identity Agentアドオンを追加して設定します。,TRUE,API_AND-CONFIG_MAP クラスター認証モードを使用する EKS アクセス エントリを作成します。,FALSE,EKS クラスター内のポッドが使用する Kubernetes サービスアカウントの AWS Security Token Service (AWS STS) エンドポイントを設定します。,FALSE,,,,,"答え：B

理由
本件は EKS Pod Identity（従来の IRSA ではない）を使う前提です。Pod Identity では、

ノードの IAM ロールに Pod Identity 用の権限付与（すでに実施済み）、

EKS Pod Identity Agent アドオンの導入・設定、

Pod と IAM ロールの Pod Identity Association 作成
が必要です。
そのため、EKS Auth API へのアクセス確認＋ Pod Identity Agent の追加を行う B が正解。

A（OIDCプロバイダー）は IRSA 用、C（アクセスエントリ/認証モード）や D（SA に STS エンドポイント設定）は要件と無関係です。",,,2025-11-21
DOP-C02-Q320,"ある企業は、AWS Organizations 内の組織内に複数の AWS アカウントを保有しており、すべての機能が有効になっています。DevOps 管理者は、社内の全 AWS アカウントのセキュリティを強化する必要があります。また、全アカウントで最も多く利用されているユーザーとロールを特定する必要があります。

これらの要件を最も効率的に満たすソリューションはどれでしょうか？",FALSE,AWS CloudTrail で新しい組織証跡を作成します。証跡を設定して、ログイベントを Amazon CloudWatch Logs に送信します。userIdentity.arn ログフィールド用の CloudWatch Contributor Insights ルールを作成します。CloudWatch Contributor Insights で結果を確認します。,TRUE,AWS Identity and Access Management Access Analyzer を使用して、組織の未使用アクセス分析を作成します。アナライザーの結果を確認し、各結果にワークロードに必要な権限レベルが設定されているかどうかを判断します。,FALSE,AWS CloudTrail に新しい組織証跡を作成します。Amazon Athena にパーティション投影を使用するテーブルを作成します。Athena テーブルに CloudTrail データをロードします。Athena テーブルに対してクエリを実行し、上位のユーザーとロールを検索します。,FALSE,組織を使用して、各アカウントのサービスアクセスレポートを生成します。結果から、最終アクセス日とアカウントによる最終アクセスのフィールドを取得し、アクセス数の多いユーザーとロールを特定します。,FALSE,,,,,"答え：A

理由

組織の CloudTrail（Organization trail） を有効化して全アカウントのアクティビティを一元収集することで、まずセキュリティ可観測性を強化できます（証跡の横断監査・検知の基盤）。

CloudTrailイベントを CloudWatch Logs に送れば、Contributor Insights を使って userIdentity.arn 別の“トップトーカー”（最も多く使われているユーザー／ロール）を即座に可視化できます。設定もシンプルで継続運用が軽いです。

C（Athena） でも分析は可能ですが、テーブル設計やクエリ運用が必要で 運用オーバーヘッドが大きい。

B（Access Analyzer 未使用アクセス） は“未使用権限の洗い出し”向けで、「最も利用されている主体の特定」には直結しません。

D は組織横断で“アクセス数の多い主体”を算出する用途には不向きです。",,,2025-11-21
DOP-C02-Q321,"ある企業は、AWS Organizations に多数の組織（Oils）を持ち、各組織には多数のAWSアカウントが含まれています。この組織には、専用の委任管理者AWSアカウントがあります。

この企業は、AWS CloudFormationスタック上で作成または更新されるすべてのAmazon Elastic Block Store（Amazon EBS）ボリュームとAmazon Simple Queue Service（Amazon SQS）キューに対して、1つのOU内のアカウントでサーバー側暗号化を適用する必要があります。

このOUのアカウントでCloudFormationスタック操作を実行する前に、このポリシーを適用するソリューションはどれですか？",FALSE,CloudFormation StackSetsへの信頼されたアクセスを有効化します。EBSボリュームとSQSキューにサーバー側暗号化を適用するCloudFormationフックを作成します。StackSetsを使用して、OU内のアカウント全体にフックをデプロイします。,TRUE,OU内のすべてのアカウントでAWS Configを設定します。AWS Systems Managerを使用して、OU内のアカウント全体でEBSボリュームとSQSキューのサーバー側暗号化を適用するAWS Configルールをデプロイします。,FALSE,EBSボリュームとSQSキューにサーバー側暗号化が適用されていない限り、EBSボリュームとSQSキューの作成を拒否するSCPを作成します。このSCPをOUにアタッチします。,FALSE,委任された管理者アカウントに、EBSボリュームとSQSキューにサーバー側暗号化が適用されているかどうかを確認するAWS Lambda関数を作成します。OU内のアカウントへのLambda関数へのアクセス権限を付与するためのIAMロールを作成します。,FALSE,,,,,"答え：A

理由

目的はCloudFormationスタックの作成/更新“前に”、EBSボリュームとSQSキューへSSE必須ポリシーを強制すること。

CloudFormation Hooks（レジストリ拡張）なら、テンプレート評価段階でリソースプロパティを検査し、条件不一致（SSE未設定等）の場合にスタック操作をブロックできます。

さらに StackSets の信頼されたアクセスを使えば、該当 OU 配下アカウントへ一括デプロイでき、組織規模で統一適用できます。

他選択肢が不適な理由

B（Config）: 事後検知・修復であり、「前に適用」の要件に不一致。

C（SCP）: EBS には条件キーがあるが、SQS でSSE必須をSCPだけで厳密強制するのは難しいうえ、CloudFormationに限定せず全経路を阻害するリスク。

D（Lambda検査）: 自作運用で手間が増え、インラインのブロックにならない。",,,2025-11-21
DOP-C02-Q322,"ある企業は、Amazon EC2 上の Amazon Elastic Container Service (Amazon ECS) クラスターで社内アプリケーションを実行しています。ECS クラスターインスタンスはパブリックインターネットに接続できます。クラスターインスタンスで実行される ECS タスクは、プライベート Amazon Elastic Container Registry (Amazon ECR) リポジトリとパブリック ECR レジストリリポジトリの両方のイメージを使用するように設定されています。

新しいセキュリティポリシーにより、ECS クラスターのインターネットへの直接アクセスを削除する必要があります。また、クラスターをホストする VPC から NAT ゲートウェイとインターネットゲートウェイをすべて削除する必要があります。DevOps エンジニアは、ECS クラスターがパブリック ECR レジストリとプライベート ECR リポジトリの両方からイメージをダウンロードできることを保証する必要があります。パブリック ECR レジストリのイメージは常に最新の状態に保たれている必要があります。新しいバージョンのイメージは、公開後 24 時間以内に ECS クラスターで利用可能である必要があります。

これらの要件を、運用オーバーヘッドが最も少ない状態で満たす手順の組み合わせはどれですか (3 つ選択してください)。",TRUE,パブリック ECR レジストリからダウンロードされるイメージごとに、AWS CodeBuild プロジェクトと新しいプライベート ECR リポジトリを作成します。各プロジェクトがパブリック ECR リポジトリからイメージをプルし、新しいプライベート ECR リポジトリにプッシュするように設定します。24 時間ごとに CodeBuild プロジェクトを呼び出す Amazon EventBridge ルールを作成します。ECS クラスター内の各タスク定義を更新し、新しいプライベート ECR リポジトリを参照するようにします。,FALSE,パブリック ECR レジストリからダウンロードされるイメージごとに、新しい Amazon ECR プルスルーキャッシュルールを作成します。各プルスルーキャッシュルールを呼び出す AWS Lambda 関数を作成します。24 時間ごとに Lambda 関数を呼び出す Amazon EventBridge ルールを作成します。ECS クラスター内の各タスク定義を更新し、プルスルーキャッシュからイメージを参照するようにします。,FALSE,パブリックECRレジストリ用の新しいAmazon ECRプルスルーキャッシュルールを作成します。ECSクラスター内の各タスク定義を更新し、プルスルーキャッシュからイメージを参照するようにします。VPCからインターネットアクセスを削除する前に、各パブリックイメージがプルスルーキャッシュ経由で少なくとも1回ダウンロードされていることを確認してください。,TRUE,VPC 内にあるパブリック ECR リポジトリ用の Amazon ECR インターフェイス VPC エンドポイントを作成します。,FALSE,VPC 内にあるプライベート ECR リポジトリ用の Amazon ECR インターフェイス VPC エンドポイントを作成します。,TRUE,VPC に Amazon S3 ゲートウェイエンドポイントを作成します。,TRUE,"答え：C・E・F

C. ECR プルスルーキャッシュ
パブリック ECR のイメージは ECR の Pull Through Cache ルールでプライベート側にキャッシュ化。タスク定義をキャッシュの URI に向ければ、VPC からインターネットを切っても ECR（自アカウント側）から取得可能。キャッシュは期限切れ後に再フェッチされるため、公開後 24 時間以内の更新反映要件も満たせます（まず一度キャッシュさせておくのが安全）。

E. ECR（プライベート）用の VPC インターフェイスエンドポイント
com.amazonaws.<region>.ecr.api と ...ecr.dkr を作成しておくことで、NAT/IGW なしで ECR API とレイヤー取得が可能に。

F. S3 ゲートウェイエンドポイント
ECR のイメージレイヤーは S3 に格納されるため、**S3 へのプライベート到達（ゲートウェイエンドポイント）**が必須。これで完全プライベートにプルできます。

A/B/D はいずれも運用オーバーヘッドが増えるか、存在しない経路（Public ECR の VPC エンドポイント）を前提にしており不適です。",,,2025-11-21
DOP-C02-Q323,"ある企業では、AWS CodeBuild を使用してコンテナイメージを作成する継続的インテグレーションパイプラインを採用しています。作成されたイメージは Amazon Elastic Container Registry (Amazon ECR) に保存されます。

イメージの脆弱性のチェックと修正に時間がかかりすぎています。企業は、イメージの脆弱性を迅速に特定し、セキュリティチームに通知したいと考えています。

これらの要件を満たし、運用オーバーヘッドが最も少ない手順の組み合わせはどれですか？（2つ選択してください。）",TRUE,Amazon ECR の Amazon Inspector 拡張スキャンを有効にします。拡張スキャンを継続的なスキャンに設定し、Amazon Simple Notification Service (Amazon SNS) でトピックを設定します。,TRUE,Amazon Inspector の検出結果に対応する Amazon EventBridge ルールを作成します。ルールのターゲットとして Amazon Simple Notification Service (Amazon SNS) トピックを設定します。,TRUE,Amazon ECR の AWS Lambda 拡張スキャンを有効化します。拡張スキャンを継続的なスキャンに設定し、Amazon Simple Email Service (Amazon SES) でトピックを設定します。,FALSE,新しいAWS Lambda関数を作成します。スキャン結果が検出されたときに、新しいLambda関数を呼び出します。,FALSE,すべてのコンテナイメージに対して、Amazon ECR のデフォルトの基本スキャンを有効化します。デフォルトの基本スキャンで継続スキャンを使用するように設定します。Amazon Simple Notification Service (Amazon SNS) でトピックを設定します。,FALSE,,,"答え：A と B


A：ECR の Amazon Inspector 拡張スキャン（Enhanced scanning）を有効化して継続スキャンに。イメージを常時スキャンし、脆弱性をすばやく特定できる。


B：Inspector の検出結果は EventBridge に流れるため、EventBridge ルール→SNS 通知を構成してセキュリティチームへ即時連絡。


※E（基本スキャン）は push 時のみで継続スキャン不可。C は存在しない機能、D は自作で運用負荷が高い。",,,2025-11-21
DOP-C02-Q324,"DevOps管理者は、会社のコンテナイメージを保存するためのリポジトリを設定しています。管理者は、特定のタグが付いていて15日以上経過したコンテナイメージを自動的に削除するライフサイクルルールを設定する必要があります。

これらの要件を最も効率的に満たすソリューションはどれでしょうか？",FALSE,Amazon Elastic Container Registry (Amazon ECR) にリポジトリを作成します。リポジトリにライフサイクルポリシーを追加し、一致するタグを持つイメージを15日後に期限切れにします。,TRUE,AWS CodeArtifact にリポジトリを作成します。CodeArtifact リポジトリにリポジトリポリシーを追加し、一致するタグを持つ古いアセットを 15 日後に期限切れにします。,FALSE,Amazon S3にバケットを作成します。バケットライフサイクルポリシーを追加して、一致するタグを持つ古いオブジェクトを15日後に期限切れにします。,FALSE,EC2 Image Builder コンテナレシピを作成します。一致するタグを持つコンテナを15日後に期限切れにするビルドコンポーネントを追加します。,FALSE,,,,,"答え：A

✅ 理由

Amazon ECR にはネイティブのライフサイクルポリシー機能があり、
タグベースの条件＋経過日数条件で自動削除が可能です。
→「特定タグ」かつ「15日以上経過」のイメージ削除は 1ポリシー設定だけで実現できます。

運用オーバーヘッドが最小で、追加スクリプトや外部サービスも不要。

❌ 他の選択肢が不適な理由
B. CodeArtifactコンテナイメージは対象外。パッケージ管理用サービスC. S3 + ライフサイクルECRではなくS3上で直接管理していない限り不適（S3はECRのストレージ実体だがユーザー管理不可）D. EC2 Image Builderイメージビルドの自動化ツールであり、既存イメージの削除管理には不向き

📌 よって最も効率的な解決策は：A. ECRリポジトリのライフサイクルポリシーを設定する",,,2025-11-21
DOP-C02-Q325,"ある企業がデータウェアハウスソリューションとしてAmazon Redshiftを使用しています。Redshiftユーザーへの変更とユーザーが実行するクエリを表示するダッシュボードを作成したいと考えています。

この要件を満たす手順の組み合わせはどれですか（2つ選択してください）。",TRUE,Amazon CloudWatch ロググループを作成します。CloudWatch ロググループに書き込む AWS CloudTrail 証跡を作成します。,FALSE,新しいAmazon S3バケットを作成します。Redshiftクラスターにデフォルトの監査ログを設定します。S3バケットをターゲットとして設定します。,FALSE,Redshift クラスターデータベースの監査ログにユーザーアクティビティログを含めるように設定します。ターゲットとして Amazon CloudWatch を設定します。,TRUE,ログウィジェットを備えたAmazon CloudWatchダッシュボードを作成します。Redshiftログからユーザーの詳細を表示するようにウィジェットを設定します。,TRUE,Amazon Athena を使用して Redshift ログをクエリする AWS Lambda 関数を作成します。Lambda 関数を使用するカスタムウィジェットタイプを持つ Amazon CloudWatch ダッシュボードを作成します。,FALSE,,,"答え：C と D

C：Redshift の監査ログで **ユーザーアクティビティログ（クエリ実行）とユーザーログ（ユーザー変更）**を含め、出力先を CloudWatch Logs に設定すると、可視化・アラート連携が容易になります。

D：CloudWatch ダッシュボードに Logs ウィジェットを追加し、上記の Redshift 監査ログをクエリ/フィルタして「ユーザー変更」「実行クエリ」を表示すれば、要件を満たすダッシュボードを実現できます。

A（CloudTrail）は Redshift の SQL やユーザー変更の詳細を収集できず不適、E は過剰設計で運用負荷が増えます。",,,2025-11-21
DOP-C02-Q326,"ある会社では、AWS Organizations の組織を使用して 500 個の AWS アカウントを管理しています。組織ではすべての機能が有効になっています。AWS アカウントは単一の OU にあります。開発者は、組織のメンバーアカウント内のすべてのリソースに対して CostCenter タグキーを使用する必要があります。一部のチームは、Amazon EC2 インスタンスにタグを付ける際に CostCenter タグキーを使用してい

ません。クラウドチームは、組織のメンバーアカウント内のすべての EC2 インスタンスをスキャンするスクリプトを作成しました。EC2 インスタンスに CostCenter タグキーがない場合、スクリプトは AWS アカウント管理者に通知します。この通知を回避するために、一部の開発者は、タグ値に任意の文字列を含む CostCenter タグキーを使用しています。

クラウドチームは、組織内のすべての EC2 インスタンスが適切なコストセンター値を持つ CostCenter タグキーを使用していることを確認する必要があります。

これらの要件を満たすソリューションはどれですか。",FALSE,CostCenter タグキーを持たない EC2 インスタンスの作成を防止する SCP を作成します。すべての EC2 インスタンスにおいて、CostCenter タグに既知のコストセンターリストの値を指定することを要求するタグポリシーを作成します。このポリシーを OU にアタッチします。スクリプトを更新し、タグキーとタグ値をスキャンします。スクリプトを修正し、CostCenter タグキーのデフォルトの承認済みタグ値を使用して、非準拠のリソースを更新します。,TRUE,CostCenterタグキーを持たないEC2インスタンスの作成を阻止するSCPを作成します。このポリシーをOUにアタッチします。スクリプトを更新して、タグキーとタグ値をスキャンし、タグ値が無効な場合に管理者に通知します。,FALSE,CostCenter タグキーを持たない EC2 インスタンスの作成を禁止する SCP を作成します。このポリシーを OU にアタッチします。組織のメンバーアカウントに IAM 権限境界を作成し、CostCenter タグの値を有効なコストセンターのリストに制限します。,FALSE,すべてのEC2インスタンスのCostCenterタグに、既知のコストセンターリストの値を設定することを要求するタグポリシーを作成します。このポリシーをOUにアタッチします。EC2インスタンスに空のCostCenterタグキーを追加するAWS Lambda関数を設定します。このLambda関数をターゲットとして、イベントをRunInstances APIアクションにマッチングさせるAmazon EventBridgeルールを作成します。,FALSE,,,,,"答え：A
理由

SCPでRunInstancesやCreateTags等に対し**aws:TagKeys/aws:RequestTag/CostCenterを条件にした必須タグ付与**を強制すれば、CostCenterタグ未設定の新規作成をブロックできます。

タグポリシー（Tag Policies）で CostCenter の許可値リストを定義しておくと、コンソール/UI での入力ガイダンスと準拠可視化が行え、**「任意文字列で回避」**を抑止しやすくなります（厳密強制はSCP、標準化と可視化はタグポリシー）。

既存リソースや例外対応は、提示のとおりスクリプトで検出・修正（既存分の是正）を行うのが現実的。

他案が不適な理由
B：SCPで「タグ必須」は強制できても、値の正当性までは担保しない。
C：権限境界は「付与できる権限の上限」であり、タグ値の制限には適しません。
D：空タグ付与のLambdaは回避策にならず、適正値の担保にならない。",,,2025-11-21
DOP-C02-Q327,"DevOps エンジニアは AWS CodePipeline のパイプラインを使用します。パイプラインには、Amazon S3 バケットに配信されるシングルページウェブアプリケーションのビルドアクションとデプロイアクションがあります。Amazon CloudFront がウェブアプリケーションを提供します。ビルドアクションは、ウェブアプリケーションのアーティファクトを作成します。DevOps

エンジニアは、S3 バケットを定義し、アプリケーションをホストするように S3 バケットを構成する AWS CloudFormation テンプレートを作成しました。DevOps エンジニアは、S3 アクションの前に CloudFormation デプロイアクションを構成しました。CloudFormation デプロイアクションは S3 バケットを作成します。DevOps エンジニアは、CloudFormation テンプレートから S3 バケットを使用するように S3 デプロイアクションを構成する必要があります。

これらの要件を満たす手順の組み合わせはどれですか (2 つ選択してください)。",TRUE,CloudFormationテンプレートにBucketNameという名前の出力を追加します。出力の値は、CloudFormationテンプレートのS3バケットを参照するように設定します。出力値をStackvariablesという名前のAWS::SSM::Parameterリソースにエクスポートするように設定します。,FALSE,CloudFormationテンプレートにBucketNameという名前の出力を追加します。出力の値は、CloudFormationテンプレートのS3バケットを参照するように設定してください。パイプライン内のCloudFormationアクションの名前空間をStackVariablesに設定します。,TRUE,パイプラインの CloudFormation アクションの出力アーティファクトを、AWS Systems Manager パラメータストアの StackVariables パラメータとして設定します。アーティファクトの名前は BucketName にします。,FALSE,ビルドアクションのビルド成果物をCodePipeline S3デプロイアクションへの入力として設定します。StackVariables.BucketName変数を使用して、S3バケットにデプロイするようにデプロイアクションを設定します。,TRUE,ビルドアクションから取得したビルドアーティファクトとAWS Systems Managerパラメータを、デプロイアクションへの入力として設定します。StackVariables.BucketName変数を使用して、S3バケットにデプロイするようにデプロイアクションを設定します。,FALSE,,,"答え：B と D

B：CloudFormationテンプレートに Outputs で BucketName を追加し、CloudFormationアクションに 名前空間（例：StackVariables） を設定すると、そのスタック出力を後段ステージで アクション変数 として参照できます。

D：S3デプロイアクションで、ビルド成果物を入力にしつつ、StackVariables.BucketName（CloudFormation出力）を使ってデプロイ先バケットを指定します。

A/C/E は CodePipeline の動作や連携方法として不適切・過剰です。",,,2025-11-21
DOP-C02-Q328,"ある企業は、リフトアンドシフト戦略を用いてワークロードをAWSに移行しました。この企業にはAmazon EC2インスタンスのAuto Scalingグループがあり、各EC2インスタンスはウェブアプリケーション、データベース、Redisキャッシュを実行しています。

ユーザーはウェブアプリケーションの応答時間に大きなばらつきを感じています。ウェブアプリケーションへのリクエストは、大きな負荷がかかっている単一のEC2インスタンスに送信されます。この企業は、可用性とパフォーマンスを向上させるために、アプリケーションコンポーネントを分離したいと考えています。

これらの要件を満たすソリューションはどれでしょうか？",FALSE,ウェブアプリケーション用のネットワークロードバランサーとAuto Scalingグループを作成します。データベースをAmazon Aurora Serverlessデータベースに移行します。Redisキャッシュ用のアプリケーションロードバランサーとAuto Scalingグループを作成します。,FALSE,ウェブアプリケーション用のApplication Load BalancerとAuto Scalingグループを作成します。データベースを、マルチAZ配置のAmazon Auroraデータベースに移行します。Redisキャッシュ用のNetwork Load BalancerとAuto Scalingグループを、単一のアベイラビリティゾーンに作成します。,FALSE,ウェブアプリケーション用のネットワークロードバランサーとAuto Scalingグループを作成します。データベースをAmazon Aurora Serverlessデータベースに移行します。キャッシュ用にAmazon ElastiCache (Redis OSS) クラスターを作成します。ElastiCache (Redis OSS) クラスターのホスト名を含むDNSターゲットタイプを持つターゲットグループを作成します。,FALSE,ウェブアプリケーション用のApplication Load BalancerとAuto Scalingグループを作成します。データベースをマルチAZ配置のAmazon Auroraデータベースに移行します。キャッシュ用にAmazon ElastiCache（Redis OSS）クラスターを作成します。,TRUE,,,,,"答え：D

Web：HTTP/HTTPSの負荷分散は Application Load Balancer + Auto Scaling グループ が適切。スティッキー/ヘルスチェック/パスベース振り分けも活用可。

DB：インスタンス内同居から脱却し、Amazon Aurora マルチAZへ移行して可用性・スケールを向上。

Cache：EC2上のRedisをやめ、Amazon ElastiCache for Redis をクラスターで利用して可用性と性能を確保。

他選択肢は、WebにNLBを使う/RedisをALB/NLB配下に置く/単一AZ配置など不適切な点があります。",,,2025-11-21
DOP-C02-Q329,"ある企業はAWS Organizationsを使用しており、以下の要件を満たすガバナンス戦略を実装したいと考えています。
• AWSリソースへのアクセスは、すべてのアカウントで同じ2つのリージョンに制限されています。
• AWSサービスは、すべてのアカウントで特定の承認済みサービスグル​​ープに制限されています。
• 認証はActive Directoryによって提供されます。
• アクセス権限は職務別に整理されており、各アカウントで同一です。

これらの要件を満たすソリューションはどれでしょうか？",FALSE,管理アカウントにグループポリシーを含む組織単位 (OU) を作成し、リージョンと承認済みサービスを制限します。AWS CloudFormation StackSets を使用して、各職務権限を持つロールをプロビジョニングします。これには、各アカウントの IAM ID プロバイダー認証用の IAM 信頼ポリシーも含まれます,FALSE,管理アカウントに権限境界を設定し、リージョンと承認済みサービスを制限します。AWS CloudFormation StackSets を使用して、各アカウントの IAM ID プロバイダー認証用の IAM 信頼ポリシーを含む、各職務権限を持つロールをプロビジョニングします。,FALSE,管理アカウントにサービス制御ポリシーを設定し、リージョンと承認済みサービスを制限します。AWS Resource Access Manager (AWS RAM) を使用して、各アカウントの認証に使用する AWS IAM Identity Center を含む、各職務権限を持つ管理アカウントロールを共有します。,FALSE,管理アカウントでサービスコントロールポリシーを設定し、リージョンと承認済みサービスを制限します。AWS CloudFormation StackSets を使用して、各アカウントの IAM ID プロバイダー認証用の IAM 信頼ポリシーを含む、各職務権限を持つロールをプロビジョニングします。,TRUE,,,,,"答え：D
理由

リージョン/サービス制限は**SCP（サービスコントロールポリシー）**で組織全体に適用するのが正道（権限境界では組織横断の制限は不可）。

認証はAD：AD連携のIdP（例：IAM Identity CenterやSAML IdP）を信頼するロールを各アカウントに共通展開する必要がある → CloudFormation StackSetsで職務別ロール（信頼ポリシー込み）を全アカウントに配布。

A：OUに「グループポリシー」は誤り（ADのGPOのようなものはAWS Organizationsにはない）。
B：権限境界は“付与できる最大権限”の上限であり、リージョン/サービスの組織的制限には不適。
C：AWS RAMはロール共有の仕組みではない（リソース共有用）。SCPの前半は正しいが後半が不適。",,,2025-11-21
DOP-C02-Q330,"ある企業が、多数のAWSアカウントで異常なログイン試行を検知しました。DevOpsエンジニアは、ログイン試行が複数回失敗した場合に、会社のセキュリティチームに通知を送信するソリューションを実装する必要があります。DevOpsエンジニアは既にAmazon Simple Notification Service（Amazon SNS）トピックを作成し、セキュリティチームをそのSNSトピックにサブスクライブさせています。運用上の手間

を最小限に抑えて通知を送信できるソリューションはどれでしょうか？",FALSE,AWS CloudTrail を設定して、管理イベントを Amazon CloudWatch Logs ロググループに送信します。失敗した ConsoleLogin イベントに一致する CloudWatch Logs メトリクスフィルターを作成します。このメトリクスフィルターに基づいて CloudWatch アラームを作成します。SNS トピックにメッセージを送信するアラームアクションを設定します。,TRUE,AWS CloudTrail を設定して、管理イベントを Amazon S3 バケットに送信します。Amazon Athena クエリを作成し、S3 バケット内のログで失敗したログインが見つかった場合に失敗を返します。Amazon EventBridge ルールを作成して、このクエリを定期的に実行します。クエリが失敗したことを検出し、SNS トピックにメッセージを送信する 2 つ目の EventBridge ルールを作成します。,FALSE,AWS CloudTrail を設定して、データイベントを Amazon CloudWatch Logs ロググループに送信します。失敗した ConsoleLogin イベントに一致する CloudWatch Logs メトリクスフィルターを作成します。このメトリクスフィルターに基づいて CloudWatch アラームを作成します。SNS トピックにメッセージを送信するアラームアクションを設定します。,FALSE,AWS CloudTrail を設定して、データイベントを Amazon S3 バケットに送信します。s3:ObjectCreated イベントタイプの Amazon S3 イベント通知を設定します。ConsoleLogin 失敗イベントでイベントタイプをフィルタリングします。イベント通知を SNS トピックに転送するように設定します。,FALSE,,,,,"答え：A

理由

失敗した ConsoleLogin は CloudTrail の管理イベントで記録されます。

CloudWatch Logs へ配信 → メトリクスフィルター → CloudWatch アラーム → SNS 通知 が最小運用で即時性も高い定石です（しきい値で「複数回失敗」を表現）。

C は「データイベント」指定で誤り（ConsoleLoginは管理イベント）。

B/D は AthenaやS3通知を挟むため運用負荷・遅延が増えます。",,,2025-11-21
DOP-C02-Q331,"ある企業がAmazon API Gatewayを使用して新しいREST APIをデプロイしました。このAPIは機密データへのアクセスに使用しており、社内の特定のVPCからのみアクセスできるようにする必要があります。

これらの要件を満たすソリューションはどれでしょうか？",FALSE,API Gateway APIにリソースポリシーを作成し、アタッチします。特定のVPC IDのみを許可するようにリソースポリシーを設定します。,TRUE,API Gateway APIにセキュリティグループを追加します。特定のVPC IPアドレス範囲のみを許可するようにインバウンドルールを設定します。,FALSE,API Gateway APIにIAMロールを作成し、アタッチします。特定のVPC IDのみを許可するようにIAMロールを設定します。,FALSE,API Gateway APIにACLを追加します。特定のVPC IPアドレス範囲のみを許可するようにアウトバウンドルールを設定します。,FALSE,,,,,"正解：A

✅ 解説

機密データにアクセスする Amazon API Gateway REST API へのアクセスを
「社内の特定の VPC からのみ許可」したい場合、
最適な方法は API Gateway のリソースポリシーで VPC エンドポイントを制限することです。

なぜ A が正解なのか？

API Gateway は インターネットベースのサービスであり、VPC セキュリティグループを直接アタッチすることはできません。

API Gateway を VPC エンドポイント（Private API or Edge/Regional + Resource Policy） と組み合わせることで、
特定の VPC や VPC エンドポイント ID に制限するリソースポリシーが使用可能です。

リソースポリシーで制御できる代表例：

""Condition"": {
    ""StringEquals"": {
        ""aws:SourceVpce"": ""vpce-1234567890abcdef0""
    }
}

❌ なぜ他の選択肢は不正解か？
選択肢	なぜダメか
B. SG を追加	API Gatewayにはセキュリティグループの概念がない
C. IAMロール制御	IAMロールはユーザ認証用途であり、VPC制限はできない
D. ACL追加	API GatewayにACL機能は存在しない、またアウトバウンド制御ではない
✅ 補足

もし API を「完全に社内 VPC 内だけで使う」なら
Private API Gateway + VPC Endpoint (Interface型) + Resource Policy が一般解です。

📌 結論：A. リソースポリシーで特定の VPC からのみ許可する",,,2025-11-21
DOP-C02-Q332,"ある企業は、Application Load Balancer (ALB) に接続された Amazon Elastic Container Service (Amazon ECS) サービスを使用してウェブサイトを運営しています。サービスは安定した状態にあり、タスクはリクエストに正常に応答していました。DevOps

エンジニアは、新しいコンテナイメージを使用してタスク定義を更新し、サービスにデプロイしました。すると、ALB のヘルスチェックが失敗しているため、サービスが頻繁に停止し、新しいタスクが開始されていることに気付きました。DevOps エンジニアは、デプロイの

失敗をトラブルシューティングするために何をすべきでしょうか。",FALSE,サービスに関連付けられたセキュリティ グループが ALB からのトラフィックを許可していることを確認します。,FALSE,サービスの ALB ヘルスチェック猶予期間を延長します。,TRUE,サービスの最小正常率設定を増やします。,FALSE,ALB ヘルスチェック間隔を短くします。,FALSE,,,,,"答え：B

✅ 理由
新しいコンテナイメージを使って ECS サービスを更新した直後に
ALB のヘルスチェックが失敗 → タスクが連続再起動 している場合、
多くは「コンテナ起動直後にまだアプリがリクエストを受け付けられない」のが原因です。

ALB ヘルスチェック猶予期間 (Health check grace period) を延長すると、
タスク起動後すぐにヘルスチェックを行わず、
アプリが正常にブートしてリスニングを開始するまで待ってからチェックを始めます。
→ 結果として 不必要なヘルスチェック失敗とタスク再起動を防止 できます。

❌ 他の選択肢が不適な理由
A. セキュリティグループの許可既存サービスで正常動作していたため、SG は問題なし。C. 最小正常率設定を増やすデプロイ同時稼働タスク数の調整パラメータであり、ヘルスチェック失敗の根本原因ではない。D. ヘルスチェック間隔を短くする状況を悪化させる（さらに頻繁に失敗と再起動が発生）。

✅ 結論：
B. サービスの ALB ヘルスチェック猶予期間を延長する",,,2025-11-21
DOP-C02-Q333,"電子患者健康記録（EHR）を使用しているある企業は、Amazon Linuxオペレーティングシステムを搭載したAmazon EC2インスタンス群を運用しています。同社は、EC2インスタンスが最新のプライバシー規制に準拠したオペレーティングシステムパッチとアプリケーションパッチを継続的に実行していることを確認する必要があります。同社はアプリケーションパッチの保存にカスタムリポジトリを使用しています。DevOps

エンジニアは、オペレーティングシステムパッチとアプリケーションパッチのデプロイを自動化する必要があります。DevOpsエンジニアは、デフォルトのオペレーティングシステムパッチリポジトリとカスタムパッチリポジトリの両方を使用したいと考えています。

これらの要件を最も少ない労力で満たすソリューションはどれでしょうか？",FALSE,AWS Systems Manager を使用して、デフォルトのオペレーティングシステムリポジトリとカスタムリポジトリを含む新しいカスタムパッチベースラインを作成します。Run コマンドを使用して AWS-RunPatchBaseline ドキュメントを実行し、パッチの検証とインストールを行います。BaselineOverride API を使用して、新しいカスタムパッチベースラインを設定します。,TRUE,AWS Direct Connect を使用してカスタムリポジトリを EC2 インスタンスに統合します。Amazon EventBridge イベントを使用してパッチをデプロイします。,FALSE,yum-config-manager コマンドを使用して、カスタムリポジトリを /etc/yum.repos.d 設定に追加します。yum-config-manager-enable コマンドを実行して、新しいリポジトリを有効化します。,FALSE,AWS Systems Manager を使用して、デフォルトのオペレーティングシステムリポジトリ用のパッチベースラインと、カスタムリポジトリ用の2つ目のパッチベースラインを作成します。Run コマンドを使用して AWS-RunPatchBaseline ドキュメントを実行し、パッチの検証とインストールを行います。BaselineOverride API を使用して、デフォルトのパッチベースラインとカスタムパッチベースラインを設定します。,FALSE,,,,,"答え：A
理由

SSM Patch Managerはカスタムパッチベースラインで、Amazon Linux のデフォルトOSリポジトリ + 追加（カスタム）リポジトリを“Patch sources”として一括管理できます。

AWS-RunPatchBaselineを Run Command で実行すれば、承認ルールに従って検証・適用を自動化可能。

BaselineOverrideでそのカスタムベースラインを指定すれば、即座に新定義を使ったパッチ適用ができ、運用手間が最小。

Bは不要・不適、Cは手作業でスケールしない、Dはベースラインを2つに分ける必要がなく複雑化します。",,,2025-11-21
DOP-C02-Q334,"ある企業は、AWS Organizations 内の組織を使用して複数の AWS アカウントを管理しています。この企業は、組織で有効になっているすべての機能を有効にしています。この企業は、ルート OU の下の OU 階層として組織を構成しました。この企業は最近、すべての OU を登録し、すべての AWS アカウントを AWS Control Tower に登録しました。

この企業は、各 AWS アカウントで AWS Control Tower 管理の AWS Config 設定レコーダーをカスタマイズする必要があります。このカスタマイズは、既存の AWS アカウントと、今後 AWS Control Tower に登録する新しい AWS アカウントの両方に適用する必要があります。

これらの要件を満たす手順の組み合わせはどれですか (3 つ選択してください)。",TRUE,新しいAWSアカウントを作成します。新しいアカウントにAWS Lambda関数を作成し、組織内の各AWSアカウントのAWS Config設定レコーダーにカスタマイズを適用します。,FALSE,AWS Config 委任管理者として新しい AWS アカウントを作成します。委任管理者アカウントに AWS Lambda 関数を作成し、委任管理者アカウントの AWS Config 設定レコーダーにカスタマイズを適用します。,FALSE,AWS Control Tower 管理アカウントで Amazon EventBridge ルールを設定し、Organizations OU が登録または再登録されたときに AWS Lambda 関数を呼び出します。ルート Organizations OU を再登録します。,TRUE,組織内の各AWSアカウントのAWSControlTowerExecution IAMロールを、AWS Lambda関数が引き継げるように設定します。AWSControlTowerExecution IAMロールを引き継ぐようにLambda関数を設定します。,FALSE,AWS Control Tower 管理アカウントに、AWS Lambda 関数が引き受けることができる IAM ロールを作成します。この IAM ロールに、組織内の任意のアカウントで AWSControlTowerExecution IAM ロールを引き受ける権限を付与します。Lambda 関数が新しい IAM ロールを使用するように設定します。,TRUE,AWS Control Tower 管理アカウントで Amazon EventBridge ルールを設定し、AWS アカウントが AWS Control Tower に更新または登録されたとき、あるいはランディングゾーンが更新されたときに AWS Lambda 関数を呼び出すようにします。組織内の各 Organizations OU を再登録します。,TRUE,"答え：C・E・F

理由
EventBridge の Control Tower ライフサイクルイベントで既存/新規の両ケースをフックする。

F：アカウントの登録/更新やランディングゾーン更新時に Lambda を起動し、カスタム設定を適用。既存対策として各 OU の再登録も実施。

C：OU の登録/再登録イベントでも Lambda を起動し、OU 配下アカウント一括の再適用を確実化。

クロスアカウント適用の権限設計

E：管理アカウントに、Lambda が引き受ける IAM ロールを作成し、組織内任意アカウントで AWSControlTowerExecution ロールを AssumeRole できる権限を付与。Lambda はこのロールで各メンバーアカウントに入って Config 設定レコーダーを更新。

不正解のポイント
A/B：新規の専用アカウントや Config 委任管理者で Lambda を動かす必要はない。

D：各アカウント側の AWSControlTowerExecution の信頼関係を個別変更するのは運用負荷が高く、不要（E で管理アカウント側に Assume 権限を集約するのが定石）。",,,2025-11-21
DOP-C02-Q335,"ある企業は、Application Load Balancer (ALB) の背後にある Amazon EC2 インスタンスの Auto Scaling グループでアプリケーションを実行しています。EC2 インスタンスは Docker コンテナを実行し、そこから別の EC2 インスタンスで稼働する MySQL データベースにリクエストを送信しています。DevOps

エンジニアは、サーバーレスアーキテクチャを使用するようにアプリケーションを更新する必要があります。

この要件を最も少ない変更で満たすソリューションはどれでしょうか？",FALSE,EC2インスタンスとALB上で実行されるコンテナをAWS Lambda関数に置き換えます。MySQLデータベースを、MySQLと互換性のあるAmazon Aurora Serverless v2データベースに置き換えます。,FALSE,EC2インスタンスで実行されるコンテナをAWS Fargateに置き換えます。MySQLデータベースを、MySQLと互換性のあるAmazon Aurora Serverless v2データベースに置き換えます。,TRUE,EC2インスタンスとALBで実行されるコンテナをAWS Lambda関数に置き換えます。MySQLデータベースをAmazon DynamoDBテーブルに置き換えます。,FALSE,EC2インスタンスで実行されるコンテナをAWS Fargateに置き換えます。MySQLデータベースをAmazon DynamoDBテーブルに置き換えます。,FALSE,,,,,"答え：B

理由
最小変更でサーバーレス化するなら、既存のコンテナはそのままにして実行基盤だけを EC2→AWS Fargate に置き換えるのが最小インパクト（ECS のタスク定義をFargate対応にする程度）。ALB も継続利用できます。

データベースは既存の MySQL互換のまま Aurora Serverless v2 に移行すれば、アプリ側のSQLやドライバ変更は最小で、自動スケーリング/停止に対応できます。

他案が劣る理由
A/C：Lambda への置換はコードの実行モデル変更（コールドスタート対策、状態管理、ハンドラ化など）が必要で、変更量が増える。
C/D：DynamoDB への移行はデータモデル/クエリの全面見直しが必要で最小変更の要件に反する。",,,2025-11-21
DOP-C02-Q336,"ある企業は、AWS Organizations の組織を使用して 10 個の AWS アカウントを管理しています。すべての機能が有効になっており、AWS CloudFormation の信頼されたアクセスも有効になっています。DevOps

エンジニアは、CloudFormation を使用して、Organizations の管理アカウントと組織内のすべてのメンバーアカウントに IAM ロールをデプロイする必要が

あります。これらの要件を、運用オーバーヘッドが最も少ないソリューションはどれでしょうか？",FALSE,サービスマネージド権限を持つ CloudFormation StackSet を作成します。ルート OU をデプロイメントターゲットとして設定します。,TRUE,サービス管理権限を持つCloudFormation StackSetを作成します。ルートOUをデプロイ先として設定します。Organizations管理アカウントに別のCloudFormationスタックをデプロイします。,FALSE,セルフマネージド権限を持つ CloudFormation StackSet を作成します。ルート OU をデプロイメントターゲットとして設定します。,FALSE,セルフマネージド権限を持つCloudFormation StackSetを作成します。ルートOUをデプロイ先として設定します。Organizations管理アカウントに別のCloudFormationスタックをデプロイします。,FALSE,,,,,"答え：A

理由

すでに Organizations の全機能と CloudFormation の信頼されたアクセスが有効なので、最小運用で全アカウントへ配布するには Service-managed permissions の StackSet を使い、Root OU をターゲットにすればよいです。

Service-managed を使うと、メンバーアカウント側の実行ロール作成などの前提作業が不要で、OU 配下（必要に応じて管理アカウントも含めて）へ自動適用できます。

Self-managed（C/D）はロール準備などの運用負荷が高く、B は管理アカウントだけ別スタックにしており不要な手間が増えます。",,,2025-11-21
DOP-C02-Q337,"ある企業は、Amazon S3バケットに成果物を保存するアプリケーションを運用しています。このアプリケーションは大規模なユーザーベースを有し、大量のオブジェクトをS3バケットに書き込みます。この企業はS3バケットのイベント通知を有効にしています。アプリケーション

がS3バケットにオブジェクトを書き込む際には、複数の処理タスクを同時に実行する必要があります。この企業のDevOpsチームは、処理タスクをオーケストレーションするためのAWS Step Functionsワークフローを作成する必要があります。

これらの要件を最小限の運用オーバーヘッドで満たすには、DevOpsチームはどのような手順の組み合わせを実行すべきでしょうか？（2つ選択してください。）",TRUE,処理タスクを定義する並列状態を含む標準ワークフローを作成します。処理タスクを定義する並列状態を含む非同期Expressワークフローを作成します。,TRUE,処理タスクを定義するマップ状態を含む同期 Express ワークフローを作成します。,FALSE,新しいS3オブジェクトの作成時に一致するAmazon EventBridgeルールを作成します。EventBridgeルールでAWS Lambda関数を呼び出すように設定します。Lambda関数で処理ワークフローを開始するように設定します。,FALSE,新しいS3オブジェクトが作成された際に一致するAmazon EventBridgeルールを作成します。処理ワークフローを開始するようにEventBridgeルールを設定します。,TRUE,,,,,"答え：A・D

A：高頻度トリガーに適した Express ワークフロー（非同期） を採用し、ワークフロー内で Parallel 状態 を使って「1オブジェクトあたり複数の処理タスクを同時実行」できる構成にします。（※記載には Standard も含まれていますが、要件に合うのは 非同期 Express + Parallel 部分）

D：S3 Object Created を条件にした Amazon EventBridge ルール から、Step Functions を直接起動します（Lambda 中継なし）。これが最小の運用オーバーヘッドで、スケールにも強いです。

C（EventBridge→Lambda→Step Functions）は中継が増えて運用コストが上がり、
B（同期 Express + Map）はイベント駆動の大量処理に不向き（応答待ち不要）です。",,,2025-11-21
DOP-C02-Q338,"DevOpsチームは、Application Load Balancer (ALB) の背後にある Amazon Elastic Container Service (Amazon ECS) クラスターで実行されるアプリケーションをサポートしています。現在、DevOpsチームはAWS CodeDeployを使用して、Blue/Greenの一括デプロイ戦略でアプリケーションをデプロイしています。最近、アプリケーションの新バージョンによってリクエストへの応答時間が大幅に増加したため、DevOpsチームはデプロイメントをロールバックする必要がありました。DevOpsチームは、すべてのトラフィックを新バージョンに移行する前に、アプリケーションの新バージョンを監視できるデプロイメント戦略を使用する必要があります。アプリケーションの新バージョンによって応答時間が長くなった場合は、できるだけ早くデプロイメントをロールバックする必要があります。

これらの要件を満たす手順の組み合わせはどれですか？（2つ選択してください。）",TRUE,CodeDeployDefault.ECSCanary10Percent5Minutes 構成を使用するように CodeDeploy デプロイメントを変更します。,TRUE,CodeDeployDefault.ECSLinear10PercentEvery3Minutes 構成を使用するように CodeDeploy デプロイメントを変更します。,FALSE,ALB の UnHealthyHostCount メトリクスを監視する Amazon CloudWatch アラームを作成します。メトリクスが目標値を超えた場合にアラームがアクティブになるように設定します。アラームを CodeDeploy デプロイメントグループに関連付けます。デプロイメントが失敗した場合にロールバックするようにデプロイメントグループを変更します。,FALSE,ALB の TargetResponseTime メトリクスを監視する Amazon CloudWatch アラームを作成します。メトリクスが目標値を超えた場合にアラームがアクティブになるように設定します。アラームを CodeDeploy デプロイメントグループに関連付けます。デプロイメントグループを変更し、アラームのしきい値に達した場合にロールバックするようにします。,TRUE,ALB の TargetConnectionErrorCount メトリクスを監視する Amazon CloudWatch アラームを作成します。メトリクスが目標値を超えた場合にアラームがアクティブになるように設定します。アラームを CodeDeploy デプロイメントグループに関連付けます。デプロイメントグループを変更し、アラームのしきい値に達した場合にロールバックするようにします。,FALSE,,,"答え：A と D

A: ECSCanary10Percent5Minutes でまず 10% だけ 新バージョンに流し、5分観察して問題なければ残りを切替。全量移行前に挙動を監視できます。

D: ALB の TargetResponseTime を監視する CloudWatch アラームを CodeDeploy デプロイメントグループに関連付け、しきい値超過で 自動ロールバック。応答時間の悪化を素早く検知して巻き戻せます。

C（UnHealthyHostCount）や E（TargetConnectionErrorCount）は“応答時間の悪化”に対する直接指標ではないため本件では優先度が下がります。",,,2025-11-21
DOP-C02-Q339,"セキュリティチームは、AWSリソースの設定を記録し、問題を検出し、発見事項を通知する必要があります。AWSアカウントの主なワークロードは、1日に複数回スケールインとスケールアウトを行うAmazon EC2 Auto Scalingグループで構成されています。

チームは、Amazon EC2セキュリティグループがポート22（0.0.0.0/0）のトラフィックを許可した場合、2日以内に通知を受け取ることを望んでいます。また、AWSリソースの設定のスナップショットを定期的に取得する必要があります。セキュリティチーム

は既にAmazon Simple Notification Service（Amazon SNS）トピックを作成し、サブスクライブしています。

これらの要件を満たすソリューションはどれでしょうか？",FALSE,AWS アカウントの定期的な記録を使用するように AWS Config を設定します。vpc-sg-port-restriction-check AWS Config マネージドルールをデプロイします。通知のターゲットとして SNS トピックを使用するように AWS Config を設定します。,FALSE,AWS アカウントの設定変更記録を使用するように AWS Config を設定します。AWS Config マネージドルール「vpc-sg-open-only-to-authorized-ports」をデプロイします。通知のターゲットとして SNS トピックを使用するように AWS Config を設定します。,FALSE,AWS アカウントの設定変更記録を使用するように AWS Config を設定します。SSH 制限付きの AWS Config マネージドルールをデプロイします。通知のターゲットとして SNS トピックを使用するように AWS Config を設定します。,TRUE,セキュリティグループを評価し、SNSトピックにメッセージをパブリッシュするAWS Lambda関数を作成します。Amazon EventBridgeルールを使用して、Lambda関数を1日に1回実行するようにスケジュールします。,FALSE,,,,,"答え：C
理由

要件は①リソース設定の記録（スナップショット取得）、②SGが22/TCP を 0.0.0.0/0で許可したら2日以内に通知。

AWS Configを設定変更記録で有効化すれば、継続記録＋定期的な設定スナップショットを取得できます（S3配信設定）。

ルールは AWS Config マネージドルール restricted-ssh（選択肢Cの「SSH制限付き」）が目的にドンピシャ。設定変更トリガーまたは24時間周期で評価でき、SNSにコンプライアンス変更通知を飛ばせるので2日以内の通知要件を満たします。

他案が劣る点
A/B：ルール名や前提がズレている（Aは誤った名称、Bは許可ポート群の調整が必要で過剰）。
D：自作Lambda＋スケジュール運用は手間増＆抜け漏れリスク。",,,2025-11-21
DOP-C02-Q340,"ある企業は、Amazon CloudFrontディストリビューションを利用して自社のデータを利用できます。このディストリビューションへのアクセスは、本社オフィスの既知のIPアドレス範囲を持つユーザーのみに限定する必要があります。このディストリビューションにはAWS WAF Web ACLが関連付けられており、デフォルトのアクションは「カウント」に設定されています。

これらの要件を、運用オーバーヘッドを最小限に抑えながら満たすソリューションはどれでしょうか？",FALSE,新しい正規表現パターンセットを作成します。その正規表現パターンセットを新しいルールグループに追加します。デフォルトのアクションを「ブロック」に設定した新しいウェブ ACL を作成します。そのウェブ ACL を CloudFront ディストリビューションに関連付けます。新しいルールグループに基づいてトラフィックを許可するルールを追加します。,FALSE,本社のIPアドレス範囲に一致するAWS WAF IPアドレスセットを作成します。デフォルトのアクションを「許可」に設定した新しいウェブACLを作成します。このウェブACLをCloudFrontディストリビューションに関連付けます。IPアドレスセットからのトラフィックを許可するルールを追加します。,FALSE,新しい正規表現パターンセットを作成します。この正規表現パターンセットを新しいルールグループに追加します。既存のWeb ACLのデフォルトアクションを「許可」に設定します。この正規表現パターンセットに基づいてトラフィックを許可する、優先度0のルールを追加します。,FALSE,本社のIPアドレス範囲に一致するWAF IPアドレスセットを作成します。既存のWeb ACLのデフォルトアクションを「ブロック」に設定します。IPアドレスセットからのトラフィックを許可する優先度0のルールを追加します。,TRUE,,,,,"ChatGPT:

答え：D

理由

目的は「本社の既知IPだけ許可し、それ以外を拒否」。最小手間は、既存のWeb ACLをそのまま使い、

本社IPレンジの WAF IPセット を作成

既存Web ACLのデフォルトアクションを Block に変更

優先度0で IPセットを Allow するルール を追加

これで「許可リスト方式（Allow-list）」になり、本社以外はデフォルトで遮断。

A/C は正規表現で不適、B はデフォルトAllowのため他IPも通ってしまいます。",,,2025-11-21
DOP-C02-Q341,"ある企業が、同じAWSアカウントで複数のアプリケーションを運用しています。これらのアプリケーションはAmazon CloudWatchにログを送信します。

データ分析チームは、アプリケーションからパフォーマンスメトリクスとカスタムメトリクスを収集する必要があります。また、メトリクスデータをAmazon S3バケットに保存する前に変換する必要があります。さらに、CloudWatch名前空間に追加された新しいメトリクスを自動的に収集する必要があります。

これらの要件を、運用オーバーヘッドを最小限に抑えながら満たすソリューションはどれでしょうか？",FALSE,アプリケーションとCloudWatch名前空間からのメトリクスを含めるようにCloudWatchメトリクスストリームを設定します。メトリクスストリームがAmazon Data Firehose配信ストリームにメトリクスを配信するように設定します。Firehose配信ストリームがAWS Lambda関数を呼び出してデータを変換するように設定します。変換されたデータをS3バケットに送信するよう配信ストリームを設定します。,FALSE,CloudWatch メトリクスストリームを設定し、すべてのメトリクスを Amazon Data Firehose 配信ストリームに配信します。Firehose 配信ストリームを設定して、AWS Lambda 関数を呼び出してデータを変換します。配信ストリームを設定して、変換されたデータを S3 バケットに送信します。,TRUE,CloudWatch ログのメトリクスフィルターを設定してカスタムメトリクスを作成します。アプリケーションメトリクスを S3 バケットに配信するように CloudWatch メトリクスストリームを設定します。,FALSE,アプリケーションロググループのサブスクリプションフィルターを設定し、Amazon Data Firehose 配信ストリームをターゲットにします。Firehose 配信ストリームが AWS Lambda 関数を呼び出してデータを変換するように設定します。変換されたデータを S3 バケットに送信するよう配信ストリームを設定します。,FALSE,,,,,"答え：B

理由

CloudWatch メトリクスストリーム → Firehose →（Lambda 変換）→ S3 が最小運用で要件を満たす定石です。

メトリクスストリームは 選択したネームスペースに新規メトリクスが追加されても自動で取り込みます（“All metrics”にしておけば取りこぼしなし）。

Firehose の Lambda 変換で保存前に任意の整形・マスキング・スキーマ変換が可能。

ログベースのサブスクリプションやメトリクスフィルター（C/D）は“ログ→メトリクス化”が主で運用が増えがち、取りこぼしや拡張時の手間も増えます。",,,2025-11-21
DOP-C02-Q342,"ある企業は、HPC プラットフォームを使用してデータ分析ジョブを実行しています。AWS CodeBuild を使用してコンテナイメージを作成し、Amazon Elastic Container Registry (Amazon ECR) に保存します。その後、これらのイメージは Amazon Elastic Kubernetes Service (Amazon EKS) にデプロイされます。

コンプライアンスを維持するために、Amazon EKS にデプロイする前に、イメージが署名されていることを確認する必要があります。署名キーは定期的にローテーションし、自動的に管理する必要があります。また、署名を生成したユーザーを追跡する必要もあります。

これらの要件を、運用上の労力を最小限に抑えて満たすソリューションはどれでしょうか？",FALSE,CodeBuild を使用して、Amazon ECR にプッシュされたイメージを取得します。AWS Signer を使用してイメージに署名します。AWS CloudTrail を使用して、署名を生成したユーザーを追跡します。,TRUE,AWS Lambda を使用して、Amazon ECR にプッシュされたイメージを取得します。Lambda 関数を使用してイメージに署名します。Amazon CloudWatch を使用して、署名を生成したユーザーを追跡します。,FALSE,AWS Lambda を使用して、Amazon ECR にプッシュされたイメージを取得します。AWS Signer を使用してイメージに署名します。Amazon CloudWatch を使用して、署名を生成したユーザーを追跡します。,FALSE,CodeBuild を使用してイメージをビルドします。Amazon ECR にプッシュする前に、AWS Signer を使用してイメージに署名します。AWS CloudTrail を使用して、署名を生成したユーザーを追跡します。,FALSE,,,,,"答え：A
理由

AWS Signer は ECR のコンテナイメージ署名をネイティブ対応。AWS 管理キーを使えば自動キー回転が有効で、鍵運用の手間が最小です。

署名の実行者は AWS CloudTrail で追跡可能（StartSigningJob 等のイベント）。

一般的なフローは CodeBuildでビルド→ECRへプッシュ→Signerで署名。Signer は ECR 上のイメージ（ダイジェスト）に対して署名し、署名アーティファクトは ECR に保存されます。

D（プッシュ前に署名）は ECR 連携のワークフローと合いにくく、B/C は Lambda を挟んで運用を複雑化します。",,,2025-11-21
DOP-C02-Q343,"ある企業は、社内で開発したPythonパッケージをAWS CodeArtifactリポジトリに保存しています。DevOpsエンジニアは、AWS CodeDeployを使用してAmazon EC2インスタンスにアプリケーションをデプロイする必要があります。アプリケーションは、CodeArtifactリポジトリに保存されているPythonパッケージを使用します。BeforeInstallライフサイクルイベントフックによってパッケージがインストールされます。DevOps

エンジニアは、EC2インスタンスにCodeArtifactリポジトリへのアクセスを許可する必要があります。

この要件を満たすソリューションはどれでしょうか？",FALSE,CodeArtifact 用のサービスにリンクされたロールを作成します。ロールを EC2 インスタンスに関連付けます。インスタンスで aws codeartifact get-authorization-token CLI コマンドを使用します。,FALSE,EC2 インスタンスプリンシパルの ReadFromRepository アクションを許可する CodeArtifact リポジトリのリソースベースのポリシーを設定します。,FALSE,CodeArtifact リポジトリで ACL を設定し、EC2 インスタンスが Python パッケージにアクセスできるようにします。,FALSE,CodeArtifact にアクセスできる IAM ロールを含むインスタンスプロファイルを作成します。インスタンスプロファイルを EC2 インスタンスに関連付けます。インスタンスで aws codeartifact login CLI コマンドを使用します。,TRUE,,,,,"答え：D
理由

EC2 から CodeArtifact へアクセスする正攻法は、IAMロール付きのインスタンスプロファイルをアタッチし、そのロールに codeartifact:GetAuthorizationToken / codeartifact:GetRepositoryEndpoint / codeartifact:ReadFromRepository などの権限を付与して、aws codeartifact login（--tool pip）でトークン設定→pip install 実行です。

A：サービスリンクロールは CodeArtifact サービス用で、EC2 にアタッチしません。

B：リソースポリシーだけでは EC2インスタンスプリンシパルに直接付与できず、結局ロールが必要。

C：CodeArtifactにACLはありません。",,,2025-11-21
DOP-C02-Q344,ある企業では、Amazon EC2 インスタンス上で動作するデータベースにファイルを保存するファイル読み取りアプリケーションを使用しています。規制により、毎日特定の時間に EC2 インスタンスからファイルを削除することが義務付けられています。また、60 日以上経過したデータベースレコードを削除する必要があります。 データベースレコードの削除は、ファイルの削除後に実行する必要があります。ファイルとデータベースレコードを削除するためのスクリプトを作成しました。削除スクリプトの実行に失敗した場合、メールで通知を受け取る必要があります。 これらの要件を、開発工数を最小限に抑えて満たすソリューションはどれでしょうか？,FALSE,AWS Systems Manager State Manager を使用して、毎日指定された時間に Systems Manager Automation ドキュメントを自動的に呼び出します。Automation ドキュメントで、run コマンドを使用して削除スクリプトを順番に実行するように設定します。Amazon EventBridge ルールを作成し、Amazon Simple Notification Service (Amazon SNS) を使用して会社に障害通知を送信します。,TRUE,AWS Systems Manager State Manager を使用して、毎日指定された時間に Systems Manager Automation ドキュメントを自動的に呼び出します。Automation ドキュメントで、run コマンドを使用して削除スクリプトを順番に実行するように設定します。Automation ドキュメント内に、エラーチェックの最終ステップとして条件文を作成します。Amazon Simple Email Service (Amazon SES) を使用して、失敗通知をメールメッセージとして会社に送信します。,FALSE,指定された時間にAWS Lambda関数を呼び出すAmazon EventBridgeルールを作成します。Lambda関数のリソースベースポリシーに、呼び出しに必要な権限を追加します。Lambda関数が削除スクリプトを順番に実行するように設定します。また、Amazon Simple Notification Service (Amazon SNS) を使用して会社に失敗通知を送信するようLambda関数を設定します。,FALSE,指定された時間にAWS Lambda関数を呼び出すAmazon EventBridgeルールを作成します。Lambda関数のリソースベースポリシーに、呼び出しに必要な権限を追加します。削除スクリプトを順番に実行するようにLambda関数を設定します。Amazon Simple Email Service (Amazon SES) を使用して、失敗通知をメールメッセージとして会社に送信するようにLambda関数を設定します。,FALSE,,,,,"答え：A
理由

既にEC2上にある削除スクリプトをそのまま使い、SSM Automation → RunCommandで順番実行（「ファイル→DB」）を簡単に担保できます。

State Managerで毎日指定時刻にAutomationドキュメントを起動でき、運用オーバーヘッドが最小。

Automationの失敗イベントをEventBridge→SNSに流せば、失敗時メール通知をコード最小で実装可能。

C/DはLambdaでEC2内のスクリプト実行に追加実装が必要、BはSES設定が余計で手間増です。",,,2025-11-21
DOP-C02-Q345,"ある企業は、AWS Organizations で組織を使用しており、AWS アカウントの管理に必要なすべての機能が有効になっています。Amazon EQ インスタンスは AWS アカウントで実行されています。

この企業では、現在使用しているすべての EC2 インスタンスでインスタンスメタデータサービス バージョン 2 (IMDSv2) を使用することを義務付けています。また、IMDSv2 を使用していない EC2 インスタンスからの AWS API 呼び出しをブロックする必要があります。

これらの要件を満たすソリューションはどれでしょうか？",FALSE,ec2:MetadataHttpTokens 条件キーが required の値と等しくない場合に ec2:RunInstances アクションを拒否する新しい SCP ステートメントを作成します。この SCP を組織のルートにアタッチします。,TRUE,ec2:MetadataHttpPutResponseHopLimit 条件キーの値が 2 より大きい場合に ec2:RunInstances アクションを拒否する新しい SCP ステートメントを作成します。この SCP を組織のルートにアタッチします。,FALSE,ec2:RoleDelivery 条件キーの値が 2 未満の場合に「*」を拒否する新しい SCP ステートメントを作成します。この SCP を組織のルートにアタッチします。,FALSE,ec2:MetadataHttpTokens 条件キーの値が required と等しくない場合に拒否する新しい SCP ステートメントを作成します。この SCP を組織のルートにアタッチします。,FALSE,,,,,"答え：A

理由

IMDSv2必須化は、SCPで ec2:RunInstances を ec2:MetadataHttpTokens = required でない起動を拒否するのが定石です。これにより新規起動インスタンスは必ずIMDSv2のみ許可になります。

IMDSv2必須のインスタンスは IMDSv1で一時認証情報を取得できないため、IMDSv1しか使わないワークロードのAWS API 呼び出しは実質的に失敗（資格情報が取れない）し、要件を満たします。

B（HopLimit）は無関係、C/D は誤った条件キー/作用範囲で、意図せず広範に拒否する恐れがあります。",,,2025-11-21
DOP-C02-Q346,"DevOps チームは、Auto Scaling グループ内の多数の Amazon EC2 インスタンスで実行されるアプリケーションをサポートしています。DevOps チームは AWS CloudFormation を使用して EC2 インスタンスをデプロイしています。最近、アプリケーションで問題が発生しました。1 つのインスタンスがリクエストの大部分に対してエラーを返しました。EC2 インスタンスは、Amazon EC2 と Elastic Load Balancing の両方のヘルスチェックで正常と応答しました。DevOps

チームは、埋め込みメトリック形式を使用して Amazon CloudWatch でアプリケーションログを収集しています。すべてのエラーの半分以上がいずれかの EC2 インスタンスによるものである場合、DevOps チームはアラートを受信する必要があります。

これらの要件を、運用オーバーヘッドを最小限に抑えながら満たす手順の組み合わせはどれですか (2 つ選択してください)。",TRUE,インスタンス ID とエラーに基づいて CloudWatch アプリケーションログからのログをグループ化する CloudWatch Contributor Insights ルールを作成します。,TRUE,AWS リソースグループでリソースグループを作成します。CloudFormation スタックを使用して、アプリケーションのリソースをグループ化します。アプリケーションを CloudWatch Application Insights に追加します。リソースグループを使用してアプリケーションを識別し,FALSE,アプリケーションログに「エラー」という用語の発生回数をカウントするメトリクスフィルターを作成します。METRIC_COUNT関数を使用してエラーが発生したかどうかを判断するCloudWatchアラームを作成します。DevOpsチームに通知するために、Amazon Simple Notification Service (Amazon SNS)トピックに通知を送信するようにCloudWatchアラームを設定します。,FALSE,INSIGHT_RULE_METRIC 関数を使用して、EC2 インスタンスによって報告されるエラーの半分以上が特定のインスタンスによるものかどうかを判定する CloudWatch アラームを作成します。Amazon Simple Notification Service (Amazon SNS) トピックに通知を送信し、DevOps チームに通知するように CloudWatch アラームを設定します。,TRUE,アプリケーションログ用のCloudWatchサブスクリプションフィルターを作成し、エラーをフィルタリングしてAWS Lambda関数を呼び出します。Lambda関数を設定して、インスタンスIDとエラーをAmazon Simple Notification Service (Amazon SNS)トピックに通知し、DevOpsチームに通知します。,FALSE,,,"答え：A と D

A：CloudWatch Logs Contributor Insightsで、ログ（埋め込みメトリクス形式）をインスタンスID×エラーで集計するルールを作成すると、どのEC2がどれだけエラーを出しているかを自動集計できます。

D：Contributor Insights ルールの結果は INSIGHT_RULE_METRIC としてメトリクス化できるので、「全エラーのうち特定インスタンスの占有率が50％超」を条件に CloudWatch アラームを作成し、SNS通知でアラートできます。

C/Eは総エラー数や都度のLambda処理になり、**“特定インスタンスが半分超”**という割合検知を低オーバーヘッドで満たせません。Bは過剰。",,,2025-11-21
DOP-C02-Q347,"ある企業は、AWS CloudFormation を使用してアプリケーション環境のデプロイを行っています。最近、既存の CloudFormation スタックを更新した際に、デプロイに失敗しました。DevOps エンジニアは、スタック内の一部のリソースが手動で変更されていることを発見しました。DevOps エンジニアは、リソースの手動変更を検知し、DevOps リーダーにアラートを送信するソリューションを必要としています。

これらの要件を、運用上の労力を最小限に抑えて満たすソリューションはどれでしょうか？",FALSE,Amazon Simple Notification Service (Amazon SNS) トピックを作成します。DevOps リーダーをメールアドレスでトピックにサブスクライブします。CLOUDFORMATION_STACK_DRIFT_DETECTION_CHECK 識別子を持つ AWS Config マネージドルールを作成します。NON_COMPLIANT ステータスのリソースで呼び出される Amazon EventBridge ルールを作成します。ルールのターゲットとして SNS トピックを設定します。,TRUE,すべての CloudFormation リソースに特定のタグを付与します。AWS Config ルール開発キットライブラリ (RDKlib) を使用して、特定のタグが付与されたすべてのリソース変更をチェックする AWS Config カスタムルールを作成します。カスタムルールは、CloudFormation によって変更が行われていない場合、タグ付けされたすべてのリソース変更を NON_COMPLIANT としてマークするように設定してください。NON_COMPUANT ステータスのリソースで呼び出される Amazon EventBridge ルールを作成します。DevOps リーダーにメールメッセージを送信する AWS Lambda 関数を作成します。この Lambda 関数をルールのターゲットとして設定します。,FALSE,Amazon Simple Notification Service (Amazon SNS) トピックを作成します。DevOps リーダーをメールアドレスでトピックにサブスクライブします。CLOUDFORMATION_STACK_DRIFT_DETECTION_CHECK 識別子を持つ AWS Config マネージドルールを作成します。COMPLIANT リソースステータスで呼び出される Amazon EventBridge ルールを作成します。ルールのターゲットとして SNS トピックを設定します。,FALSE,CLOUDFORMATION_STACK_DRIFT_DETECTION_CHECK 識別子を持つ AWS Config マネージドルールを作成します。リソースのステータスが NON_COMPLIANT の場合に呼び出される Amazon EventBridge ルールを作成します。DevOps リーダーにメールを送信する AWS Lambda 関数を作成します。この Lambda 関数をルールのターゲットとして設定します。,FALSE,,,,,"答え：A

理由

手動変更＝ドリフト検知は、AWS Configのマネージドルール CLOUDFORMATION_STACK_DRIFT_DETECTION_CHECK が最短距離。

NON_COMPLIANT になったときに EventBridge → SNS で通知すれば、余計な Lambda 実装なしでメール配信まで完結。

B/D はカスタム実装や Lambda が不要なぶん運用オーバーヘッドが増える。C は COMPLIANT で通知してしまい要件と逆。",,,2025-11-21
DOP-C02-Q348,"DevOpsエンジニアは、AWS Control Towerを使用して複数のAWSアカウントをデプロイし、社内のさまざまなビジネス、技術、管理部門をサポートしています。セキュリティチームは、DevOpsエンジニアに会社のAWS Control Towerガードレールを自動化してもらう必要があります。ガードレールは、AWS Organizations内の会社の組織のOU内のすべてのアカウントに適用する必要があります。

セキュリティチームは、バージョン管理機能を備え、必要に応じてレビューとロールバックが可能なソリューションを必要としています。セキュリティチームは、OU内でソリューションの管理を維持します。セキュリティチームは、許可されるガードレールの種類を制限し、セキュリティチームが承認した新しいガードレールのみを許可したいと考えています。

これらの要件を最も効率的に満たすソリューションはどれでしょうか？",FALSE,ガードレールに沿った個別のAWS CloudFormationテンプレートを作成します。テンプレートはAWS CodeCommitリポジトリに保存します。組織内の各OUに対して、テンプレート内にAWS::ControlTower::EnableControl論理リソースを作成します。セキュリティチームのAWS CodeCommitの変更に対してAmazon EventBridgeルールが呼び出すAWS Code Buildプロジェクトを設定します。,FALSE,ガードレールに沿った個別のAWS CloudFormationテンプレートを作成します。テンプレートはAWS CodeCommitリポジトリに保存します。組織内の各アカウントのテンプレートに、AWS::ControlTower::EnableControl論理リソースを作成します。セキュリティチームのアカウントでAWS CodePipelineパイプラインを設定します。セキュリティチームに、パイプラインを起動し、開始時に以下のパラメータを指定するように指示します。,FALSE,ガードレールに沿った個別のAWS CloudFormationテンプレートを作成します。テンプレートはAWS CodeCommitリポジトリに保存します。組織内の各OUに対して、テンプレート内にAWS::ControlTower::EnableControl論理リソースを作成します。セキュリティチームのアカウントにAWS CodePipelineパイプラインを設定し、Amazon EventBridgeルールがセキュリティチームのCodeCommitの変更に対して呼び出すようにします。,TRUE,セキュリティチームのアカウントで、Amazon EventBridge ルールが Amazon S3 バケットへの PutObject イベントに対して呼び出す AWS CodePipeline パイプラインを設定します。ガードレールに準拠した個別の AWS CloudFormation テンプレートを作成します。テンプレートは S3 バケットに保存します。組織内の各 OU に対して、テンプレート内に AWS::ControlTower::EnableControl 論理リソースを作成します。,FALSE,,,,,"答え：C
理由
ガードレール（Control Towerのコントロール）はOU単位で有効化するのが正道 → テンプレート内で AWS::ControlTower::EnableControl を OU ごとに作成するのが適切。

CodeCommit + CodePipeline による Git ベースの運用で、バージョン管理・レビュー（ブランチ/PR）・ロールバックが容易。

EventBridge→CodePipeline の自動トリガーで、承認後のみデプロイ（手動承認ステップも配置可）＝「承認済みの新しいガードレールのみ」を反映する体制に合致。

A は CodeBuild 単体でデリバリー設計が弱い、B はアカウント単位での有効化という誤り、D は S3 での管理でレビュー/版管理の運用性が低い。",,,2025-11-21
DOP-C02-Q349,"ある企業が Amazon Elastic Kubernetes Service (Amazon EKS) でウェブアプリケーションを運用しています。アプリケーション配信には Amazon CloudFront を使用しています。最近、AWS WAF を有効化しました。Amazon CloudWatch Logs を設定して、aws-waf-logs ロググループにログを送信しています。

ブロックされたトラフィックに突然の変化があった場合に、DevOps エンジニアがアラートを受信できるようにしたいと考えています。AWS WAF ログの動作にその他の変化があった場合のアラートは受信したくないと考えています。AWS WAF ルールは今後調整していく予定です。DevOps

エンジニアは現在、環境内の Amazon Simple Notification Service (Amazon SNS) トピックをサブスクライブしています。

これらの要件を満たすソリューションはどれでしょうか？",FALSE,AWS WAF ロググループでブロックされたリクエストを対象とする CloudWatch Logs メトリクスフィルターを作成し、カスタムメトリクスを作成します。CloudWatch 異常検出機能と公開されたカスタムメトリクスを使用して、CloudWatch アラームを作成します。SNS トピックに通知して DevOps エンジニアに警告するようにアラームを設定します。,TRUE,ロググループ用の CloudWatch 異常検出機能を作成します。CloudWatch 異常検出機能が発行するメトリクスを使用して、CloudWatch アラームを作成します。LogAnomalyPriority メトリクスには高い設定を使用します。1 回の異常検出という静的しきい値を超えた場合にアラーム状態になるようにアラームを設定します。DevOps エンジニアにアラートを送信するよう、SNS トピックに通知するようアラームを設定します。,FALSE,AWS WAF ロググループでカウントされたリクエストを対象とする CloudWatch メトリクスフィルターを作成し、カスタムメトリクスを作成します。カスタムメトリクスでブロックされたリクエストの合計数が、1 時間あたりのブロックリクエスト許容数の静的推定値を超えた場合にアクティブになる CloudWatch アラームを作成します。アラームは、SNS トピックに通知され、DevOps エンジニアに通知されるように設定します。,FALSE,ロググループ用の CloudWatch 異常検出機能を作成します。CloudWatch 異常検出機能が発行するメトリクスを使用して、CloudWatch アラームを作成します。LogAnomalyPriority メトリクスには「中」の設定を使用します。1 時間における異常の合計が予想値を超えた場合にアラーム状態になるように設定します。DevOps エンジニアにアラートを送信するよう、SNS トピックに通知するようにアラームを設定します。,FALSE,,,,,"答え：A

理由（要点）

目的は「ブロックされたトラフィックの急変だけ」を検知すること。

Aは WAF ログ（aws-waf-logs）に対して「blocked リクエストだけ」を拾うCloudWatch Logs メトリクスフィルター→カスタムメトリクスを作成し、そのメトリクスにCloudWatch Anomaly Detectionを適用して異常な変化（急増/急減）を検出、SNSで通知する構成。

これにより、WAF ルールの調整で基準値が変動しても（季節性/トラフィック傾向の変化）、異常検知のバンドが自動学習され、静的なしきい値の再調整が不要。また対象を「blocked の数」に限定するため、他のログパターン変化でノイズ通知が来ない。

他選択肢が不適な理由

B / D：CloudWatch Logs のログ異常検知はメッセージパターンの異常（新規エラー文言など）に反応するため、ブロック数の急変に特化しない。意図しないノイズが増える。

C：静的しきい値は、WAF ルール調整や通常のトラフィック変動に追随できず、誤検知/検知漏れの原因に。",,,2025-11-21
DOP-C02-Q350,"ある動画プラットフォーム企業が、動画カタログを AWS に移行しています。同社は、MP4 動画ファイルを Amazon S3 バケットでホストします。動画ファイルの提供には、Amazon CloudFront と Amazon EC2 インスタンスを使用します。

ユーザーはまず、動画 URL にリダイレクトするフロントエンドアプリケーションに接続します。動画 URL には、CloudFront の認証トークンが含まれています。キャッシュは CloudFront ディストリビューションでアクティブ化されます。認証トークンのチェックアクティビティは、Amazon CloudWatch に記録する必要があります。

同社は、CloudFront および Amazon S3 上の動画ファイルへの直接アクセスを防ぎ、フロントエンドアプリケーションが提供する認証トークンのチェックを実装したいと考えています。また、認証トークンの署名をチェックするコードを定期的にローリングアップデートしたいと考えています。

これらの要件を、運用上の労力を最小限に抑えて満たすソリューションはどれでしょうか。",FALSE,CloudFront ディストリビューションのトリガーとして、Lambda@Edge に認可トークンチェックを実装します。Lambda@Edge 関数の CloudWatch ログを有効にします。Lambda@Edge 関数を CloudFront ディストリビューションにアタッチします。更新を実行するために、CloudFront の継続的デプロイを実装します。,FALSE,CloudFront Functions に認可トークンチェックを実装します。CloudFront 関数の CloudWatch ログを有効にします。CloudFront 関数を CloudFront ディストリビューションにアタッチします。更新を実行するために、CloudFront の継続的デプロイを実装します。,TRUE,EC2 インスタンスにインストールされたアプリケーションコードに認証トークンチェックを実装します。EC2 インスタンスに CloudWatch エージェントをインストールします。アプリケーションが CloudWatch エージェントにログを記録するように設定します。2 つ目の CloudFront ディストリビューションを実装します。Amazon Route 53 の加重ルーティングを使用して、最初の CloudFront ディストリビューションからのトラフィックを移行します。,FALSE,CloudFront Functions に認可トークンチェックを実装します。CloudFront 関数の CloudWatch ログ記録を有効にします。CloudFront 関数を CloudFront ディストリビューションにアタッチします。2 つ目の CloudFront ディストリビューションを実装します。Amazon Route 53 の加重ルーティングを使用して、最初の CloudFront ディストリビューションからのトラフィックを移行します。,FALSE,,,,,"答え：B
理由
トークン検証はViewer Requestでの超軽量処理が最適 → CloudFront Functionsで実装すると、低レイテンシ/低コストかつ運用がシンプル。

CloudWatch Logsへの関数ログ出力が可能なので、トークン検証アクティビティの記録要件を満たす。

CloudFront の継続的デプロイ（Continuous Deployment）で、関数コードや関連設定の段階的ロールアウト/ロールバックが簡単に実施でき、更新運用の負担が最小。

直接アクセス防止は併せてS3 の OAC（Origin Access Control）+ バケットポリシー、および関数で不正トークンは即 403にすることで実現（選択肢外の補足だが一般的ベストプラクティス）。

他案が劣る点
A（Lambda@Edge）：より重くデプロイ/更新運用も煩雑。軽量なトークン検証には過剰。
C/D（別配信 + Route 53 重み付け）：継続的デプロイ機能で代替可能。構成が無駄に複雑。",,,2025-11-21
DOP-C02-Q351,"ある企業は、AWS Organizations 内の組織を使用して、複数の AWS アカウントを階層構造で管理しています。組織のルートに関連付けられた SCP により、IAM ユーザーを作成できます。DevOps

チームは、あらゆるレベルの権限を持つ IAM ユーザーを作成できる必要があります。開発者も IAM ユーザーを作成できる必要があります。ただし、開発者は新しい IAM ユーザーに過剰な権限を付与することはできません。開発者は各アカウントで CreateAndManageUsers ロールを持ちます。DevOps チームは、他のユーザーによる IAM ユーザーの作成を禁止できる必要があります。

これらの要件を満たす手順の組み合わせはどれですか (2 つ選択してください)。",TRUE,組織内に SCP を作成し、ユーザーによる IAM ユーザーの作成と変更権限を付与しません。SCP を組織のルートにアタッチします。開発者には CreateAndManageUsers ロールをアタッチします。,FALSE,組織内に SCP を作成し、DeveloperBoundary ポリシーがアタッチされているユーザーに、新しい IAM ユーザーの作成と変更の権限を付与します。SCP を設定して、新しい IAM ユーザーに PermissionBoundaries ポリシーをアタッチすることを必須にします。SCP を組織のルートにアタッチします。,TRUE,各アカウントに「PermissionBoundaries」という名前のIAM権限ポリシーを作成します。開発者が新しいIAMユーザーに付与できる権限の上限を指定するには、PermissionBoundariesポリシーを設定します。,FALSE,各アカウントに「PermissionBoundaries」という名前のIAM権限ポリシーを作成します。PermissionBoundariesポリシーを持つユーザーが新しいIAMユーザーを作成できるように、PermissionsBoundariesを設定します。,FALSE,各アカウント内に「DeveloperBoundary」というIAM権限ポリシーを作成します。DeveloperBoundaryポリシーを設定して、開発者がIAMユーザーを作成し、PermissionBoundariesポリシーを権限境界として指定した場合にのみIAMユーザーにポリシーを割り当てられるようにします。DeveloperBoundaryポリシーを各アカウントのCreateAndManageUsersロールにアタッチします。,TRUE,,,"答え：B と E

理由（要点）

開発者にもユーザー作成を許可しつつ過剰権限を付与させないには、**権限境界（Permissions Boundary）**を必須にする設計が定石。

E：各アカウントに開発者用の DeveloperBoundary を作成し、開発者が使う CreateAndManageUsers ロールにこの境界を適用。境界内でのみ iam:CreateUser やポリシー付与を許可し、さらに iam:PermissionsBoundary 条件で「新規ユーザーには所定の PermissionBoundaries を必ず指定する」ことを強制できます。

B：組織の SCP で、新規ユーザー作成・変更時に所定の Permissions Boundary を必須にします。これにより開発者が境界なしで強権ユーザーを作る抜け道を防止。併せて SCP 側で許可主体を（DevOps ロール／CreateAndManageUsers ロール等に）制限することで、他のユーザーからの作成を禁止できます。

A は一律拒否で開発者も作成できなくなる恐れ。
C/D は境界ポリシーの作成に留まり、境界の“必須化”や他主体の作成禁止まで担保できません。",,,2025-11-21
DOP-C02-Q352,"ある企業は、AWS Organizations 構造と SCP が明確に定義されたランディングゾーンをデプロイしました。この企業の開発チームは、AWS CloudFormation と AWS Cloud Development Kit (AWS CDK) のみを使用して AWS リソースを作成できます。DevOps

エンジニアは、異なる CloudFormation スタックにデプロイされた Amazon Simple Queue Service (Amazon SQS) キューの設定が異なることに気づきました。また、アプリケーションのコスト配分タグが常に設定されているわけではないことにも気づきました。DevOps エンジニアは、

タグ付けを強制し、コードの再利用を促進するソリューションを必要としています。DevOps エンジニアは、デプロイされた SQS キューの設定が異なることを避ける必要があります。

これらの要件を満たすために、DevOps エンジニアは何をすべきでしょうか?",FALSE,CloudFormation スタックにコスト配分タグを適用するための Organizations タグポリシーを作成します。開発チームに、CloudFormation を使用して SQS キューを定義するよう指示します。開発チームに、CloudFormation StackSets を使用して SQS キューをデプロイするよう指示します。,FALSE,SCP を更新して、CloudFormation スタックにコスト配分タグを適用します。開発チームに、CloudFormation モジュールを使用して SQS キューを定義するよう指示します。開発チームに、CloudFormation スタックを使用して SQS キューをデプロイするよう指示します。,TRUE,AWS CDK のタグ付けを使用して、CloudFormation StackSets でコスト配分タグを適用します。開発チームに、AWS CDK を使用して SQS キューを定義するよう指示します。開発チームに、CDK スタックを使用して SQS キューをデプロイするよう指示します。,FALSE,AWS CDK のタグ付けを使用して、CloudFormation スタックにコスト配分タグを適用します。開発チームに、AWS CDK を使用して SQS キューを定義するよう指示します。開発チームに、CDK の機能フラグを使用して SQS キューをデプロイするよう指示します。,FALSE,,,,,"✅ 正解：B

🔍 理由
この問題のポイントは以下の3つです：
「CloudFormation と CDK 以外禁止」 → インフラは IaC で統一運用
「タグ付けを強制」 → コスト配分タグの一貫性を自動で適用
「SQS キューの設定を統一・再利用」 → 再利用可能な IaC コンポーネント化が必要

🧩 各選択肢の検証
A. Organizations タグポリシー + StackSets
タグポリシーは「タグキー・値のガイドライン」は示せるが、強制的な適用はできない。
StackSets はマルチアカウント・マルチリージョン展開には有効だが、個々の開発チームの再利用促進や設定統一には過剰。
❌ → タグ強制が不十分、SQS の定義統一にも寄与しない。

B. SCP + CloudFormation モジュール
SCP により CloudFormation 経由以外でリソースを作れないよう制御（すでに実施済み前提）し、
→ さらに「CloudFormation スタックでタグ必須」を強制可能。
CloudFormation モジュール は再利用可能なテンプレート化構成（SQS の設定統一が容易）。
→ 開発チームは 統一された SQS 定義 をモジュールとして使うだけで済む。
✅ → タグ付け強制 + 再利用促進 + 設定統一 を最も自然に実現。

C. CDK + StackSets
CDK タグ付けは便利だが、「すべての CloudFormation に強制適用」はできない。
StackSets は OU 跨ぎ配備用であり、個別チーム単位のリソース再利用には向かない。
❌ → 過剰設計。要件の “タグ強制” にも届かない。

D. CDK + 機能フラグ
CDK 機能フラグ（feature flags）は開発時の挙動切替であり、
→ SQS 設定の統一やタグ強制には無関係。
❌ → タグ統一・ガバナンス要件を満たさない。

🏁 結論
タグ付けを強制SCP + CloudFormation スタックレベルの制約コスト配分タグ未設定をブロック可能再利用と統一CloudFormation モジュール一貫した SQS 設定をコード化運用負荷最小IaCで自動適用手作業なく継続管理可能

✅ 最終回答：B
「SCP を更新して CloudFormation スタックにタグを強制し、SQS を CloudFormation モジュールで統一定義」
→ 最も運用効率が高く、ガバナンス／再利用／コスト管理の全要件を満たします。",,,2025-11-21
DOP-C02-Q353,"DevOpsチームが企業のAWSアカウントを管理しています。企業は、特定のAWSリソース設定の変更が自動的に元に戻されるようにしたいと考えています。

この要件を満たすソリューションはどれでしょうか？",FALSE,AWS Configルールを使用して、リソース設定の変更を検出します。AWS Systems Manager Automationドキュメントを使用して設定変更を元に戻す修復アクションを設定します。,TRUE,Amazon CloudWatch アラームを使用してリソースメトリクスを監視します。アラームがアクティブ化されたら、Amazon Simple Notification Service (Amazon SNS) トピックを使用して管理者に通知し、設定変更を手動で元に戻すように指示します。,FALSE,AWS CloudFormation を使用して、必要な設定変更をデプロイするスタックを作成します。設定変更を元に戻す必要がある場合は、スタックを更新します。,FALSE,AWS Trusted Advisor を使用して、コンプライアンス違反の設定がないか確認します。Trusted Advisor の推奨事項に基づいて、必要な変更を手動で適用します。,FALSE,,,,,"✅ 正解：A

🔍 理由（詳細解説）
要件は明確です：
「特定のAWSリソース設定の変更が自動的に元に戻されるようにしたい」

つまり必要なのは：
設定変更の検出（ドリフト検知）

自動修復（自動ロールバック）

各選択肢の検証
A. AWS Config + Systems Manager Automation
✅ 最適解
AWS Config ルールでリソース構成の変更を検出（例：S3バケットのパブリックアクセス、SGポート開放など）。

自動修復アクションとして AWS Systems Manager Automation Runbook（例：AWS-DisablePublicAccessForS3Bucket） を呼び出すことで、
→ 設定を自動的に元の準拠状態に戻すことができる。

完全自動化 + 運用オーバーヘッド最小。

B. CloudWatch アラーム + SNS + 手動対応
❌ 通知だけで自動復元なし。
→ 手動での対応が必要なため「自動的に元に戻す」要件を満たさない。

C. CloudFormation スタック更新
❌ CloudFormation は再デプロイやスタック更新の自動トリガーがない。
→ 設定ドリフト検知・自動修復はConfigと連携しない限り不可。

D. Trusted Advisor
❌ Trusted Advisor は推奨事項通知のみで、自動修復機能はなし。
→ 手動での対応が必要。

🏁 結論
要件        ソリューション        自動化レベル        評価
設定変更の検出        AWS Config        高        ✅
自動ロールバック        Systems Manager Automation        高        ✅
手動運用        CloudWatch / Trusted Advisor        中〜低        ❌

✅ 最終回答：A. AWS Configルール + Systems Manager Automation ドキュメントによる自動修復",,,2025-11-21
DOP-C02-Q354,"ある企業がAWSアカウントでアプリケーションをホストしています。このアプリケーションは、機密情報を含むオブジェクトをAmazon S3バケットに保存しています。

この企業は、無効な認証情報を使用して行われたために拒否された呼び出しも含め、オブジェクトレベルのS3 API呼び出しをキャプチャする必要があります。

これらの要件を満たすソリューションはどれでしょうか？",FALSE,アカウントにAWS CloudTrailの証跡を作成します。S3データイベントのログ記録を有効にします。Amazon CloudWatchにログを記録するように証跡を設定します。,FALSE,新しいS3バケットを作成します。アプリケーションのS3バケットにアクセスログを設定します。アクセスログを新しいS3バケットに配信します。,TRUE,アカウントに対してS3保護を有効にしたAmazon GuardDutyを設定します。S3バケットに関連付けられた検出結果に一致するAmazon EventBridgeルールを作成します。Amazon Simple Queue Service (Amazon SQS)キューをターゲットとして使用するようにルールを設定します。,FALSE,アカウントにAWS CloudTrailの証跡と新しいS3バケットを作成します。証跡が新しいS3バケットにログを記録するように設定します。,FALSE,,,,,"答え：B

理由：

CloudTrail の S3 データイベントは、認証済み API 呼び出し（成功/アクセス拒否）を追跡できますが、無効な認証情報（例：署名不一致・匿名リクエスト）による失敗リクエストは記録されないことがあります。

S3 サーバーアクセスログ（バケットアクセスログ）は、オブジェクトレベルのリクエストを網羅的に記録し、401/403 を含む失敗や匿名アクセス、無効な認証情報のリクエストも記録対象です。
→ 監査要件「無効な認証情報を含むオブジェクトレベルの API 呼び出しをキャプチャ」に適合。

よって、**対象バケットにアクセスログを有効化し、別バケットへ配信（B）**が最適です。",,,2025-11-21
DOP-C02-Q355,"DevOps 管理者は、会社の Amazon CloudWatch Logs ロググループのセキュリティ管理を担当しています。会社のセキュリティポリシーでは、従業員 ID は、権限のある担当者以外はログに表示できないようにする必要があります。従業員 ID は Emp-XXXXXX の形式 (X は数字) です。

監査の結果、従業員 ID が 1 つのログファイルに存在することが判明しました。エンジニアはこのログファイルにアクセスできますが、従業員 ID を表示する権限がありません。エンジニアは現在、アカウント内のすべてのリソースに対して logs:* を許可する AWS IAM Identity Center 権限を持っています。

管理者は、従業員 ID を含む新しいログエントリが権限のない担当者に表示されないように、従業員 ID をマスクする必要があります。

これらの要件を最も効率的に満たすソリューションはどれでしょうか。",FALSE,"ロググループに新しいデータ保護ポリシーを作成します。Emp-\d{6}カスタムデータ識別子設定を追加します。リソースに対するAction"":""logs:Unmask""権限に拒否アクションを含むIAMポリシーを作成します。このポリシーをエンジニアリングアカウントにアタッチします。",TRUE,"ロググループに新しいデータ保護ポリシーを作成します。個人データカテゴリにマネージドデータ識別子を追加します。リソースに対する「NotAction"":""logs:Unmask""」権限に拒否アクションを含むIAMポリシーを作成します。このポリシーをエンジニアリングアカウントにアタッチします。",FALSE,ログファイルエントリを解析し、従業員IDを削除して結果を新しいログファイルに書き込むAWS Lambda関数を作成します。ロググループにLambdaサブスクリプションフィルターを作成し、Lambda関数を選択します。ロググループにlambda:InvokeFunction権限を付与します。,FALSE,Amazon S3 バケットを宛先とする Amazon Data Firehose 配信ストリームを作成します。Firehose 配信ストリームを使用するロググループに Firehose サブスクリプションフィルターを作成します。エンジニアリングアカウントの「logs:*」権限を削除します。Emp-\d{6} カスタム識別子を持つ Amazon Macie ジョブを S3 バケットに作成します。,FALSE,,,,,"答え：A

CloudWatch Logs のデータ保護ポリシーで、従業員IDの正規表現 Emp-\d{6} をカスタム識別子として登録すると、該当パターンは自動マスキングされます。

マスク解除は logs:Unmask 権限が必要。エンジニアは現在 logs:* を許可されていますが、明示的なDenyの方が優先されるため、logs:Unmask を Deny する IAM ポリシーを付与すれば閲覧不可にできます。

B は NotAction の使い方が不適切、C/D は変換系で運用負荷が高く要件過剰です。",,,2025-11-21
DOP-C02-Q356,"ある企業は、AWS Organizations の組織を使用して多数の AWS アカウントを管理しています。この組織では、すべての機能を有効化しています。アカウントへの設定のデプロイには AWS CloudFormation StackSets を使用しています。Amazon S3 バケットの監視には AWS Config を使用しています。S3

バケットへのすべてのオブジェクトのアップロードに AWS Key Management Service (AWS KMS) 暗号化が使用されていることを確認する必要があります。

これらの要件を満たすソリューションはどれでしょうか？",FALSE,s3-bucket-server-side-encryption-enabled ルールを含む AWS Config 適合パックを作成します。適合パックをアカウントにデプロイします。Amazon Simple Notification Service (Amazon SNS) トピックをターゲットとするルールを設定します。,FALSE,s3:createBucket アクションの deny ステートメントと、s3:x-amz-server-side-encryption が aws:kms ではないという条件ステートメントを含む SCP を作成します。この SCP を組織のルートにアタッチします。,FALSE,AWS CloudFormation スタックセットを作成し、AWS CloudTrail の証跡を使用して組織の S3 データイベントをキャプチャできるようにします。このスタックセットで、AWS KMS 暗号化を使用しない S3 PutObject イベントに一致する Amazon EventBridge ルールを作成します。Amazon Simple Notification Service (Amazon SNS) トピックをターゲットとするルールを設定します。,FALSE,s3:putObject アクションの拒否ステートメントと、s3:x-amz-server-side-encryption が aws:kms ではないという条件を含む SCP を作成します。この SCP を組織のルートにアタッチします。,TRUE,,,,,"答え：D

理由

目的は「すべての S3 オブジェクトのアップロードが KMS で暗号化」を強制すること。

SCP で s3:PutObject を条件付き Deny（s3:x-amz-server-side-encryption が aws:kms でない場合）にすれば、組織全体で非KMSのアップロードをブロックできます。

A/C は検知・通知であり強制力なし。B は CreateBucket への条件で目的を満たせません。",,,2025-11-21
DOP-C02-Q357,"ある会社では、Amazon Aurora PostgreSQL DB クラスターを使用して、5 時間ごとにトランザクションデータをデータベースにロードしています。データアナリストは、Aurora PostgreSQL データベースを使用して、短時間実行クエリの実行、複雑な集計クエリの作成、データを使用した簡単なレポートの作成を行っています。また、データアナリストは、データの削除や挿入など、手動でデータを更新しています。

データアナリストからパフォーマンスの問題が報告されています。データベースチームは最近、他のクエリをブロックし、VACUUM 操作を妨げることでパフォーマンスに影響を与えている、長時間実行されているアイドル状態のトランザクション接続を特定しました。チームは、これらの潜在的な運用上の問題と、問題を解決するための推奨アクションについて、積極的に通知を受けることを望んでいます。

この会社の AWS アカウントでは、Amazon DevOps Guru を使用して、アカウント内のすべてのアプリケーションを監視しています。

これらの要件を満たすソリューションはどれですか。",FALSE,既存の Aurora PostgreSQL DB クラスターで Performance Insights と DevOps Guru を有効にします。Amazon Simple Notification Service (Amazon SNS) を使用して、データベースチームに通知を送信するように DevOps Guru を設定します。,TRUE,既存の Aurora PostgreSQL DB クラスターで Performance Insights を有効にします。Amazon EventBridge を設定して、既存の Aurora PostgreSQL DB クラスターからイベントを受信します。Amazon Simple Notification Service (Amazon SNS) を使用して、データベースチームに通知を送信するように Aurora PostgreSQL DB クラスターを設定します。,FALSE,既存の Aurora PostgreSQL DB クラスターで Performance Insights と DevOps Guru を有効にします。Amazon Simple Email Service (Amazon SES) を使用してデータベースチームに通知を送信するように Aurora PostgreSQL DB クラスターを設定します。,FALSE,既存の Aurora PostgreSQL DB クラスターで Performance Insights を有効にします。Amazon EventBridge を設定して、既存の Aurora PostgreSQL DB クラスターからイベントを受信します。DevOps Guru を設定して、Amazon Simple Notification Service (Amazon SNS) を使用してデータベースチームに通知を送信します。,FALSE,,,,,"答え：A

理由

DevOps Guru for RDS は Performance Insights (PI) のメトリクスを用いて、長時間実行のトランザクションやブロッキング、VACUUM への影響などを自動検出し、推奨アクションつきで通知できます。

既存クラスターで PI と DevOps Guru を有効化し、DevOps Guru の通知先に SNS を設定すれば、要件（積極的通知＋推奨アクション）を最小運用で満たせます。

EventBridge 経由のクラスターイベント通知（B/D）は、こうしたクエリ/トランザクションレベルの運用問題の洞察には不向き。SES 送信（C）も不要です。",,,2025-11-21
DOP-C02-Q358,"DevOpsエンジニアは、インフラストラクチャを米国内に設置する必要がある企業のために、ガバナンスコントロールを実装しています。この企業は、AWS Organizations内の組織に多数のAWSアカウントを保有しており、すべての機能が有効になっています。エンジニア

は、企業が利用できるAWSリージョンを制限する必要があります。また、ガバナンスポリシーに違反するアクティビティが発生した場合、できるだけ早くアラートが送信されるようにする必要があります。米国以外の新しいリージョンでは、これらのコントロールが自動的に有効になる必要があります。

これらの要件を満たす手順の組み合わせはどれですか（2つ選択してください）。",TRUE,aws:RequestedRegion プロパティがすべての米国リージョンのリストと一致しないという条件を持つ、Organizations SCP 拒否ポリシーを作成します。ポリシーにグローバルサービスの例外を追加します。ポリシーを組織のルートにアタッチします。,TRUE,AWS CloudTrail を設定して、ログを Amazon CloudWatch Logs に送信するようにします。すべてのリージョンで CloudTrail を有効にします。CloudWatch Logs のメトリクスフィルターを使用して、米国以外のリージョンでメトリクスを作成します。メトリクスが 0 より大きい場合にアラートを送信するように CloudWatch アラームを設定します。,TRUE,AWS サービスのアクティビティをチェックする AWS Lambda 関数を使用します。Lambda 関数をすべてのリージョンにデプロイします。1 時間ごとに Lambda 関数を実行する Amazon EventBridge ルールを作成します。Lambda 関数が米国以外のリージョンでアクティビティを検出した場合にアラートを送信するようにルールを設定します。,FALSE,AWS Lambda関数を使用してAmazon Inspectorにクエリを実行し、米国以外のリージョンにおけるサービスアクティビティを検索します。Amazon Inspectorがアクティビティを検出した場合にアラートを送信するようにLambda関数を設定します。,FALSE,aws:RequestedRegion プロパティがすべての米国リージョンのリストに一致することを条件とする、Organizations SCP 許可ポリシーを作成します。ポリシーにグローバルサービスに対する例外を追加します。ポリシーを組織のルートにアタッチします。,FALSE,,,"答え：A と B

A：SCPで aws:RequestedRegion を使い、米国リージョン以外を一括Deny（グローバルサービスは例外）。新リージョン追加時も自動で抑止可能。

B：Organization Trail を全リージョン有効化し CloudWatch Logs へ配信 → 非USリージョン活動を検出するメトリクスフィルター＋アラームで即時通知。運用オーバーヘッドが小さく、将来の新リージョンにも追随。",,,2025-11-21
DOP-C02-Q359,"ある企業は、Amazon EC2 Auto Scaling グループに属する Amazon EC2 インスタンスでアプリケーションを実行しています。EC2 インスタンスは、Application Load Balancer (ALB) の背後にあります。最近、一部の EC2 インスタンスにトラフィックが送信された際に、エラーが発生し始めました。DevOps

エンジニアは、Auto Scaling グループが、アプリケーションエラーが発生しているにもかかわらず、問題のあるインスタンスは正常であると報告していることを発見しました。DevOps エンジニアが問題のあるインスタンスのアプリケーションエラーを解決すると、ユーザーエクスペリエンスは正常に戻ります。同社

は、アプリケーションエラーが発生していない正常なインスタンスにのみトラフィックがルーティングされるようにしたいと考えています。また、トラフィックルーティング構成が変更された場合に、サポートチームに通知が届くようにしたいと考えています。

これらの要件を満たすソリューションはどれでしょうか？",FALSE,Auto Scaling グループがELBヘルスチェックを使用するように設定します。AWS Configを有効にします。AWS Configルールを作成し、新しいAuto ScalingグループがELBヘルスチェックを使用するようにします。トラフィックルーティング設定が変更された場合にサポートチームに通知するためのAmazon Simple Notification Service (Amazon SNS)トピックを作成します。トピックに通知を送信するようにAWS Configルールを設定します。,TRUE,Auto Scaling グループが EC2 ヘルスチェックを使用するように設定します。AWS Config を有効にします。新しい Auto Scaling グループが EC2 ヘルスチェックを使用するように、AWS Config ルールを作成します。トラフィックルーティング設定が変更された場合にサポートチームに通知するための Amazon Simple Notification Service (Amazon SNS) トピックを作成します。トピックに通知を送信するように AWS Config ルールを設定します。,FALSE,Auto Scaling グループを EC2 ヘルスチェックを使用するように設定します。アプリケーションを監視するために、Amazon CloudWatch の Synthetic Canary を作成します。CloudWatch Canary が失敗した場合にトリガーされる CloudWatch アラームを作成します。アラーム状態が「alarm」になったときにサポートチームに通知するようにアラームを設定します。,FALSE,Auto Scaling グループをELBヘルスチェックを使用するように設定します。アプリケーションを監視するためのAmazon CloudWatch Synthetic Canaryを作成します。CloudWatch Canaryが失敗した場合にトリガーされるCloudWatchアラームを作成します。アラーム状態が「alarm」になったときにサポートチームに通知するようにアラームを設定します。,FALSE,,,,,"答え：A

問題はアプリは失敗しているのに ASG が正常と判断してしまうこと → ASG を ELB（ALB）ヘルスチェックに切替すれば、ALB のアプリ層ヘルスに基づいて不健康インスタンスを外せます。

さらに AWS Config で「ASG が ELB ヘルスチェックを使っているか」を継続評価し、設定（トラフィックルーティング関連）が変更されたら SNS 通知すれば要件を満たします。

B は EC2 ヘルスチェックのため不適、C/D はアプリ監視（Synthetics）通知はできても「設定変更の通知」要件を満たしません。",,,2025-11-21
DOP-C02-Q360,"DevOpsエンジニアは、GitHubコードリポジトリを使用するパイプラインのトラブルシューティングを行う必要があります。パイプラインには、ソースステージ、ビルドステージ、デプロイステージが含まれます。また、パイプラインにはGitHubコードリポジトリへのAWS CodeStar接続も存在します。

ビルドステージでは、AWS CodeBuildビルドプロジェクトを使用します。ビルドプロジェクトは、ビルドプロセスの一環として、リポジトリのgitクローンを実行する必要があります。DevOps

エンジニアは、ソースステージが正常に動作していることを検証しています。しかし、パイプラインを実行するたびにビルドステージが失敗します。

パイプラインのビルドステージが失敗する理由は何でしょうか？",FALSE,パイプライン内のビルドステージでは、AWS CodeStar 接続アクションを使用する必要があります。,FALSE,GitHub への AWS CodeStar 接続に誤った認証情報が含まれています。,FALSE,AWS CodePipeline サービスロールには、AWS CodeStar 接続を使用する権限がありません。,FALSE,AWS CodeBuild サービスロールには、AWS CodeStar 接続を使用する権限がありません。,TRUE,,,,,"✅ 正解：D. AWS CodeBuild サービスロールには、AWS CodeStar 接続を使用する権限がありません。

🔍 解説

このシナリオでは、CodePipeline → CodeBuild の流れで GitHub ソースを利用しています。

ソースステージは CodePipeline が CodeStar Connection を使って GitHub からコードを取得するため、正常に動作しています。

しかし、**ビルドステージ（CodeBuild）**でも git clone を実行しようとしています。
→ このとき、CodeBuild プロジェクトの実行ロールに CodeStar Connection の使用権限 (codestar-connections:UseConnection) がないと、
CodeBuild が GitHub に再度アクセスできず、ビルドが失敗します。

❌ 他の選択肢

A.
ビルドステージでは CodeStar 接続アクションは不要（それはソースステージ専用）。

B.
認証情報が誤っていればソースステージも失敗するため、これは不正解。

C.
CodePipeline サービスロールが CodeStar 接続を使うのはソースステージのみ。今回は CodeBuild のロール側が問題。

✅ 対応策

CodeBuild のサービスロールに以下を追加：

{
  ""Effect"": ""Allow"",
  ""Action"": ""codestar-connections:UseConnection"",
  ""Resource"": ""arn:aws:codestar-connections:REGION:ACCOUNT_ID:connection/XXXXXXXX""
}


これにより、git clone 操作が成功し、ビルドステージが通るようになります。",,,2025-11-21
DOP-C02-Q361,"ある企業のDevOpsチームは、Node Package Manager（NPM）オープンソースライブラリを使用してアプリケーションを構築しています。DevOpsチームは、AWS CodeBuildプロジェクトでアプリケーションのビルドプロセスを実行し、パブリックNPMリポジトリからNPMライブラリをダウンロードしてい

ます。同社は、NPMライブラリをプライベートNPMリポジトリでホストしたいと考えています。また、DevOpsチームがライブラリを使用する前に、ライブラリの新しいバージョンを検証する必要があります。

これらの要件を、運用上の労力を最小限に抑えて満たすソリューションはどれでしょうか？",FALSE,npm-store というアップストリームリポジトリを持つ AWS CodeArtifact リポジトリを作成します。アプリケーションのビルドプロセスで、CodeArtifact リポジトリを NPM のデフォルトソースとして使用するように設定します。CodeArtifact リポジトリ内のパッケージバージョンに対して必要なチェックを実行する AWS CodePipeline パイプラインを作成します。エラーが発生した場合は、パッケージのステータスを unlisted に設定します。,TRUE,CodeBuild プロジェクト設定で Amazon S3 キャッシュを有効にします。buildspec.yaml 設定ファイルにステップを追加し、キャッシュ内のパッケージバージョンに対して必要なチェックを実行します。,FALSE,各ライブラリごとにAWS CodeCommitリポジトリを作成します。必要なNPMライブラリを適切なCodeCommitリポジトリにクローンします。CodeBuildのappspec.yaml設定ファイルを変更し、プライベートCodeCommitリポジトリを使用します。パッケージのバージョンチェックを実行するためのステップを追加します。,FALSE,各ライブラリごとにAWS CodeCommitリポジトリを作成します。必要なNPMライブラリを適切なCodeCommitリポジトリにクローンします。CodeBuildのbuildspec.yaml設定ファイルを変更し、NPMがプライベートCodeCommitリポジトリを使用するようにします。リポジトリへの新しいコミットごとにパッケージバージョンに必要なチェックを実行するAWS CodePipelineパイプラインを追加します。パイプラインは、障害発生時に最新のコミットに戻るように設定します。,FALSE,,,,,"答え：A
理由

AWS CodeArtifact（npm対応）でプライベートNPMレジストリを用意し、上流（Upstream）にnpmjsをぶら下げれば、開発側はCodeArtifactをデフォルトレジストリにするだけで既存フローを大きく変えずに利用可能。

受け入れ前検証は、CodePipeline（or CodeBuild）でパッケージ検証ジョブを回し、問題があれば codeartifact update-package-versions-status で当該バージョンを Unlisted（あるいは Archived）に変更して使用不可化できる。

BはS3キャッシュで要件未達、C/DはライブラリごとにCodeCommit管理するため運用負荷が高い。",,,2025-11-21
DOP-C02-Q362,"ある企業には、ウェブインターフェースを備えた検索アプリケーションがあります。この企業は、希望容量 3 の Auto Scaling グループで Amazon CloudFront、Application Load Balancer (ALB)、Amazon EC2 インスタンスを使用しています。この企業は、あらかじめ用意された AMI を使用しています。このアプリケーションは 1 分で起動します。このアプリケーションは、Amazon OpenSearch Service クラスターにクエリを実行します。

このアプリケーションは、複数のアベイラビリティーゾーンにデプロイされています。コンプライアンス要件のため、このアプリケーションは別の AWS リージョンに災害復旧 (DR) 環境を用意する必要があります。この企業は、DR 環境の継続的なコストを最小限に抑えたいと考えており、RTO と RPO を 30 分未満に抑える必要があります。この企業は、DR リージョンに ALB を作成しました。

これらの要件を満たすソリューションはどれでしょうか。",FALSE,CloudFront ディストリビューションに新しい ALB をオリジンとして追加します。オリジンフェイルオーバー機能を設定します。AMI を DR リージョンにコピーします。DR リージョンに起動テンプレートと、希望するキャパシティが 0 の Auto Scaling グループを作成します。DR リージョンに新しい OpenSearch Service クラスターを作成します。クラスターのクラスター間レプリケーションを設定します。,TRUE,DR リージョンに新しい CloudFront ディストリビューションを作成し、新しい ALB をオリジンとして追加します。リージョンフェイルオーバーには Amazon Route 53 DNS を使用します。AMI を DR リージョンにコピーします。DR リージョンに起動テンプレートと、必要なキャパシティを 0 に設定した Auto Scaling グループを作成します。OpenSearch Service クラスターをマルチ AZ 構成のスタンバイデプロイメントとして再構成します。スタンバイノードが DR リージョンにあることを確認します。,FALSE,DR リージョンに新しい CloudFront ディストリビューションを作成し、新しい ALB をオリジンとして追加します。リージョンフェイルオーバーには Amazon Route 53 DNS を使用します。AMI を DR リージョンにコピーします。DR リージョンに起動テンプレートと、必要なキャパシティ 3 の Auto Scaling グループを作成します。OpenSearch Service クラスターをマルチ AZ 構成のスタンバイ配置として再構成します。スタンバイノードが DR リージョンにあることを確認します。,FALSE,新しい ALB を CloudFront ディストリビューションのオリジンとして追加します。オリジンフェイルオーバー機能を設定します。AMI を DR リージョンにコピーします。DR リージョンに起動テンプレートと、必要なキャパシティ 3 の Auto Scaling グループを作成します。DR リージョンに新しい OpenSearch Service クラスターを作成します。クラスターのクラスター間レプリケーションを設定します。,FALSE,,,,,"答え：A
理由

コスト最小化：DR リージョンの ASG を希望キャパシティ 0にしておき、フェイルオーバー時のみ起動（アプリは起動1分）→ 平常時コストを最小化。

RTO/RPO < 30分：

CloudFront オリジンフェイルオーバーで一次障害時に即座に DR の ALB へ切替。

**OpenSearch のクロスクラスタレプリケーション（CCR）**でデータを継続複製 → RPO を短時間に抑制。

DR 側 EC2 はフェイルオーバー後に素早くスケールアウト（起動～安定まで 30 分未満に収まる構成が可能）。

他案が劣る点：
D は DR で常時 ASG=3 としコスト高。
B/C の「スタンバイノードが DR リージョン」は OpenSearch の通常構成と整合せず、リージョン間は CCR を使うのが適切。
Route 53 で別配信に切替えるより、既存 CloudFront のオリジンフェイルオーバーが運用簡素。",,,2025-11-21
DOP-C02-Q363,"DevOpsエンジニアは、AWSアカウント全体のウェブACLを管理するためにAWS WAFを使用しています。DevOpsエンジニアは、アカウント内のすべてのアプリケーションロードバランサー（ALB）でAWS WAFが有効になっていることを確認する必要があります。DevOpsエンジニアは、各アプリケーションスタックのデプロイプロセスの一環として、AWS CloudFormationテンプレートを使用して個々のALBとAWS WAFをデプロイします。ALBのデプロイ後にAWS WAFがALBから削除された場合、AWS WAFは自動的にALBに追加される必要があります。

これらの要件を最も効率的に満たすソリューションはどれでしょうか？",FALSE,AWS Config を有効にします。alb-waf-enabled マネージドルールを追加します。AWS Systems Manager Automation ドキュメントを作成し、AWS WAF を ALB に追加します。ルールを編集して、自動的に修復されるようにします。修復アクションとして Systems Manager Automation ドキュメントを選択します。,TRUE,AWS Config を有効にします。alb-waf-enabled マネージドルールを追加します。Amazon EventBridge ルールを作成し、AWS Config のすべての ConfigurationItemChangeNotification 通知タイプを AWS Lambda 関数に送信します。Lambda 関数を設定して、AWS Config の start-resource-evaluation API を検出モードで呼び出します。,FALSE,Amazon EventBridge ルールを設定し、CloudFormation テンプレートで detect-stack-drift API を呼び出す AWS Lambda 関数を定期的に呼び出します。AWS::WAFv2::WebACLAssociation リソースのステータスが drifted の場合、ALB 属性の waf.fail_open.enabled を true に変更するように Lambda 関数を設定します。,FALSE,Amazon EventBridge ルールを設定し、CloudFormation テンプレートで detect-stack-drift API を呼び出す AWS Lambda 関数を定期的に呼び出します。AWS::WAFv2::WebACLAssociation リソースのステータスが drifted の場合、CloudFormation スタックを削除して再デプロイするように Lambda 関数を設定します。,FALSE,,,,,"A が最も効率的です。

AWS Config のマネージドルール alb-waf-enabled で、アカウント内の全 ALB に WAF が関連付けられているかを継続評価できます。

ルールの 自動修復 に Systems Manager Automation（カスタム Runbook）を紐づけ、違反検知時に AssociateWebACL を実行して対象 ALB に WAF を再関連付けします。

これにより “ALB から WAF が外されたら自動で付け直す” をコードと運用で一貫して実現できます。

B は検出寄りで自動修復がなく冗長、C は waf.fail_open.enabled が目的外、D はスタック再作成は破壊的で非効率です。",,,2025-11-21
DOP-C02-Q364,"ある企業がAWS上でeコマースアプリケーションを開発しています。このアプリケーションがトラフィックの急増に対応できるかどうかを確認したいと考えています。CI/CDプロセスにはAWS CodePipelineを使用しています。アプリケーションのパフォーマンスを検証するため、CI/CDパイプラインに自動負荷テストを統合するソリューションを実装する必要があります。このソリューションは、パフォーマンスがしきい値を超えた場合にのみ本番環境へのデプロイを実行する必要があります。

これらの要件を、運用オーバーヘッドが最も少ないソリューションはどれでしょうか？",FALSE,AWS Elastic Beanstalk を使用してアプリケーションをデプロイします。ロードバランシングを有効にします。Elastic Beanstalk を使用して負荷テスト用のツールをデプロイします。各デプロイ時にテストを実行し、パフォーマンスしきい値が満たされない場合はデプロイをロールバックします。テストメトリクスを監視するための AWS Lambda 関数を作成します。パフォーマンスしきい値に対するアラームを設定します。Amazon EventBridge を設定し、テストが失敗した場合はエラーを返し、テストが成功した場合は本番環境へのデプロイに進みます。,FALSE,負荷テスト用のツールを実行するためのAWS Fargateタスクを実装します。Amazon Elastic Container Service (Amazon ECS) を使用してテストコンテナを管理します。テスト結果を分析するためのAWS Lambda関数を作成します。カスタムアクションを使用してテストを開始および評価することで、これらの関数をCodePipelineと統合します。テストが失敗した場合はエラーを返し、テストが成功した場合は本番環境へのデプロイを続行するように関数をプログラムします。,FALSE,負荷テスト用のツールを実行するために、Amazon EC2 インスタンスを起動します。テストスクリプトは GitHub リポジトリに保存します。AWS Step Functions を使用して、CodePipeline ワークフロー内でテストと結果分析をオーケストレーションします。Amazon EventBridge を使用して、テスト結果に基づいて AWS Lambda 関数を呼び出します。テストが失敗した場合はエラーを返し、テストが成功した場合は本番環境へのデプロイを続行するように関数をプログラムします。,FALSE,AWS CodeBuild を使用して負荷テスト用のツールを実行し、テスト成果物を Amazon S3 に保存し、CodeBuild プロジェクトを呼び出すための CodePipeline ステージを設定します。Amazon CloudWatch を使用してテストメトリクスを監視し、パフォーマンスしきい値のアラームを設定します。カスタムアクションを使用して AWS Lambda 関数をパイプラインに統合します。テストが失敗した場合はエラーを返し、テストが成功した場合は本番環境へのデプロイに進むように関数をプログラムします。,TRUE,,,,,"D が最も運用オーバーヘッドが小さく要件に合います。

CodeBuild は CodePipeline にネイティブ統合されており、k6/JMeter などの負荷テストをコンテナ/ランタイム内でそのまま実行可能。

しきい値判定を buildspec（スクリプトの終了コード）で行えば、不合格時はジョブを失敗させてパイプラインを自動停止＝本番デプロイをブロックできます。

追加のフリート管理（ECS/Fargate や EC2、Step Functions）や不要な環境（Elastic Beanstalk）を持たずに済むため、運用負担が最小。

成果物の保存（S3）やメトリクス監視（CloudWatch）もマネージドで足せます。

A は EB 前提で冗長、B は ECS/Fargate の運用が増える、C は EC2 と Step Functions/イベント連携で過剰設計です。",,,2025-11-21
DOP-C02-Q365,"ある企業は、注文処理アプリケーションを更新し、耐障害性と可用性を向上させる必要があります。このアプリケーションはステートフルデータベースを必要とし、顧客の注文と取引履歴を保存するために単一ノードのAmazon RDS DBインスタンスを使用しています。DevOpsエンジニアは、データベースの高可用性を実現する必要があります。

この要件を満たすソリューションはどれでしょうか？",FALSE,データベースを Amazon DynamoDB グローバルテーブルに移行します。Amazon Route 53 ヘルスチェックを使用して、AWS リージョン間の自動フェイルオーバーを設定します。,FALSE,データベースを複数のアベイラビリティゾーンにある Amazon EC2 インスタンスに移行します。Amazon Elastic Block Store (Amazon EBS) のマルチアタッチを使用して、すべてのインスタンスを単一の EBS ボリュームに接続します。,FALSE,RDS DB インスタンスをソースインスタンスとして使用し、複数のアベイラビリティゾーンにリードレプリカを作成します。Application Load Balancer をデプロイして、リードレプリカ間で読み取りトラフィックを分散します。,FALSE,RDS DBインスタンスをマルチAZ配置に変更します。プライマリインスタンスが利用できなくなった場合に、スタンバイインスタンスへの自動フェイルオーバーが機能することを確認します。,TRUE,,,,,"D が最適です。
RDS を Multi-AZ 配置に変更すれば、同一リージョン内の別 AZ に同期スタンバイが作成され、プライマリ障害時は 自動フェイルオーバーでダウンタイムを最小化できます（アプリ側は接続再試行のみでOK）。

A: DynamoDB はキーバリューモデルで、既存の RDS（リレーショナル）を前提としたアプリをそのまま置き換えられません。要件から逸脱。

B: EBS マルチアタッチは限定的かつブロックストレージ共有は DB には不適。整合性・フェイルオーバー制御を自前で実装する必要があり非現実的。

C: RDS のリードレプリカは読み取り専用で、プライマリ障害時の自動フェイルオーバーにはなりません（昇格は手動/別オーケストレーションが必要）。ALB で DB を負荷分散することも不可。",,,2025-11-21
DOP-C02-Q366,"ある企業は、AWS CodeConnections 対応の Git リポジトリにアプリケーションコードを保存しています。プルリクエストが開かれた際にユニットテストが実行されるように設定したいと考えています。また、テスト完了時にプルリクエストでテストステータスが表示されるようにしたいと考えています。さらに、テスト完了後に、テストで生成された出力データファイルを Amazon S3 バケットに保存したいと考えています。

これらの要件を満たすソリューションの組み合わせはどれですか？（3つ選択してください。）",TRUE,テストの実行に必要なリソースへのアクセスを許可するIAMサービスロールを作成します。,TRUE,AWS CodePipelineでテストステージを含むパイプラインを作成します。プルリクエストが作成または更新されたときにパイプラインを実行するトリガーを作成します。テスト結果をレポートするためのソースアクションを追加します。,FALSE,テストを実行するためのAWS CodeBuildプロジェクトを作成します。プルリクエストが作成または更新されたときにテストを実行するために、Webhookトリガーを有効にします。テスト結果を報告するために、ビルドステータスレポートを有効にします。,TRUE,テストの実行が完了したときに出力ファイルをアップロードするためのレポート セクションを含む buildspec.yml ファイルを作成します。,FALSE,テストの実行が完了したら成果物をアップロードするためのアーティファクト セクションを含む buildspec.yml ファイルを作成します。,TRUE,テストの実行が完了したときに出力ファイルをアップロードするためのファイルセクションを持つ appspec.yml ファイルを作成します。,FALSE,"A・C・E です。

A: CodeBuild 用の IAM サービスロールが必須（S3 への書き込み、必要ならテスト時の各種リソース参照）。

C: CodeBuild プロジェクトで **PR 作成/更新トリガー（Webhook）**を有効化し、ビルドステータスレポートをONにすると、PR にテスト結果（成功/失敗）が表示されます。

E: テスト生成物を S3 に保存するには buildspec.yml の artifacts セクションにファイルパターンを指定します。

B は CodePipeline で PR 連携・PR へのテスト結果報告が冗長/不適切、D は「reports」は CodeBuild のテストレポート機能向けで一般的な出力データ保存用途に不向き、F は CodeDeploy 用（appspec.yml）で今回の要件外です。",,,2025-11-21
DOP-C02-Q367,"ソフトウェア開発チームが、ウェブアプリケーション用のCI/CDパイプラインを実装しています。チームはAWS CodeBuildを使用してJavaベースのソースコードをコンパイルし、ユニットテストを実行しています。

チームはCodeBuildプロジェクトによって作成された成果物を保存する必要があります。

この要件を満たすソリューションはどれでしょうか？",FALSE,Amazon S3 バケットを作成します。プロジェクトのアーティファクト出力場所として S3 バケットを設定します。プロジェクトのビルドスペックファイルにアーティファクトの場所を追加します。CodeBuild プロジェクトのリソースアクセスロールが S3 バケットにアクセスできるようにする S3 バケットポリシーを設定します。,TRUE,"Amazon S3 バケットを作成します。プロジェクトのビルドスペックファイルで、S3 バケットをアーティファクトの出力場所として設定します。アーティファクトの出力場所をプロジェクトのビルドスペックファイルに追加します。CodeBuild
サービスロールが S3 バケットにアクセスできるようにする S3 バケットポリシーを設定します。",FALSE,プロジェクトのファイルシステムの場所として、Amazon Elastic File System (Amazon EFS) ファイルシステムを設定します。プロジェクトのビルドスペックファイルで、アーティファクトの出力場所として EFS ファイルシステムを設定します。CodeBuild がファイルシステムにアクセスできるように、ファイルシステムポリシーを設定します。,FALSE,Amazon Elastic Block Store (Amazon EBS) ボリュームを作成します。プロジェクトのビルドスペックファイルで、アーティファクトの出力先として EBS ボリュームを設定します。CodeBuild がボリュームにアクセスできるように IAM ロールを設定します。,FALSE,,,,,"A が正解です。

CodeBuild の成果物は S3 に出力するのが標準で、プロジェクト設定側で出力先 S3 バケットを指定します。

buildspec.yml では artifacts: セクションで 出力するファイル/パスを指定します（場所はプロジェクト設定）。

CodeBuild サービスロールに S3 への書き込み権限を付与（必要に応じてバケットポリシーでも許可）すれば保存できます。

B は buildspec に S3 の場所は設定できないため誤り、C/D は用途不適です。",,,2025-11-21
DOP-C02-Q368,"ある企業は、AWS Organizations を使用して複数の AWS アカウントを管理しています。これらのアカウントは、すべてのアクションを許可するポリシーがアタッチされた OU に属しています。この企業は、複数の Git リポジトリを、指定された AWS CodeConnections 対応 Git プロバイダーに移行しています。Git リポジトリは、複数の AWS リージョンに展開されているアプリケーションインフラストラクチャ用の AWS CloudFormation スタックを管理します。

この企業は、DevOps チームに CodeConnections を CloudFormation スタックに統合してもらいたいと考えています。DevOps チームは、会社のスタッフが指定された Git プロバイダーとのみ統合できるようにする必要があります。この展開プロセスは、リージョン全体で高可用性を実現する必要があります。

これらの要件を満たす手順の組み合わせはどれですか (3 つ選択してください)。",TRUE,プロバイダー タイプが指定された Git プロバイダーではない CodeConnections CreatingConnections アクションを拒否する新しい SCP ステートメントを OU に追加します。,TRUE,プロバイダー タイプが指定された Git プロバイダーである CodeConnections CreatingConnections アクションを許可する新しい SCP ステートメントを OU に追加します。,FALSE,CodeConnectlons を使用して、各 Git リポジトリへの単一の CodeConnections 接続を構成します。,FALSE,CodeConnections を使用して、会社が運営されている各リージョンから各 Git リポジトリへの CodeConnections 接続を作成します。,TRUE,CodeConnections を使用して CodeConnections リポジトリリンクを作成します。各 CfoudFormation スタックを更新して、Git リポジトリから同期します。,TRUE,Git リポジトリごとに、Git リポジトリをソースとして設定し、CloudFormation デプロイメントステージを持つパイプラインを AWS CodePipefine で作成します。,FALSE,"A・D・E です。

A: OU に CreateConnection を指定プロバイダー以外で実行することを Deny する SCP を追加し、統合先を強制します（Allow だけ足しても制限にならない）。

D: CodeConnections の接続はリージョン単位のリソース。運用している各リージョンに同一リポジトリへの接続を作成しておくことで、リージョン障害時でもデプロイを継続でき、高可用性を確保。

E: Repository Link を作成し、各 CloudFormation スタックを Git 同期で更新すれば、CodeConnections と直接統合できます（パイプライン不要）。

B は制限にならず、C は単一リージョン接続で HA 不足、F は CodePipeline を新設する余計な運用が増え要件外です。",,,2025-11-21
DOP-C02-Q369,"DevOps エンジニアが AWS CloudFormation スタックを更新し、複数の Amazon EC2 インスタンスを含むネストされたスタックを追加しました。DevOps エンジニアが更新されたスタックをデプロイしようとしたところ、ネストされたスタックのデプロイに失敗しました。DevOps

エンジニアは、この失敗の原因を特定するために何をすべきでしょうか。",FALSE,障害が発生したスタックの CloudFormation の根本原因検出機能を使用して障害を分析し、障害の原因として最も可能性の高いイベントを返します。,FALSE,ルートスタックをParentIdプロパティに指定して、失敗したスタックをクエリします。返されたすべてのスタックのStackStatusReasonプロパティを調べて、ネストされたスタックがデプロイに失敗した理由を特定します。,TRUE,アプリケーションが実行されるAWSアカウントに対してAWS Systems Managerを有効化します。AWS Systems Manager AutomationのAWS-SupportTroubleshootCFNCustomResourceランブックを使用して、ネストされたスタックのデプロイに失敗した理由を特定します。,FALSE,CloudFormation テンプレートを設定して、Amazon CloudWatch にログを公開します。CloudWatch コンソールで失敗したスタックの CloudFormation ログを確認し、ネストされたスタックがデプロイに失敗した理由を特定します。,FALSE,,,,,"B が正解です。
CloudFormation の失敗原因は、まず ネストされたスタック自身の StackStatusReason とイベントを確認するのが基本です。ルート（親）スタック配下のネストされたスタックを特定し、そのスタック（および配下リソース）のイベントや StackStatusReason を調べると、どのリソースでどんな理由（権限不足、パラメータ不備、依存関係エラー、クォータ超過など）で失敗したかが分かります。

A: 「根本原因検出」なる機能は CloudFormation にはありません。

C: AWS-SupportTroubleshootCFNCustomResource は カスタムリソース向けのトラブルシュートで今回の一般的失敗特定には過剰。

D: CloudFormation はテンプレートで CloudWatch Logs に “CloudFormation の実行ログ” を直接出力する仕組みはありません（イベントはコンソール/Describe APIs で確認）。",,,2025-11-21
DOP-C02-Q370,"DevOps チームは、Amazon EC2 インスタンス上で実行される統合サービスを運用しています。DevOps チームは、Amazon Route 53 を使用して、シンプルなルーティングレコードで統合サービスのドメイン名を管理しています。統合サービスはステートフルであり、データストレージと状態ストレージに Amazon Elastic File System (Amazon EFS) を使用しています。統合サービスは、複数ノード間の負荷分散をサポートしていません。DevOps

チームは、平均復旧時間を短縮するために、ウォームスタンバイとして新しい EC2 インスタンスに統合サービスをデプロイします。DevOps チームは、統合サービスがスタンバイ EC2 インスタンスに自動的にフェイルオーバーするようにしたいと考えています。

これらの要件を満たすソリューションはどれでしょうか？",FALSE,既存の Route 53 DNS レコードのルーティングポリシーを重み付けに更新します。既存の DNS レコードの重み付けを 100 に設定します。同じドメインに対して、スタンバイ EC2 インスタンスを指す新しい DNS レコードを追加します。新しい DNS レコードの重み付けを 0 に設定します。各レコードにアプリケーションヘルスチェックを関連付けます。,TRUE,既存の Route 53 DNS レコードのルーティングポリシーを重み付けに更新します。既存の DNS レコードの重み付けを 99 に設定します。同じドメインに対して、スタンバイ EC2 インスタンスを指す新しい DNS レコードを追加します。新しい DNS レコードの重み付けを 1 に設定します。各レコードにアプリケーションヘルスチェックを関連付けます。,FALSE,アプリケーションロードバランサー（ALB）を作成します。既存のRoute 53レコードを更新してALBを参照します。各EC2インスタンスにターゲットグループを作成します。各ターゲットグループにアプリケーションヘルスチェックを設定します。両方のターゲットグループを同じALBリスナーに関連付けます。プライマリターゲットグループの重み付けを100に設定します。スタンバイターゲットグループの重み付けを0に設定します。,FALSE,アプリケーションロードバランサー（ALB）を作成します。既存のRoute 53レコードを更新してALBを参照するようにします。各EC2インスタンスにターゲットグループを作成します。各ターゲットグループにアプリケーションヘルスチェックを設定します。両方のターゲットグループを同じALBリスナーに関連付けます。プライマリターゲットグループの重み付けを99に設定します。スタンバイターゲットグループの重み付けを1に設定します。,FALSE,,,,,"A が最適です。

アプリは多ノード負荷分散を非対応なので、DNS レイヤでのアクティブ–パッシブ切替が適します。

Route 53 の加重ルーティングで、プライマリを 100, スタンバイを 0 にし、両方にヘルスチェックを関連付けます。

プライマリが不健全になると、そのレコードは解答集合から除外され、**残ったスタンバイ（重み 0）**が返されます＝自動フェイルオーバー。

アプリは EFS を共有しているため、スタンバイ起動後も状態を引き継げます。

B（99/1）は平常時でも一部トラフィックがスタンバイへ流れ、ステートフル要件と矛盾。
C/D は ALB 導入で運用が複雑化し、アプリが負荷分散非対応という前提とも合いません。",,,2025-11-21
DOP-C02-Q371,"ある企業は、AWSアカウントで複数のアプリケーションをホストしています。各アプリケーションは、Amazon CloudWatchの独自のロググループにログを送信しています。この企業のCloudWatchのログ取り込みコストが増加しています。DevOps

エンジニアは、ログ記録コストの増加の原因となっているアプリケーションを特定する必要があります。

この要件を最も運用効率の高い方法で満たすソリューションはどれでしょうか？",FALSE,CloudWatch メトリクスを使用して、最も多くのデータを受信する CloudWatch ロググループを識別するカスタム式を作成します。,TRUE,Amazon CloudWatch Logs Insights を使用して、アプリケーションロググループのクエリを作成し、特定の期間にデータを受信したロググループの数を特定します。,FALSE,AWS Cost Explorer を使用して、CloudWatch の使用コストの詳細を示すコストレポートを生成します。,FALSE,AWS CloudTrail を使用して、各アプリケーションの CreateLogStream イベントをフィルタリングします。,FALSE,,,,,"A が最も運用効率が高い解です。

CloudWatch Logs は各ロググループ単位で AWS/Logs の IncomingBytes（取り込みバイト数）等のメトリクスを自動公開します。これらを使って ロググループ別の取り込み量を可視化／ランキングすれば、コスト増の原因となっているアプリを即特定できます（メトリクス数式で上位抽出も可能）。

B はログ内容の分析で、取り込み量の把握・比較には不向き。

C はサービス全体のコストは見えるが、ロググループ別の粒度では特定しづらい。

D はストリーム作成イベントで、データ量やコスト寄与を示しません。",,,2025-11-21
DOP-C02-Q372,"ある会社に PipelineAccount という AWS アカウントがあります。このアカウントは AWS CodePipeline のパイプラインを管理しています。このアカウントは CodePipeline_Service_Role という IAM ロールを使用して、Amazon S3 バケットに保存されるアーティファクトを生成します。この会社は、カスタマー管理の AWS KMS キーを使用して S3 バケット内のオブジェクトを暗号化しています。DevOps

エンジニアは、生成されたアーティファクトをデプロイするために、CodeDeployAccount という AWS アカウントの AWS CodeDeploy アプリケーションを使用するようにパイプラインを設定したいと考えています。DevOps エンジニアは、KMS キーポリシーを更新して、CodeDeployAccount アカウントにキーを使用する権限を付与します。DevOps エンジニアは、パイプラインに必要な CodeDeploy リソースにアクセスできる DevOps_Role という IAM ロールを CodeDeployAccount アカウントに設定します。DevOps エンジニアは、CodeDeployAccount アカウント内で動作する Amazon EC2 インスタンスロールを更新して、PipelineAccount アカウントにある S3 バケットと KMS キーへのアクセスを許可します。

これらの要件を満たすには、どの追加手順が必要ですか？",FALSE,S3バケットポリシーを更新し、CodeDeployAccountアカウントにS3バケットへのアクセスを許可します。DevOps_Role IAMロールに、PipelineAccountアカウントにロールを引き継ぐことを許可するIAM信頼ポリシーを設定します。CodePipeline_Service_Role IAMロールを更新し、DevOps_Roleロールを引き継ぐ権限を付与します。,TRUE,S3バケットポリシーを更新し、CodeDeployAccountアカウントにS3バケットへのアクセスを許可します。DevOps_Role IAMロールに、PipelineAccountアカウントにロールを引き継ぐことを許可するIAM信頼ポリシーを設定します。DevOps_Role IAMロールを更新し、CodePipelfne_Service_Roleロールを引き継ぐ権限を付与します。,FALSE,S3バケットポリシーを更新し、PipelineAccountアカウントにS3バケットへのアクセスを許可します。DevOps_Role IAMロールに、PipelineAccountアカウントがロールを引き受けることを許可するIAM信頼ポリシーを設定します。CodePipeline_Service_Role IAMを更新し、DevOps_Roleロールを引き受ける権限を付与します。,FALSE,S3バケットポリシーを更新し、CodeDeployAccountアカウントにS3バケットへのアクセスを許可します。DevOps_Role IAMロールに、CodeDeployAccountアカウントがロールを引き受けることを許可するIAM信頼ポリシーを設定します。CodePipeline_Service_Role IAMロールを更新し、DevOps_Roleロールを引き受ける権限を付与します。,FALSE,,,,,"A が正解です。

S3 バケットポリシーで CodeDeployAccount（デプロイ先アカウント）からの GetObject 等を許可（KMS キーは既に許可済み）。

DevOps_Role（先方アカウントのロール）の信頼ポリシーで、PipelineAccount（の CodePipeline_Service_Role）からの sts:AssumeRole を許可。

PipelineAccount 側の CodePipeline_Service_Role に、DevOps_Role を引き受ける権限（sts:AssumeRole）を付与。

これで CodePipeline がクロスアカウントで DevOps_Role を引き受け、S3/KMS の暗号化アーティファクトを CodeDeploy 側から安全に取得・デプロイできます。",,,2025-11-21
DOP-C02-Q373,"ある企業には、別々の事業部門に複数の開発チームがあり、それらは単一の共有 AWS アカウントで作業しています。ユーザーがアカウントで作成するすべての Amazon EC2 リソースには、リソースを作成したユーザーを指定するタグを含める必要があります。タグ付けは、リソース作成後 1 時間以内に行う必要があります。DevOps

エンジニアは、リソースを作成したユーザーの ID と適切なコストセンター ID を含むタグを新しいリソースに追加する必要があります。DevOps エンジニアは、コストセンターマッピングを使用してリソースにタグを付ける AWS Lambda 関数を設定します。また、DevOps エンジニアは、共有 AWS アカウントに AWS CloudTrail を設定します。Amazon S3 バケットには、CloudTrail イベントログが保存されます。

タグ付けの要件を満たすソリューションはどれですか。",FALSE,S3バケットにS3イベント通知を作成し、s3:ObjectTagging:PutイベントのLambda関数を呼び出します。S3バケットでバケットのバージョン管理を有効にします。,FALSE,S3バケットでサーバーアクセスログを有効にします。S3バケットにs3:ObjectTagging:*イベントのS3イベント通知を作成します。,FALSE,アカウントでAWS Configを有効にします。必須タグをチェックして更新するためのAWSマネージドルール「required-tags」を設定します。,FALSE,Amazon EC2 をイベントソースとして使用する Amazon EventBridge ルールを作成します。CloudTrail が配信するイベントに一致するようにルールを設定します。Lambda 関数をターゲットとするルールを設定します。,TRUE,,,,,"D が最適です。

EventBridge × CloudTrail を使えば、RunInstances などの EC2 作成 API コールをリアルタイムに検知し、Lambda を即時起動してタグ（作成ユーザーID＋コストセンター）を付与できます。

これで 作成後1時間以内という要件も容易に満たせます（通常は数秒〜数十秒で反応）。

A/B はS3のイベントであり、EC2リソースのタグ付け要件とは無関係。
C の required-tags は“評価”が中心で、作成ユーザーIDの特定やコストセンター付与まで自動補完するには追加実装が必要で運用が重くなります。",,,2025-11-21
DOP-C02-Q374,"ある企業がコード開発を行っており、セマンティック・バージョニングの導入を検討しています。DevOpsチームは、コードをコンパイルするためのパイプラインを作成する必要があります。また、コンパイルされたコードのバージョン管理も必要です。コードでオープンソースライブラリを使用している場合は、ビルドプロセスでライブラリもキャッシュする必要があります。

これらの要件を満たすソリューションはどれでしょうか？",FALSE,AWS CodeArtifact リポジトリを作成し、上流のリポジトリを関連付けます。コードアーティファクトのセマンティックバージョンをビルドする AWS CodeBuild プロジェクトを作成します。プロジェクトを設定して CodeArtifact リポジトリへの認証と接続を行い、アーティファクトをリポジトリに公開します。,TRUE,AWS CodeDeploy を使用して、生成されたアーティファクトのセマンティックバージョンを Amazon Elastic File System (Amazon EFS) ファイルシステムにアップロードします。,FALSE,AWS CodeBuild プロジェクトを使用してコードをビルドし、生成されたアーティファクトのセマンティックバージョンを AWS Artifact に公開します。CodeBuild プロジェクトでビルドのキャッシュを設定します。,FALSE,新しいAWS CodeArtifactリポジトリを作成します。インターネットからオープンソースパッケージを取得し、リポジトリに公開するAWS Lambda関数を作成します。AWS CodeDeployを設定して、コードのセマンティックバージョンをビルドし、リポジトリに公開します。,FALSE,,,,,"A が最適です。

CodeArtifact を中央パッケージ/アーティファクトリポジトリとして使えば、npm/Maven/PyPI などの上流を関連付けて依存をプロキシ＋キャッシュできます（取り込み後は社内キャッシュから高速取得＝ビルド短縮・安定化）。

CodeBuild でビルドし、生成物を セマンティックバージョン（例: 1.4.2）で CodeArtifact に publish すれば、コンパイル済みアーティファクトのバージョニング管理が可能。

パイプライン自体は CodePipeline→CodeBuild の標準構成で容易に統合。

B/D は CodeDeploy/EFS など用途不適、C の “AWS Artifact” は監査資料サービスでアーティファクト保管先ではありません。",,,2025-11-21
DOP-C02-Q375,"ある企業は、AWS CodePipeline のパイプラインを使用してアプリケーションをデプロイしています。アプリケーションの耐障害性をテストするために、AWS Fault Injection Service (AWS FIS) の実験テンプレートを作成しました。DevOps エンジニアは、この実験をパイプラインに統合する必要があります。

この要件を満たすソリューションはどれでしょうか？",FALSE,パイプラインにAWS FISアクションを含む新しいステージを設定します。アクションはAWS FIS実験テンプレートを参照するように設定し、実験を開始するためのアクセス権限をパイプラインに付与します。,FALSE,Amazon EventBridge スケジューラを作成します。スケジューラに AWS FIS 実験を開始する権限を付与します。パイプラインに、EventBridge スケジューラを呼び出すアクションを含む新しいステージを設定します。,FALSE,AWS FIS 実験を開始するための AWS Lambda 関数を作成します。Lambda 関数に実験を開始する権限を付与します。パイプラインに Lambda アクションを含む新しいステージを作成します。Lambda 関数を呼び出すアクションを設定します。,TRUE,AWS FIS 実験テンプレートを Amazon S3 バケットにエクスポートします。AWS FIS 実験を開始するビルドスペックを含む AWS CodeBuild ユニットテストプロジェクトを作成します。実験を開始するためのアクセス権限を CodeBuild プロジェクトに付与します。パイプラインに、CodeBuild ユニットテストプロジェクトを実行するアクションを含む新しいステージを設定します。,FALSE,,,,,"C が最適です。

CodePipeline には ネイティブの FIS アクションは存在しません。

Lambda 関数で fis:StartExperiment を呼び出す実装にし、関数に実験開始権限（fis:StartExperiment と対象テンプレートへのアクセス）を付与。

パイプラインに Lambda アクションのステージを追加すれば、任意のタイミング（本番前など）で FIS 実験を自動実行できます。

A は非対応アクション、B は遠回り、D は CodeBuild を挟んで運用が重くなります。",,,2025-11-21
DOP-C02-Q376,"DevOpsエンジニアがコンテナイメージを構築するためのCI/CDパイプラインを作成しています。エンジニアはコンテナイメージをAmazon Elastic Container Registry（Amazon ECR）に保存し、一般的な脆弱性がないかイメージをスキャンする必要があります。CI/CDパイプラインは、上流のソースコンテナイメージリポジトリの障害に対して耐性を持つ必要があります。

これらの要件を満たすソリューションはどれでしょうか？",FALSE,プライベートレジストリ内にECRプライベートリポジトリを作成し、コンテナイメージを保存し、リポジトリにプッシュされたイメージをスキャンします。プライベートレジストリにレプリケーションルールを設定し、アップストリームリポジトリからイメージを複製します。,FALSE,パブリックレジストリにECRパブリックリポジトリを作成し、アップストリームソースリポジトリからのイメージをキャッシュします。イメージを保存するためのECRプライベートリポジトリを作成します。イメージがリポジトリにプッシュされたときにイメージをスキャンするようにプライベートリポジトリを設定します。,FALSE,パブリックレジストリにECRパブリックリポジトリを作成します。リポジトリのプルスルーキャッシュルールを設定します。画像を保存するためのECRプライベートリポジトリを作成します。ECRプライベートレジストリで基本的なスキャンを実行するように設定します。,FALSE,コンテナイメージを保存するためのECRプライベートリポジトリをプライベートレジストリ内に作成します。プライベートレジストリの基本スキャンを有効にし、プルスルーキャッシュルールを作成します。,TRUE,,,,,"D が最適です。

ECR プライベートレジストリで自社イメージを保存し、基本スキャン（脆弱性スキャン）を有効化。

プルスルーキャッシュルールをプライベートレジストリに設定して、上流（Docker Hub 等）のベースイメージをキャッシュ ⇒ 上流障害時でもキャッシュから取得でき、パイプラインが堅牢に。

A/B/C はいずれもプルスルーキャッシュの適用場所が不適切（ECR プライベートレジストリで設定する必要がある）か、外部→ECR のレプリケーション前提で非現実的です。",,,2025-11-21
DOP-C02-Q377,"ある企業がAWS上でeコマースウェブサイトを運営しています。現在、ウェブサイトは単一のアベイラビリティゾーンにある単一のAmazon EC2インスタンスでホストされています。MySQLデータベースも同じEC2インスタンスで稼働しています。

ウェブサイトの可用性と耐障害性を向上させるため、アーキテクチャにおける単一障害点を排除する必要があります。ウェブサイトの

設定変更を最小限に抑えながら、これらの要件を満たすソリューションはどれでしょうか？",FALSE,AWS Fargateコンテナを使用してアプリケーションをデプロイします。データベースをAmazon DynamoDBに移行します。Amazon API Gatewayを使用してリクエストをルーティングします。,FALSE,複数のアベイラビリティゾーンにまたがるEC2インスタンスにアプリケーションをデプロイします。EC2インスタンスをApplication Load Balancerの背後にあるAuto Scalingグループに配置します。データベースをAmazon Aurora Multi-AZに移行します。コンテンツ配信にはAmazon CloudFrontを使用します。,TRUE,AWS Elastic Beanstalk を使用して、アプリケーションを複数の AWS リージョンにデプロイします。データベースを Amazon Redshift に移行します。セッション管理には Amazon ElastiCache を使用します。,FALSE,アプリケーションをAWS Lambda関数に移行します。静的コンテンツのホスティングにはAmazon S3を使用します。データベースをAmazon DocumentDB（MongoDB互換）に移行します。,FALSE,,,,,"B が最適です。

複数AZのEC2 + Auto Scaling + ALBでWeb層の単一障害点を排除し、高可用性を実現（設定変更は比較的少ないままLift & Shiftに近い）。

RDS/Aurora Multi-AZ へ移行することでDB層も冗長化し、自動フェイルオーバー対応。

CloudFront で静的配信最適化＆グローバル可用性向上（任意だが有効）。

A/C/D はアプリやDBの種類を大幅変更（DynamoDB/Redshift/DocumentDB・Lambda/Fargate等）となり、要件の「設定変更を最小限」に反します。",,,2025-11-21
DOP-C02-Q378,"ある企業がAWS上でマイクロサービスベースのアプリケーションを開発しています。このアプリケーションは、頻繁にデプロイする必要があるAWS Lambda関数とAmazon Elastic Container Service（Amazon ECS）サービスで構成されています。DevOps

エンジニアは、アプリケーションのすべてのコンポーネントにわたって一貫したデプロイメントソリューションを実装する必要があります。このソリューションは、デプロイメントを自動化し、更新時のダウンタイムを最小限に抑え、アプリケーションの設定データを管理する必要があります。

これらの要件を、最も少ない開発労力で満たすソリューションはどれでしょうか？",FALSE,AWS CloudFormation を使用して、Lambda 関数と ECS サービスの定義とプロビジョニングを行います。すべてのコンポーネントのリソース置換を含むスタック更新を実装します。AWS Secrets Manager を使用して設定データを管理します。,FALSE,AWS CodeDeploy を使用して、Lambda 関数と ECS サービスのデプロイを管理します。Lambda 関数のカナリアデプロイを実装します。ECS サービスのブルー/グリーンデプロイを実装します。AWS Systems Manager パラメータストアを使用して設定データを管理します。,TRUE,AWS Step Functions を使用して、Lambda 関数と ECS サービスのデプロイをオーケストレーションします。別の AWS リージョンにある Lambda 関数と ECS サービスには、カナリアデプロイを使用します。AWS Systems Manager パラメータストアを使用して設定データを管理します。,FALSE,AWS Systems Manager を使用して、Lambda 関数と ECS サービスのデプロイを管理します。Lambda 関数の一括デプロイを実装します。ECS サービスのローリングアップデートを実装します。AWS Secrets Manager を使用して設定データを管理します。,FALSE,,,,,"B が最適です。

CodeDeploy は Lambda と ECS のどちらにもネイティブ対応し、

Lambda は カナリア/リニアで段階リリース

ECS は ブルー/グリーンでゼロダウンタイム切替（ALB 連携）
を簡単に実装できます。

自動化（CodePipeline 連携も容易）と 最小ダウンタイムを両立。

設定データは Systems Manager パラメータストアで集中管理（環境別/世代管理/暗号化対応）。

A は置換中心で停止リスク、C はオーケストレーション過剰、D はデプロイ管理の面で統一性・自動化が弱いです。",,,2025-11-21
DOP-C02-Q379,ある企業がAWS CodePipelineとAWS CodeBuildを用いて、アプリケーションのCI/CDパイプラインを実装しようとしています。コードを本番環境にデプロイする前に、ユニットテストを実行し、コードカバレッジレポートを自動生成するソリューションが必要です。コードカバレッジが80%未満の場合は、CI/CDパイプラインの実行を失敗させる必要があります。 これらの要件を満たすソリューションはどれでしょうか？,FALSE,ユニットテストを実行し、コードカバレッジレポートを生成するAWS Lambda関数を作成します。CodePipelineパイプラインのステージにLambda呼び出しアクションを追加します。Amazon EventBridgeのスケジュールルールを作成し、1時間ごとに実行してLambda関数の出力を監視します。カバレッジが80%未満の場合はパイプラインを失敗させるようにルールを設定します。,FALSE,ユニットテストを実行し、コードカバレッジレポートを生成するAWS Step Functionsワークフローを作成します。CodePipelineパイプラインのステージにStep Functionsのテストアクションを追加して、ワークフローを呼び出します。コードカバレッジが80%未満の場合はワークフローを失敗するように設定してください。,FALSE,ユニットテストを実行し、コードカバレッジレポートを生成するコマンドを含むbuildspec.ymlファイルを含むCodeBuildプロジェクトを作成します。CodePipelineパイプラインのステージにCodeBuildテストアクションを追加します。ソースアクションのソースアーティファクトを入力として使用するようにCodeBuildテストアクションを設定します。カバレッジが80%未満の場合はビルドを失敗させるようにbuildspec.ymlファイルを変更します。,TRUE,Jenkins をインストールした CodeBuild プロジェクトを作成します。Jenkins を設定してユニットテストを実行し、コードカバレッジレポートを生成します。CodePipeline パイプラインのステージに Jenkins テストアクションを追加します。Jenkins テストアクションを設定して、カバレッジレポートを出力アーティファクトとして出力します。コードカバレッジが 80% 未満の場合にパイプラインを失敗させる承認アクションを設定します。,FALSE,,,,,"C が最適です。

CodeBuild のテスト用プロジェクトで buildspec.yml にユニットテスト＋カバレッジ生成コマンドを記述。

しきい値（80%）未満なら スクリプトで非ゼロ終了コードを返し、ビルド失敗 → パイプライン停止。

CodePipeline には CodeBuild テストアクションを追加し、ソースアーティファクトを入力に設定。

追加の基盤（Lambda/Step Functions/Jenkins）不要で、運用負担が最小。",,,2025-11-21
DOP-C02-Q380,"ある企業では、トランザクションのメタデータを含むログと、各ログの成功または失敗のステータスを発行するウェブアプリケーションを運用しています。ログはJSON形式で保存されています。アプリケーションは、ログをAmazon CloudWatch Logsのロググループに発行します。

この企業は、成功したトランザクションの数を表示するダッシュボードを作成したいと考えています。

この要件を、運用オーバーヘッドが最も少ないソリューションで満たせるでしょうか？",FALSE,Amazon OpenSearch Service クラスターと OpenSearch Service サブスクリプションフィルターを作成し、ロググループデータをクラスターに送信します。OpenSearch Service クラスターのダッシュボード機能内に、成功ステータスのトランザクションを検索するクエリを使用してダッシュボードを作成します。,FALSE,AWS Lambda関数を使用するロググループ用のCloudWatchサブスクリプションフィルターを作成します。Lambda関数を設定してJSONログを解析し、成功ステータスのトランザクションのカスタムメトリクスをCloudWatchにパブリッシュします。カスタムメトリクスを表示するメトリクスグラフを使用して、CloudWatchダッシュボードを作成します。,FALSE,ロググループ用の CloudWatch メトリクスフィルタを作成します。フィルタパターンはトランザクションステータスプロパティに一致し、値は success です。新しいメトリクスを表示するメトリクスグラフを使用して、CloudWatch ダッシュボードを作成します。,TRUE,ロググループにサブスクライブする Amazon Kinesis データストリームを作成します。データストリームを設定して、受信ログデータを成功ステータスに基づいてフィルタリングし、フィルタリングされたログを AWS Lambda 関数に送信します。Lambda 関数を設定して、カスタムメトリクスを CloudWatch にパブリッシュします。カスタムメトリクスを表示するメトリクスグラフを使用して、CloudWatch ダッシュボードを作成します。,FALSE,,,,,"C が最も運用オーバーヘッドが小さい解です。
CloudWatch Logs のメトリクスフィルタで JSON キー（例：$.status）が ""success"" に一致する行をカウントするメトリクスを作成し、そのメトリクスを CloudWatch ダッシュボードで可視化すればOK。追加基盤や Lambda 処理が不要で、設定だけで実現できます。",,,2025-11-21
DOP-C02-Q381,"ある企業は、Amazon API GatewayとAWS Lambda関数を使用してAPIを実装しています。この企業は、AWS CodePipelineのパイプラインを使用してAPIを構築およびデプロイしています。パイプラインには、ソースステージ、ビルドステージ、デプロイステージが含まれています。この企業は、スモークテストを実行せずにAPIをデプロイしました。デプロイ後すぐに、APIに複数の問題があることがわかりました。セキュリティ監査で、本番環境のコードにセキュリティ上の脆弱性が見つかりました。

企業は、これらの問題が将来的に発生しないようにしたいと考えています。

この要件を満たす手順の組み合わせはどれですか？（2つ選択してください。）",TRUE,APIコードがテストに失敗した場合、エラーコードを返すスモークテストスクリプトを作成します。デプロイメントステージに、デプロイメント後にスモークテストスクリプトを実行するアクションを追加します。デプロイメントステージで自動ロールバックを設定します。,TRUE,APIコードがテストに失敗した場合、エラーコードを返すスモークテストスクリプトを作成します。デプロイメントステージに、デプロイメント後にスモークテストスクリプトを実行するアクションを追加します。スモークテストスクリプトがエラーコードを返した場合、デプロイメントステージが失敗するように設定してください。,FALSE,ビルドステージに、コードのビルド後にAmazon Inspectorを使用してLambda関数のコードをスキャンするアクションを追加します。スキャンでセキュリティ上の問題が見つかった場合、ビルドステージを失敗するように設定してください。,FALSE,ビルドステージにアクションを追加し、コードのビルド後にAmazon CodeGuruのコードスキャンを実行します。スキャンでセキュリティ上の問題が見つかった場合は、ビルドステージを失敗するように設定してください。,TRUE,デプロイ後にAmazon CodeGuruのコードスキャンを実行するアクションをデプロイステージに追加します。スキャンでセキュリティ上の問題が見つかった場合、デプロイステージが失敗するように設定します。,FALSE,,,"A と D です。

A: デプロイ後にスモークテストを自動実行し、失敗時はデプロイ段階で自動ロールバック（CodeDeploy の自動ロールバック/アラーム連携）で即座に戻せます。将来の本番不具合を最小化。

D: ビルドステージで Amazon CodeGuru（CodeGuru Security/Reviewer） のコードスキャンを実行し、脆弱性検出時はビルド失敗として本番到達をブロック。

※C（Inspector）はビルド段階でのコードスキャン用途ではなく、E（デプロイ後スキャン）は手遅れになりがちです。",,,2025-11-21
DOP-C02-Q382,"ある企業は、AWSアカウント全体に標準化されたセキュリティベースラインを導入しようとしています。これらのアカウントはAWS Organizations内の組織に属しています。

この企業は、組織内の既存および将来のすべてのアカウントに、一貫したIAMロールとポリシーを適用する必要があります。

これらの要件を最も効率的に満たすソリューションはどれでしょうか？",FALSE,管理アカウントでAWS Control Towerを有効にします。AWS Control Tower Account Factoryのカスタマイズを設定して、必要なIAMロールとポリシーをすべてのアカウントにデプロイします。,FALSE,Organizations で AWS CloudFormation StackSets への信頼されたアクセスを有効化します。管理アカウントで、必要な IAM ロールとポリシーをすべてのアカウントにデプロイするためのサービスマネージド権限を持つスタックセットを作成します。スタックセットの自動デプロイを有効にします。,TRUE,各メンバーアカウントに、リソースの作成と管理権限を持つIAMロールを作成します。管理アカウントでは、必要なIAMロールとポリシーをすべてのアカウントにデプロイするためのセルフマネージド権限を持つAWS CloudFormationスタックセットを作成します。スタックセットの自動デプロイを有効にします。,FALSE,管理アカウントで、AWS CodePipeline パイプラインを作成します。パイプラインは、AWS CloudFormation を使用して必要な IAM ロールとポリシーのデプロイを自動化するように設定します。CodePipeline がメンバーアカウントにリソースをデプロイできるように、クロスアカウント IAM ロールを設定します。,FALSE,,,,,"B が最も効率的です。

Organizations と連携した CloudFormation StackSets（サービス管理権限）を使うと、指定 OU 配下の既存＆将来作成される全アカウントへ、IAM ロール／ポリシーを自動デプロイできます（自動登録・自動更新対応）。

追加のクロスアカウント運用や手動ロール作成が不要で、標準化を一元管理可能。

A は Control Tower 導入のオーバーヘッドが大きい、C はセルフマネージドで前提ロール作成が必要、D はパイプライン運用が増えて非効率です。",,,2025-11-21
DOP-C02-Q383,ある企業がウェブアプリケーションをAWSに移行しています。このアプリケーションはリアルタイム更新のためにWebSocket接続を使用し、スティッキーセッションを必要とします。DevOpsエンジニアは、このアプリケーションに高可用性アーキテクチャを実装する必要があります。アプリケーションは、世界中のユーザーが可能な限り最小限のレイテンシでアクセスできるようにする必要があります。 これらの要件を、運用オーバーヘッドを最小限に抑えながら満たすソリューションはどれでしょうか？,FALSE,アプリケーションロードバランサー（ALB）をデプロイします。別のAWSリージョンに別のALBをデプロイします。ALBでクロスゾーンロードバランシングとスティッキーセッションを有効にします。ALBをAmazon Route 53のレイテンシーベースルーティングと統合します。,TRUE,ネットワークロードバランサー（NLB）をデプロイします。別のAWSリージョンに別のNLBをデプロイします。NLBでクロスゾーンロードバランシングとスティッキーセッションを有効にします。NLBをAmazon Route 53の位置情報ルーティングと統合します。,FALSE,クロスゾーン負荷分散を有効にしたネットワークロードバランサー（NLB）をデプロイします。複数のアベイラビリティゾーンにIPベースのターゲットを設定し、NLBを構成します。Amazon CloudFrontを使用してグローバルコンテンツ配信を行います。NLBで送信元IPアドレスの保持機能を使用することで、スティッキーセッションを実装します。,FALSE,HTTPトラフィック用にアプリケーションロードバランサー（ALB）をデプロイします。WebSocket接続用に、社内の各AWSリージョンにネットワークロードバランサー（NLB）をデプロイします。ALBでスティッキーセッションを有効にします。リクエストをNLBに転送するようにALBを設定します。,FALSE,,,,,"A が最適です。


ALB は WebSocket 対応かつ **スティッキーセッション（LB Cookie）**をサポート。


各リージョンに ALB＋複数AZ でデプロイし クロスゾーン負荷分散を有効化すると、単一障害点を排除。


Route 53 のレイテンシーベースルーティングでユーザーを最短レイテンシのリージョンへ誘導し、グローバルに遅延を最小化。


追加の複雑な構成や独自実装が不要で、運用オーバーヘッドも小さい。


B/C は NLB での“スティッキー”が要件に合致せず、D は ALB→NLB の連携が前提から外れ複雑化します。",,,2025-11-21
DOP-C02-Q384,"ある企業では、自社製品ごとにファイルを生成し、本番環境のAmazon S3バケットに保存するワークフローを採​​用しています。企業のユーザーはこのS3バケットにアクセスできます。

各ファイルには製品IDが含まれています。未発表製品の製品IDには、特定のUUIDがプレフィックスとして付与されます。製品IDは12文字で、文字「P」で始まります。

企業は、未発表製品の情報を本番環境のS3バケットで公開することを望んでいません。

これらの要件を満たすソリューションはどれでしょうか？",FALSE,新しいステージングS3バケットを作成します。新しいステージングバケット内のすべてのファイルを生成します。新しいバケット内の特定のUUIDで始まる製品IDを識別するためのAmazon Macieカスタムデータ識別子を作成します。カスタムデータ識別子を使用して、Amazon Macie機密データ検出ジョブを起動します。Macieの検出結果がないすべてのファイルを本番環境のS3バケットにコピーします。,TRUE,特定のUUIDで始まる本番バケット内の製品IDを識別するためのAmazon Macieカスタムデータ識別子を作成します。カスタムデータ識別子を使用して、Amazon Macie機密データ検出ジョブを起動します。Macieの検出結果を持つすべてのファイルを本番S3バケットから削除します。,FALSE,新しいステージングS3バケットを作成します。新しいステージングバケット内のすべてのファイルを生成します。マネージドデータ識別子を使用して、Amazon Macieの機密データ検出ジョブを起動します。Macieの検出結果がないすべてのファイルを本番環境のS3バケットにコピーします。,FALSE,マネージドデータ識別子を使用して、Amazon Macie 機密データ検出ジョブを作成します。本番環境の S3 バケットから、Macie 検出結果を持つすべてのファイルを削除します。,FALSE,,,,,"A が最適です。

未発表品は「特定の UUID がプレフィックス」という独自パターンなので、Macie のカスタムデータ識別子で正確に検知できます（管理識別子では不可→Cは不適）。

ステージング S3で先にスキャンし、検出なしのファイルだけを本番へコピーすれば、未公開情報の混入を事前に防止できます。

B/D のように本番で検出して削除は、露出後対応となりリスクが高いです。",,,2025-11-21
DOP-C02-Q385,"ある企業は、アプリケーションのプライマリデータベースとして Amazon RDS for Microsoft SQL Server を使用しています。同社は、AWS リージョン内およびリージョン間で高可用性を確保する必要があります。

データベースエンドポイントには Amazon Route 53 CNAME レコードが設定されています。アプリケーションはデータベースエンドポイントに接続します。フェイルオーバーイベント発生時には、アプリケーショントラフィックをスタンバイデータベースにリダイレクトする必要があります。また、RPO は 1 分未満、RTO は 10 分未満を維持する必要があります。

これらの要件を満たすソリューションはどれでしょうか？",FALSE,ク​​ロスリージョンリードレプリカを使用する Amazon RDS for SQL Server マルチ AZ DB クラスターデプロイメントをデプロイします。自動化を使用して、リードレプリカをスタンドアロンインスタンスに昇格し、Route 53 レコードを更新します。,TRUE,Amazon RDS for SQL Server のマルチ AZ DB クラスターをデプロイします。5 分ごとに別のリージョンにコピーされる自動スナップショットを設定します。フェイルオーバー時には、AWS Lambda を使用してセカンダリリージョンに最新のスナップショットを復元します。,FALSE,Amazon RDS for SQL Server のシングル AZ DB インスタンスをデプロイします。AWS Database Migration Service (AWS DMS) を使用して、別のリージョンにある RDS DB インスタンスにデータを継続的にレプリケーションします。Amazon CloudWatch アラームを使用して、フェイルオーバーイベントを通知します。,FALSE,Amazon RDS for SQL Server のシングル AZ DB インスタンスをデプロイします。AWS Backup を設定して、30 秒ごとにクロスリージョンバックアップを作成します。自動化機能を使用して、最新のバックアップを復元し、フェイルオーバー時に Route 53 レコードを更新します。,FALSE,,,,,"正解は A です。

要件を整理すると：

RPO < 1分（ほぼリアルタイムでのデータ保護）
RTO < 10分
同一リージョン内の高可用性（インスタンス障害など）
リージョン間の高可用性（リージョン障害を想定）
フェイルオーバ時は、Route 53 の CNAME で接続先を切り替える

各選択肢を見ていくと：
A. マルチAZ DB クラスター + クロスリージョンリードレプリカ
同一リージョン内
Multi-AZ DB クラスターにより、リージョン内で自動フェイルオーバが行われ、高可用性を確保。
別リージョン
クロスリージョンリードレプリカはほぼリアルタイムでレプリケーションされるため、RPO < 1分を十分狙える。
フェイルオーバ時には自動化（Lambda など）でリードレプリカを昇格

Route 53 の CNAME を新しいプライマリに更新
→ スクリプト次第ですが、RTO < 10分も現実的。

要件（RPO/RTO、リージョン内＆リージョン間HA）をすべて満たしているのはこれだけです。

B. マルチAZ + 5分ごとのスナップショットコピー
スナップショットは5分ごとなので、理論上の RPO は最大5分 → 「1分未満」条件を満たせない。
スナップショットからの復元は数分〜十数分かかることもあり、RTO < 10分もかなり怪しい。
よって要件 NG。

C. シングルAZ + DMSでクロスリージョンレプリケーション
プライマリが シングルAZ なので、リージョン内の高可用性がない（AZ障害で即アウト）。
DMS によるレプリケーションで RPO は悪くないが、「リージョン内HA」が要件を満たさないので NG。

D. シングルAZ + AWS Backup を 30秒ごと
まず、AWS Backup を30秒ごとという前提自体が非現実的。
それ以前に、これもシングルAZなのでリージョン内 HA を満たせない。


バックアップからの復元もスナップショット同様に時間がかかるので、RTO/RPO要件的にも厳しい。



まとめ


リージョン内 HA → RDS Multi-AZ DB クラスター


リージョン間 HA + RPO<1分 → クロスリージョンリードレプリカ（ほぼリアルタイム）


フェイルオーバ時 → 自動化でレプリカ昇格 + Route 53 CNAME 更新


以上から、A が唯一、要件をすべて満たす選択肢です。
",,,2025-11-21
DOP-C02-Q386,"ある企業は、標準AMIを毎月更新するためのパイプラインを構築したいと考えています。起動したAmazon EC2インスタンスを最新の状態に保つため、AMIは最新のパッチを適用して更新する必要があります。新しいAMIは、AWS Organizations内の企業組織内のすべてのAWSアカウントで利用できる必要があります。

そのため、AMIを構築するための自動化パイプラインを設定する必要があります。

これらの要件を最も効率的に満たすソリューションはどれでしょうか？",FALSE,AWS CodeBuild を使用する AWS CodePipeline パイプラインを作成します。パイプラインを毎月実行する AWS Lambda 関数を作成します。AWS CloudFormation テンプレートを作成します。組織内のすべての AWS アカウントとテンプレートを共有します。,FALSE,EC2 Image Builder を使用して AMI パイプラインを作成します。組織内の AWS アカウントに AMI を配布するようにパイプラインを設定します。パイプラインを毎月実行するように設定します。,TRUE,AWS Lambda関数を実行してAMIを構築するAWS CodePipelineパイプラインを作成します。組織内のAWSアカウントとAMIを共有するようにパイプラインを設定します。Amazon EventBridge Schedulerを設定して、パイプラインを毎月起動します。,FALSE,AWS Systems Manager Automation の Runbook を作成します。組織内のすべての AWS アカウントで実行されるように自動化を設定します。自動化を毎月実行する AWS Lambda 関数を作成します。,FALSE,,,,,"B が最適です。
EC2 Image Builderは AMI の作成・パッチ適用・テスト・配布までをパイプラインで自動化可能。
**スケジュール実行（月次）**をネイティブに設定でき、Organizations/OU 単位での AMI 共有・配布にも対応。
CodeBuild/Lambda/独自Runbook連携を作るより運用オーバーヘッドが小さく、要件（最新パッチ適用・全アカウント配布・毎月更新）を一括で満たします。",,,2025-11-21
DOP-C02-Q387,"ある企業では、Amazon API Gateway REST API、AWS Lambda 関数、Amazon DynamoDB テーブルを使用するアプリケーションを運用しています。現在、このアプリケーションは単一の AWS リージョンで実行されています。この企業は、2 つのリージョンにまたがってアプリケーションの高可用性を実現したいと考えています。ユーザートラフィックは、レイテンシーが最も少ないリージョンにルーティングする必要があります。

これらの要件を満たす手順の組み合わせはどれですか（3 つ選択してください）。",TRUE,2 番目のリージョンに DynamoDB テーブルのレプリカを作成します。,TRUE,DynamoDB テーブルのグローバルセカンダリインデックスを作成します。,FALSE,2 番目のリージョンに REST API と Lambda 関数のコピーを作成します。,TRUE,Amazon Route 53 でヘルスチェックを作成します。フェイルオーバールーティングポリシーを含む DNS レコードを作成します。,FALSE,Amazon Route 53 でヘルスチェックを作成します。レイテンシールーティングポリシーを含む DNS レコードを作成します。,TRUE,複数値回答ルーティングポリシーを含む DNS レコードを Amazon Route 53 に作成します。,FALSE,"A・C・E です。

A: DynamoDB をマルチリージョン可用にするには **グローバルテーブル（レプリカ追加）**が最適。

C: API Gateway と Lambda も 2つ目のリージョンに同構成をデプロイしてアクティブ-アクティブ化。

E: Route 53 のレイテンシーベースルーティング＋ヘルスチェックで、ユーザーを最も遅延の小さい健全リージョンへ誘導。

※B の GSI はマルチリージョン複製ではなく目的外、D（フェイルオーバー）/F（複数値）は「最小レイテンシ」要件に適しません。",,,2025-11-21
DOP-C02-Q388,"ある企業は、Amazon EC2 インスタンスでホストされているウェブアプリケーションを所有しています。このアプリケーションは複数の AWS リージョンにデプロイされています。

このアプリケーションは、WebSocket ベースのリアルタイム製品アップデートなどの動的コンテンツで構成されています。同社はすべての DNS レコードの管理に Amazon Route 53 を使用しています。

このアプリケーションへのマルチリージョンアクセスを、最もレイテンシーの低い状態で提供できるソリューションはどれでしょうか？",FALSE,各リージョンのEC2インスタンスの前面にApplication Load Balancer（ALB）をデプロイします。レイテンシーベースのルーティングポリシーを持つRoute 53 Aレコードを作成します。レコードの値としてALBのIPアドレスを追加します。,FALSE,各リージョンのEC2インスタンスの手前にアプリケーションロードバランサー（ALB）をデプロイします。ALBをオリジンとして含むオリジングループを持つAmazon CloudFrontディストリビューションをデプロイします。CloudFrontディストリビューションのDNSアドレスを指すRoute 53エイリアスレコードを作成します。,FALSE,各リージョンのEC2インスタンスの前にネットワークロードバランサー（NLB）をデプロイします。複数値ルーティングポリシーを持つRoute 53 Aレコードを作成します。レコードの値として、NLBのIPアドレスを追加します。,FALSE,各リージョンのEC2インスタンスの前にネットワークロードバランサー（NLB）をデプロイします。各NLBのエンドポイントグループを持つAWS Global Accelerator標準アクセラレータをデプロイします。アクセラレータのDNSアドレスを指すRoute 53エイリアスレコードを作成します。,TRUE,,,,,"D が最適です。

AWS Global Accelerator は Anycast でクライアントから最寄りのエッジへ取り込み、リージョン間を 最短経路で最適ルーティング＋高速フェイルオーバー。

NLB を各リージョンのエンドポイントにすれば、TCP/HTTPS/WebSocket をそのまま終端先へパスでき、リアルタイム更新にも適合。

A は ALB の IP を Route 53 に直接登録できない／レイテンシールーティングのみで経路最適化が限定的。

B は CloudFront がマルチリージョン ALB をレイテンシで自動選択できず、主に静的配信向き。

C の複数値応答は ランダム分散＋ヘルスチェックで、レイテンシ最小化にならない。",,,2025-11-21
DOP-C02-Q389,"ある企業は、AWS Organizations と AWS Control Tower を使用してマルチアカウント環境を管理しています。この企業は、すべての AWS アカウントと AWS リージョンに標準化されたセキュリティ管理とコンプライアンスポリシーを導入する必要があります。これらの管理に対する変更は、すべてのアカウントに同時に自動的に適用される必要があります。

この企業では、必要なセキュリティ管理とコンプライアンスポリシーが、セキュリティ管理の構成要素として AWS Cloud Development Kit (AWS CDK) に定義されています。

これらの管理をすべてのアカウントとリージョンに、運用オーバーヘッドを最小限に抑えて導入できるソリューションはどれでしょうか。",FALSE,AWS CloudFormation StackSets コンストラクトを含む AWS CDK アプリを作成します。セキュリティコントロールコンストラクトをテンプレートとして使用するように StackSets コンストラクトを設定します。ターゲットアカウントとリージョンを指定します。CDK アプリをデプロイして CloudFormation スタックセットを作成および管理するための自動化を作成します。,TRUE,セキュリティコントロール構造からAWS CloudFormationテンプレートを合成するAWS CDKアプリを作成します。Amazon EventBridgeを使用してAWS Lambda関数を呼び出し、セキュリティコントロール構造に変更があった際にCloudFormationスタックセットを更新します。,FALSE,セキュリティコントロール構造をAWS CloudFormationマクロに変換します。マクロを参照し、すべてのターゲットアカウントにマクロをデプロイするCloudFormationスタックセットを作成します。Organizationsを使用して、新しいアカウントをスタックセットのターゲットアカウントリストに自動的に追加します。,FALSE,AWS Control Tower を使用して、セキュリティコントロールコンストラクトの設定を含むカスタマイズされたランディングゾーンを作成します。AWS Control Tower を設定して、新しいアカウントを自動的に登録し、ランディングゾーンテンプレートを適用します。,FALSE,,,,,"A が最も適切です。

CDK で StackSets を組み込むと、CDKのセキュリティ管理コンストラクトから CloudFormation StackSet を生成・更新でき、指定OU/アカウント/リージョンへ一括適用できます。

Organizations 連携のサービス管理権限と 自動デプロイを使えば、新規アカウント追加時も自動反映、変更も 一度の更新で全体へ同期でき、運用オーバーヘッドが最小。

B はイベント連携が過剰、C はマクロ化が不要、D は Control Tower 単体ではカスタムCDKを全アカウントへ配布する仕組みがなく（CfCT 等の別仕組みが必要）、要件に対して冗長です。",,,2025-11-21
DOP-C02-Q390,"ある企業は、開発用AWSアカウントと本番用AWSアカウントにまたがる様々なプロジェクトの共有ライブラリを管理する必要があります。開発者向けにIAMロールを設定し、AWS Cloud Development Kit (AWS CDK) を使用してAWS CodePipelineパイプラインを定義しました。DevOps

エンジニアは、開発者のみが最新バージョンのライブラリにアクセスできるようにするソリューションを実装する必要があります。このソリューションでは、共有パッケージが他のアプリケーションで使用される前、および本番環境に移行する前に、共有パッケージを個別にテストする必要があります。

これらの要件を満たすソリューションはどれでしょうか？",FALSE,開発用と本番用の単一のAWS CodeArtifactリポジトリを、中央アカウントに作成します。開発者ロールのIAMポリシーを使用して、共有ライブラリへのアクセスを開発者のみに許可します。AWS CodeBuildプロジェクトを開始し、本番環境リポジトリにコピーする前に各パッケージをテストするためのAmazon EventBridgeロールを作成します。,FALSE,開発アカウントにAWS CodeArtifactリポジトリを作成します。本番アカウントにもCodeArtifactリポジトリを作成します。開発リポジトリには、開発者のみが共有ライブラリにアクセスできるようにするリポジトリポリシーを追加します。CodePipelineパイプラインを開始し、本番リポジトリにコピーする前に各パッケージをテストするためのAmazon EventBridgeルールを作成します。,TRUE,開発環境と本番環境用に、バージョン管理を有効にした単一のAmazon S3バケットを中央アカウントに作成します。開発者ロールのIAMポリシーを使用して、開発者のみが共有ライブラリにアクセスできるようにします。Amazon EventBridgeルールを作成し、AWS CodeBuildプロジェクトを開始し、本番環境にコピーする前に各パッケージをテストします。,FALSE,開発アカウントで、バージョニングを有効にした Amazon S3 バケットを作成します。本番アカウントでも、バージョニングを有効にした別の S3 バケットを作成します。開発用 S3 バケットには、開発者のみが共有ライブラリにアクセスできるようにするバケットポリシーを追加します。CodePipeline パイプラインを開始するための Amazon EventBridge ロールを作成します。このロールは、パッケージが本番環境にコピーされる際に各パッケージをテストし、テストが失敗した場合は変更を元に戻すように設定してください。,FALSE,,,,,"B が最適です。

CodeArtifact を開発/本番で別リポジトリ運用にすることで、開発者のみがアクセスできる「開発リポジトリ」と、本番アプリが参照する「本番リポジトリ」を分離でき、アクセス制御と段階的リリースが明確。

リポジトリポリシーで開発側は開発者ロールのみに限定、本番側は本番パイプラインや実行ロールのみに限定。

CodePipeline + EventBridge でトリガし、**CodeBuild テストが合格したパッケージのみを本番リポジトリへプロモート（コピー/再公開）**するワークフローを構成できるため、「他アプリで使う前・本番へ移行前の個別テスト」要件を満たします。

A は単一リポジトリで段階分離が弱い、C/D の S3 はパッケージ管理（解決・権限・メタデータ）の面で不向きです。",,,2025-11-21